-0.09184534592250253,0.006798224834416274,-0.45735884069691213
-0.09184534592250253,0.006816661453961488,-0.4583895595753792
-0.09184534592250253,0.007078066320948002,-0.45702498782469236
-0.09184534592250253,0.00704997526309278,-0.4614114419952632
-0.09184534592250253,0.007200133425337003,-0.4594324807180544
-0.09184534592250253,0.007169636381863024,-0.46184244872717717
-0.09184534592250253,0.007603090165327526,-0.4563773516706505
-0.09184534592250253,0.007923566019622845,-0.46107105076233024
-0.09184534592250253,0.008013529422137011,-0.46025101930457935
-0.09184534592250253,0.008294120072966087,-0.4607698765099275
-0.09184534592250253,0.008639346536250925,-0.4554856009762901
-0.09184534592250253,0.008945583697114252,-0.4533071037719406
-0.09184534592250253,0.009307915724102882,-0.45273834681136904
-0.09184534592250253,0.00924862959354153,-0.45402041935282444
-0.09184534592250253,0.009232347118772088,-0.4547157737313174
-0.09184534592250253,0.0097526009342159,-0.4520122037269751
-0.09184534592250253,0.009755641108983873,-0.45234582551588176
-0.09184534592250253,0.009389905717673862,-0.46160904070459785
-0.09184534592250253,0.010040751714783466,-0.4520847330694744
-0.09184534592250253,0.009725542560748427,-0.46188660438252815
-0.09184534592250253,0.009982084231663153,-0.4615901806731859
-0.09184534592250253,0.010633857018468022,-0.462251378955744
-0.09184534592250253,0.010713649696884979,-0.46112336122434794
-0.09184534592250253,0.010941334092676367,-0.46134164862792937
-0.09184534592250253,0.011170871843325644,-0.4623089479208235
-0.09184534592250253,0.01126264324959643,-0.4609552978369748
-0.09184534592250253,0.011411158891932612,-0.4611714468237489
-0.09184534592250253,0.011475706168633606,-0.4616015540719537
-0.09184534592250253,0.011639125180137891,-0.4615231324394573
-0.09184534592250253,0.01183317183206626,-0.45837313326394535
-0.09184534592250253,0.011753906995618565,-0.4611814954718958
-0.09184534592250253,0.011786243705570264,-0.4622163701695044
-0.09184534592250253,0.012132665886099379,-0.4593137255066122
-0.09184534592250253,0.012307860138988016,-0.46052415375817335
-0.09184534592250253,0.012400056118049996,-0.4622005661936197
-0.09184534592250253,0.012454441405938405,-0.4617300919199432
-0.09184534592250253,0.012455194207709287,-0.46179851532312355
-0.09184534592250253,0.012508620996181205,-0.46081196187841605
-0.09184534592250253,0.012518616915669231,-0.4609218924990969
-0.09184534592250253,0.01262435092348229,-0.4602547147091315
-0.09184534592250253,0.012789525573157729,-0.4571525138877374
-0.09184534592250253,0.012720980570635105,-0.46084168375513995
-0.09184534592250253,0.012711093796035099,-0.46210021134439205
-0.09184534592250253,0.012841705970676645,-0.46160505470120994
-0.09184534592250253,0.013128965922087801,-0.4611511679865908
-0.09184534592250253,0.013186473551906445,-0.46185539199698655
-0.09184534592250253,0.013238355265496025,-0.4619515685465009
-0.09184534592250253,0.013371622796409043,-0.460640633253783
-0.09184534592250253,0.013600282557170537,-0.4562278093706382
-0.09184534592250253,0.013479470086963194,-0.4606257959555009
-0.09184534592250253,0.013451247838021697,-0.4617775241622795
-0.09184534592250253,0.013520132180930556,-0.4617483178863396
-0.09184534592250253,0.013675593257949665,-0.4607424213634187
-0.09184534592250253,0.013763935528524122,-0.46082581029542435
-0.09184534592250253,0.013844891871564301,-0.46059181704971197
-0.09184534592250253,0.013914358513199117,-0.4599370310005184
-0.09184534592250253,0.01382644475334965,-0.46177627085813405
-0.09184534592250253,0.013864003875196807,-0.4617652439988506
-0.09184534592250253,0.013967828519979061,-0.4607523976895481
-0.09184534592250253,0.014068231630152476,-0.4598418451655078
-0.09184534592250253,0.014382875740721151,-0.46048677824999895
-0.09184534592250253,0.014414224223856017,-0.46030571310798307
-0.09184534592250253,0.014380669801811796,-0.4611014669330685
-0.09184534592250253,0.01466895976643122,-0.45540450375975305
-0.09184534592250253,0.01488122460687747,-0.4546789955988498
-0.09184534592250253,0.014537090840327706,-0.4624317589983866
-0.09184534592250253,0.01478412530529128,-0.46125768963804803
-0.09184534592250253,0.014903479942206546,-0.4604836503265528
-0.09184534592250253,0.014935132492734489,-0.459862019953589
-0.09184534592250253,0.01502144273160113,-0.45925182973176176
-0.09184534592250253,0.015340725934884773,-0.45392314547538104
-0.09184534592250253,0.01518167552872372,-0.4587041944979775
-0.09184534592250253,0.01520162555352413,-0.45872533497612167
-0.09184534592250253,0.01518811786489847,-0.4593352850036436
-0.09184534592250253,0.01506595365465127,-0.46208283475421813
-0.09184534592250253,0.015513058845757773,-0.4532582408743162
-0.09184534592250253,0.015064569518874138,-0.46305155925399455
-0.09184534592250253,0.01520939279523309,-0.4604885410164375
-0.09184534592250253,0.015083539809434027,-0.46338813438634635
-0.09184534592250253,0.015626610424316376,-0.45267451542248316
-0.09184534592250253,0.015669718458465404,-0.45194165008841847
-0.09184534592250253,0.015805442552873014,-0.4520504699089209
-0.09184534592250253,0.01557481365215866,-0.45708301645789284
-0.09184534592250253,0.015410242142912547,-0.46044424698209885
-0.09184534592250253,0.015477514633733595,-0.4597783579020121
-0.09184534592250253,0.015526326558026673,-0.4593207524545161
-0.09184534592250253,0.015974302775004126,-0.45225914820470325
-0.09184534592250253,0.015498397288745226,-0.46212661149734746
-0.09184534592250253,0.015628058035958348,-0.46012651469329946
-0.09184534592250253,0.015730707315529474,-0.4581720134373238
-0.09184534592250253,0.015752492157198237,-0.46287927563723524
-0.09184534592250253,0.015861005557014106,-0.46118092203973315
-0.09184534592250253,0.01603612096994559,-0.45889655670495166
-0.09184534592250253,0.016024197830618266,-0.46148372478900834
-0.09184534592250253,0.0159908933942151,-0.46355701922980436
-0.09184534592250253,0.01628294771194564,-0.45932081868019653
-0.09184534592250253,0.01629761548362211,-0.45970066851799407
-0.09184534592250253,0.016465633301988355,-0.4572074593551568
-0.09184534592250253,0.016309698693920807,-0.4618820629658209
-0.09184534592250253,0.016498503546864086,-0.4608257957626075
-0.09184534592250253,0.016555280510754496,-0.4602846369353575
-0.09184534592250253,0.016596976344925393,-0.4617417923849195
-0.09184534592250253,0.016692501336135385,-0.4603301541012844
-0.09184534592250253,0.016815609828992144,-0.4601746758746777
-0.09184534592250253,0.016899906609045428,-0.4591025291557095
-0.09184534592250253,0.016871230781683462,-0.4600356321861129
-0.09184534592250253,0.01689405801813057,-0.4595850562748923
-0.09184534592250253,0.017172864541412283,-0.4585867352915857
-0.09184534592250253,0.017164229644060836,-0.45971780669854667
-0.09184534592250253,0.01714175438401068,-0.460750135456504
-0.09184534592250253,0.017278343981725727,-0.46043094255725886
-0.09184534592250253,0.017333870178682362,-0.46042253830234553
-0.09184534592250253,0.017378013351505895,-0.4610110929543626
-0.09184534592250253,0.01764055520531877,-0.456852541804865
-0.09184534592250253,0.017464729991964016,-0.4623465463417469
-0.09184534592250253,0.017993907893468393,-0.46016768461511404
-0.09184534592250253,0.01812799545451255,-0.45825714716567156
-0.09184534592250253,0.018002208510017995,-0.4622682917690646
-0.09184534592250253,0.018145115638669787,-0.46028897251356193
-0.09184534592250253,0.01815470947531359,-0.46013076689882754
-0.09184534592250253,0.018056525477743748,-0.4622541654682528
-0.09184534592250253,0.018284776985706103,-0.45853364781669115
-0.09184534592250253,0.018196036606034305,-0.460442213113602
-0.09184534592250253,0.01827967220244079,-0.4607331873191752
-0.09184534592250253,0.018644275914712717,-0.4578221787378569
-0.09184534592250253,0.018538850425496002,-0.46022142136730365
-0.09184534592250253,0.018891595581258983,-0.45753033770288754
-0.09184534592250253,0.018908237084334253,-0.46049518931694466
-0.09184534592250253,0.019068624888739588,-0.45969080233665405
-0.09184534592250253,0.019134898212569112,-0.46051074528645125
-0.09184534592250253,0.019408718693562612,-0.455917055679792
-0.09184534592250253,0.019103492837380977,-0.4624268462332933
-0.09184534592250253,0.019331983189299067,-0.45844989817030923
-0.09184534592250253,0.019343198383386946,-0.4598842828923321
-0.09184534592250253,0.019631806304314346,-0.45954486455375243
-0.09184534592250253,0.019665576884590773,-0.4588919274036703
-0.09184534592250253,0.01965899866845976,-0.4598251228662937
-0.09184534592250253,0.01963709533829091,-0.46074517436666285
-0.09184534592250253,0.019725130816281283,-0.4597877033386305
-0.09184534592250253,0.020219648551462646,-0.45684989948133836
-0.09184534592250253,0.02027847161526977,-0.4576980443563127
-0.09184534592250253,0.02028790922374946,-0.45806402031591265
-0.09184534592250253,0.020279039415346728,-0.45846977041825376
-0.09184534592250253,0.020553765841939346,-0.4551726979704409
-0.09184534592250253,0.020572277810528863,-0.4575629206266069
-0.09184534592250253,0.020745292544073608,-0.4595704373335252
-0.09184534592250253,0.021009090413302494,-0.4544625797080216
-0.09184534592250253,0.02082090956193509,-0.46106319988768196
-0.09184534592250253,0.021491138479144398,-0.45185507379565193
-0.09184534592250253,0.021569650800348596,-0.4519178646675713
-0.09184534592250253,0.021309670886594783,-0.45745522442562137
-0.09184534592250253,0.021506923685884805,-0.4537707862846688
-0.09184534592250253,0.021634377123384507,-0.45254214763793144
-0.09184534592250253,0.0212579753810542,-0.4605589111615434
-0.09184534592250253,0.021684333562783636,-0.4531307679295872
-0.09184534592250253,0.02187100279185765,-0.45214629837895626
-0.09184534592250253,0.021560985882138863,-0.4612461337078549
-0.09184534592250253,0.02170993598444841,-0.4595908349553887
-0.09184534592250253,0.021801066751086735,-0.46030281269595597
-0.09184534592250253,0.02193198801571443,-0.46178670395572907
-0.09184534592250253,0.022196727746466544,-0.45960803233653924
-0.09184534592250253,0.022255553356677404,-0.458749263663783
-0.09184534592250253,0.022215224410020072,-0.4615401172814908
-0.09184534592250253,0.022465694593008182,-0.45720784009703697
-0.09184534592250253,0.022542224564423324,-0.45687410606796375
-0.09184534592250253,0.022483860400331863,-0.45958322059243273
-0.09184534592250253,0.022554135530099464,-0.45920596780353146
-0.09184534592250253,0.022535359746997625,-0.4599713064517602
-0.09184534592250253,0.022720466062559803,-0.45971575910472523
-0.09184534592250253,0.0229102860716238,-0.4609023843435248
-0.09184534592250253,0.023050114186252302,-0.45948692522991313
-0.09184534592250253,0.02333445996881322,-0.45841797502842874
-0.09184534592250253,0.02338937075430467,-0.4613770412321878
-0.09184534592250253,0.023606403507444963,-0.4571037632140297
-0.09184534592250253,0.023690496485863178,-0.45894140512038556
-0.09184534592250253,0.024007274277172093,-0.4572748821470426
-0.09184534592250253,0.024123493598810577,-0.4561818486898944
-0.09184534592250253,0.024136247564685312,-0.4563023436640444
-0.09184534592250253,0.02402615856360388,-0.45860716557515957
-0.09184534592250253,0.02419708223352573,-0.45726057487529836
-0.09184534592250253,0.024129160423982898,-0.45936352886498505
-0.09184534592250253,0.024273551334486367,-0.4566249496776706
-0.09184534592250253,0.024271090977583412,-0.45921237653727665
-0.09184534592250253,0.024255899973671266,-0.46016307118776567
-0.09184534592250253,0.024921176033350888,-0.4563685083937705
-0.09184534592250253,0.02489719795357928,-0.45791092439747183
-0.09184534592250253,0.025069666819233182,-0.45626943022348776
-0.09184534592250253,0.025074134362166774,-0.4581483918635618
-0.09184534592250253,0.025348992046091003,-0.4564075013712794
-0.09184534592250253,0.025410401166710183,-0.45541719046970697
-0.09184534592250253,0.02543462727465411,-0.45755331871851335
-0.09184534592250253,0.025513678404358614,-0.4593768768008143
-0.09184534592250253,0.025559074844794263,-0.4602951009840571
-0.09184534592250253,0.026124141426226075,-0.4536266042945514
-0.09184534592250253,0.026034115702738683,-0.4571055385769317
-0.09184534592250253,0.026278357842093272,-0.45299974941215254
-0.09184534592250253,0.026091298273389064,-0.45878910559537517
-0.09184534592250253,0.026085265103577705,-0.45907950523793445
-0.09184534592250253,0.026236350042259528,-0.4560778210732916
-0.09184534592250253,0.026125043023439355,-0.45944841311808665
-0.09184534592250253,0.026406181609273795,-0.4542687648369981
-0.09184534592250253,0.026385201334300872,-0.459294510482915
-0.09184534592250253,0.026513369499330523,-0.45740698381684897
-0.09184534592250253,0.026661122627443516,-0.45486682639465514
-0.09184534592250253,0.026570970821479183,-0.45904181538886335
-0.09184534592250253,0.026546387926078375,-0.45967477382801436
-0.09184534592250253,0.02658604612027534,-0.4591728029459881
-0.09184534592250253,0.02702377412870227,-0.45171217239001793
-0.09184534592250253,0.02679394399679858,-0.4570330179104205
-0.09184534592250253,0.027119555399498,-0.4517701423337975
-0.09184534592250253,0.02719571119840857,-0.451989609207071
-0.09184534592250253,0.026908003341313547,-0.46052464701846973
-0.09184534592250253,0.02734250426912529,-0.4523715936511348
-0.09184534592250253,0.02721006920596873,-0.45593404319936726
-0.09184534592250253,0.027104066637921087,-0.45837772953762224
-0.09184534592250253,0.027226802443932833,-0.45693101672357406
-0.09184534592250253,0.027373808260769697,-0.45632597696464794
-0.09184534592250253,0.02749919185517058,-0.4577737089958192
-0.09184534592250253,0.02765957777183012,-0.45586774895975657
-0.09184534592250253,0.027624530079517783,-0.4592815708826218
-0.09184534592250253,0.027520742149544718,-0.4617255094965105
-0.09184534592250253,0.027867677255093874,-0.4560055768944905
-0.09184534592250253,0.027711227132097546,-0.45921473853225725
-0.09184534592250253,0.028059639849226194,-0.45561960394480033
-0.09184534592250253,0.028152945829936438,-0.45930116596351467
-0.09184534592250253,0.028180972489348328,-0.4597389312911916
-0.09184534592250253,0.02838792069456135,-0.4564455954025257
-0.09184534592250253,0.02827790796016844,-0.46077994315811005
-0.09184534592250253,0.028421960250510997,-0.4582126501996827
-0.09184534592250253,0.028626901296165956,-0.4559243550367307
-0.09184534592250253,0.02844170070348582,-0.45988612551010466
-0.09184534592250253,0.028436077604273045,-0.4616116652059356
-0.09184534592250253,0.028741923389766777,-0.4556269321676617
-0.09184534592250253,0.028624759544047283,-0.45890937977032875
-0.09184534592250253,0.028665701828709842,-0.461211522714965
-0.09184534592250253,0.028972547513074882,-0.4595568413178134
-0.09184534592250253,0.0291511977294362,-0.4577107882617465
-0.09184534592250253,0.029125593600829662,-0.45898383421086025
-0.09184534592250253,0.029288537661581036,-0.4577656591804765
-0.09184534592250253,0.02938564492995805,-0.4564013703547852
-0.09184534592250253,0.029680658964648596,-0.45449320429792683
-0.09184534592250253,0.02940330293069611,-0.46012875537150205
-0.09184534592250253,0.02978572054943979,-0.4552232351723319
-0.09184534592250253,0.02963995668267234,-0.4600180469376509
-0.09184534592250253,0.030191064718967354,-0.45499814898978963
-0.09184534592250253,0.030032344146300315,-0.4587212187977461
-0.09184534592250253,0.030464426808507285,-0.45348657036191653
-0.09184534592250253,0.030393947258553072,-0.4571800340850023
-0.09184534592250253,0.03034816819610233,-0.4594267892721091
-0.09184534592250253,0.030748071587025895,-0.45521602089227325
-0.09184534592250253,0.030835909071699055,-0.455278320251059
-0.09184534592250253,0.030733902000477153,-0.45809001699607743
-0.09184534592250253,0.030866347848840285,-0.4554919043429813
-0.09184534592250253,0.030912064034884036,-0.4554727826161874
-0.09184534592250253,0.030757241800819495,-0.45872991471959174
-0.09184534592250253,0.031061411258161507,-0.45744673360363364
-0.09184534592250253,0.031000900048570333,-0.4603485218470963
-0.09184534592250253,0.03102041532484495,-0.46050279307382425
-0.09184534592250253,0.031415674795413136,-0.45276825849280633
-0.09184534592250253,0.03132248512935035,-0.45626827525311936
-0.09184534592250253,0.03143137034207553,-0.45540960777266093
-0.09184534592250253,0.03142019072911294,-0.4558244437194867
-0.09184534592250253,0.03152546379258453,-0.454201421416244
-0.09184534592250253,0.031518737073232134,-0.4558250971755188
-0.09184534592250253,0.03156092547380034,-0.4554680856614833
-0.09184534592250253,0.03134814025382058,-0.461080187710761
-0.09184534592250253,0.03158596382399648,-0.45715823929242333
-0.09184534592250253,0.03188350595744066,-0.45160147403693396
-0.09184534592250253,0.03174408469054058,-0.45441568272365485
-0.09184534592250253,0.03186007906381266,-0.45223503701719986
-0.09184534592250253,0.03151390377112405,-0.46110765014944954
-0.09184534592250253,0.03179225975054309,-0.45691384645912003
-0.09184534592250253,0.03175600584367827,-0.45781989579130167
-0.09184534592250253,0.032071123879424,-0.45152677281860465
-0.09184534592250253,0.032151230028092545,-0.45181353955662634
-0.09184534592250253,0.03195849108915224,-0.45673249361195084
-0.09184534592250253,0.032129037999842486,-0.4547119388040927
-0.09184534592250253,0.0318417354779305,-0.4608414148054929
-0.09184534592250253,0.032168480182765066,-0.45493160209330563
-0.09184534592250253,0.03243618387884342,-0.4551255505922831
-0.09184534592250253,0.03261212586216912,-0.4544607907670378
-0.09184534592250253,0.03265145795638531,-0.45464767541243056
-0.09184534592250253,0.032583827221249834,-0.45656367172647494
-0.09184534592250253,0.03260055245153902,-0.4588525353513889
-0.09184534592250253,0.03280277276451256,-0.45614909283768046
-0.09184534592250253,0.032804889744333626,-0.4579871472829734
-0.09184534592250253,0.03288059627804074,-0.4573509824845452
-0.09184534592250253,0.03319990403086001,-0.4544997071092536
-0.09184534592250253,0.03290697484947787,-0.4611260873458404
-0.09184534592250253,0.03327660346538101,-0.4545383628991836
-0.09184534592250253,0.0332908081291509,-0.45551872727011256
-0.09184534592250253,0.03343196859241247,-0.4537279641186508
-0.09184534592250253,0.03350934211178036,-0.454865281491038
-0.09184534592250253,0.033657555688588664,-0.4549796684403864
-0.09184534592250253,0.03371893682925094,-0.45413818836879505
-0.09184534592250253,0.03373106618028554,-0.45535262266091275
-0.09184534592250253,0.0337013681441873,-0.45630949964968764
-0.09184534592250253,0.03379135529903832,-0.4546577567907334
-0.09184534592250253,0.03392046816496703,-0.45369871661467814
-0.09184534592250253,0.03387501727312602,-0.45493406844884593
-0.09184534592250253,0.033853958571361684,-0.4555156838247188
-0.09184534592250253,0.03387795744074902,-0.4560964323354213
-0.09184534592250253,0.03386946908888019,-0.4572158740721519
-0.09184534592250253,0.034163462224712914,-0.4533347590394107
-0.09184534592250253,0.03405947970995411,-0.4562642410472397
-0.09184534592250253,0.03412283893767362,-0.4552057708807571
-0.09184534592250253,0.03417918705312529,-0.4544401009592357
-0.09184534592250253,0.03419309384629343,-0.4550492355360952
-0.09184534592250253,0.03416628323650363,-0.45593494277497804
-0.09184534592250253,0.0343029984244001,-0.45442269948906155
-0.09184534592250253,0.03429227424520198,-0.4551478615584796
-0.09184534592250253,0.03438129195196156,-0.4548651661769121
-0.09184534592250253,0.034412826368003635,-0.45716413304787307
-0.09184534592250253,0.0344332104637237,-0.45708266605165127
-0.09184534592250253,0.03443532271526283,-0.45709208296248127
-0.09184534592250253,0.034547518002707,-0.4554808531404081
-0.09184534592250253,0.034496016779483926,-0.45658038973034
-0.09184534592250253,0.034530292530548984,-0.4570699658402204
-0.09184534592250253,0.03471991146386061,-0.4550575702891332
-0.09184534592250253,0.03474706076423822,-0.4546385226536666
-0.09184534592250253,0.03482843820849452,-0.4542715022953642
-0.09184534592250253,0.03482881671727056,-0.45475127970158524
-0.09184534592250253,0.034938992607517656,-0.45333133685158267
-0.09184534592250253,0.03493555362176838,-0.453553905641012
-0.09184534592250253,0.03479532888368531,-0.45677516088446485
-0.09184534592250253,0.03491139378163362,-0.4550648117311208
-0.09184534592250253,0.035002450834728444,-0.4540645382418723
-0.09184534592250253,0.03501080496065169,-0.45416653934837015
-0.09184534592250253,0.03495927018046764,-0.4565801565201344
-0.09184534592250253,0.03509696932363254,-0.4544475695271339
-0.09184534592250253,0.03516729469824044,-0.4535895830649862
-0.09184534592250253,0.035283671300889816,-0.45495682951418337
-0.09184534592250253,0.03530042572220547,-0.4546622784618739
-0.09184534592250253,0.03536154016971484,-0.45470041096979474
-0.09184534592250253,0.03540751896639047,-0.45490717135391034
-0.09184534592250253,0.035366696900520134,-0.45572666710346715
-0.09184534592250253,0.03545982441687938,-0.4543196941321156
-0.09184534592250253,0.03548508657012997,-0.454576094810964
-0.09184534592250253,0.03560079263470725,-0.45341268006762847
-0.09184534592250253,0.03561524164685425,-0.45509488106001117
-0.09184534592250253,0.03568087381986386,-0.4538399057866005
-0.09184534592250253,0.03578902210111928,-0.45254103602764684
-0.09184534592250253,0.03577265648840351,-0.45398967752789365
-0.09184534592250253,0.035745367362480476,-0.45481035480712695
-0.09184534592250253,0.035861223809215345,-0.4542950828428362
-0.09184534592250253,0.03588333280362731,-0.4540995335857412
-0.09184534592250253,0.03619505206629489,-0.45133325026398036
-0.09184534592250253,0.036039346899700994,-0.454533816594927
-0.09184534592250253,0.03607633047913507,-0.45429394625896335
-0.09184534592250253,0.03616491959035535,-0.4531656717341831
-0.09184534592250253,0.03621599400018489,-0.45467871873485977
-0.09184534592250253,0.03633781333711528,-0.4532960840533862
-0.09184534592250253,0.036339308603530185,-0.453847722630056
-0.09184534592250253,0.03651787546911395,-0.4513909344225614
-0.09184534592250253,0.03651540367337669,-0.45203928387939785
-0.09184534592250253,0.03668566632190029,-0.45160564930982267
-0.09184534592250253,0.03701017804353883,-0.4527723913415366
-0.09184534592250253,0.03717518584246293,-0.45381629010521884
-0.09184534592250253,0.037138292744164136,-0.45616836560666
-0.09184534592250253,0.03729419276697525,-0.45341601876818555
-0.09184534592250253,0.037445512844842356,-0.45421080186827584
-0.09184534592250253,0.03738571405765846,-0.45724578392039883
-0.09184534592250253,0.03806614969013442,-0.4536554925280459
-0.09184534592250253,0.03809500936611848,-0.45416505188686085
-0.09184534592250253,0.03837522518490756,-0.45290361402226653
-0.09184534592250253,0.03832084798872629,-0.45829688441913463
-0.09184534592250253,0.03868526397329991,-0.4533493843058174
-0.09184534592250253,0.03873617174964725,-0.45340744237394326
-0.09184534592250253,0.03873708134963312,-0.4544914188417724
-0.09184534592250253,0.03894346823981365,-0.45367097111728666
-0.09184534592250253,0.03907619667531323,-0.45350210199357444
-0.09184534592250253,0.03920300556171777,-0.45291301836734765
-0.09184534592250253,0.03923190321057443,-0.4530946415004932
-0.09184534592250253,0.0392684616168662,-0.4537026043115356
-0.09184534592250253,0.0393783673464245,-0.45325715073183387
-0.09184534592250253,0.03969750147327045,-0.45301296078825487
-0.09184534592250253,0.04045027030404082,-0.4522928102555645
-0.09184534592250253,0.040429386004723816,-0.45336152840162636
-0.09184534592250253,0.040632249273211636,-0.45282350788834835
-0.09184534592250253,0.04074179480569015,-0.4532932630163645
-0.09184534592250253,0.04088899305610316,-0.4530067157110731
-0.09184534592250253,0.040914351645954826,-0.4525641849886328
-0.09184534592250253,0.04102481419285027,-0.45104374527302304
-0.09184534592250253,0.04104374280605384,-0.45113159457291385
-0.09184534592250253,0.0411144521929116,-0.4528108185096621
-0.09184534592250253,0.04114442777948843,-0.45313535794607973
-0.09184534592250253,0.04123315429231646,-0.45173381440146754
-0.09184534592250253,0.04156847769608164,-0.45268380556573057
-0.09184534592250253,0.0415980613343541,-0.4531407343729158
-0.09184534592250253,0.041715249388436654,-0.4513358730650697
-0.09184534592250253,0.0416717725039792,-0.4529886811840901
-0.09184534592250253,0.04209565168705964,-0.4523016568313186
-0.09184534592250253,0.042441704067996355,-0.45295573805027184
-0.09184534592250253,0.04266997703246096,-0.452534583307725
-0.09184534592250253,0.0429399800041742,-0.45294796954590355
-0.09184534592250253,0.04355850326667014,-0.452277893037928
-0.09184534592250253,0.04403135917392392,-0.4521680646108224
-0.09184534592250253,0.04407685599167393,-0.45245362750719587
-0.09184534592250253,0.044076547073085864,-0.45287305058168303
-0.09184534592250253,0.04414746590476308,-0.452967147222364
-0.09184534592250253,0.044367591335261095,-0.4522368146329543
-0.09184534592250253,0.04446614347533033,-0.4521406842051947
-0.09184534592250253,0.044590081274684126,-0.4523427306475333
-0.09184534592250253,0.04459143923688349,-0.4525332122286272
-0.09184534592250253,0.04472652380057597,-0.45211867822700946
-0.09184534592250253,0.04472141491843447,-0.4523835439828033
-0.09184534592250253,0.044771698221432704,-0.4525878582996459
-0.09184534592250253,0.04488008082516913,-0.45279672174835495
-0.09184534592250253,0.04496004041295169,-0.45206212992579453
-0.09184534592250253,0.045071538896064994,-0.4528333222169535
-0.09184534592250253,0.04556797116809175,-0.45083228789238206
-0.09184534592250253,0.04553833538415103,-0.4519012745742984
-0.09184534592250253,0.04561275402930064,-0.4506858527438844
-0.09184534592250253,0.0455391203474938,-0.45255680346925964
-0.09184534592250253,0.045604164662173,-0.45191088572680016
-0.09184534592250253,0.04607649678113131,-0.4518025096779056
-0.09184534592250253,0.04608683944449336,-0.45179193140489593
-0.09184534592250253,0.04622504113276309,-0.4510562891400287
-0.09184534592250253,0.04655254665254423,-0.45169317276550175
-0.09184534592250253,0.046689163812976955,-0.45210527001094525
-0.09184534592250253,0.04676066845677525,-0.4514147578485312
-0.09184534592250253,0.04698863014483043,-0.45243980763253133
-0.09184534592250253,0.04714115294248747,-0.4515806459653523
-0.09184534592250253,0.04744231776228665,-0.45395008979130463
-0.09184534592250253,0.04757865317955354,-0.45233192651345777
-0.09184534592250253,0.04744837990191699,-0.4551425884748609
-0.09184534592250253,0.047413316665785715,-0.45635059322438243
-0.09184534592250253,0.047806249906677895,-0.4527258106747577
-0.09184534592250253,0.048186318174262124,-0.4514791881657293
-0.09184534592250253,0.04828430690269116,-0.45283932733410986
-0.09184534592250253,0.04857612295733753,-0.45176323789576145
-0.09184534592250253,0.04870283372740164,-0.4523612268782561
-0.09184534592250253,0.04881445521041021,-0.45166442384912475
-0.09184534592250253,0.048990090013833816,-0.45211423553882607
-0.09184534592250253,0.049142903099474125,-0.45148545188013667
-0.09184534592250253,0.04920782189135788,-0.45122931589804993
-0.09184534592250253,0.04932953656161676,-0.4526841340354933
-0.09184534592250253,0.0494339357980695,-0.4516155578405435
-0.09184534592250253,0.0494723993994112,-0.4513162546662036
-0.09184534592250253,0.0497107300734282,-0.4511136944233889
-0.09184534592250253,0.04971237560376464,-0.4513939070644603
-0.09184534592250253,0.04985229909773968,-0.4519098661822895
-0.09184534592250253,0.05045047826337119,-0.45255764315083047
-0.09184534592250253,0.05058179752203837,-0.450287789856293
-0.09184534592250253,0.05061280850774449,-0.450449177591977
-0.09184534592250253,0.050613772258785356,-0.45175802389158815
-0.09184534592250253,0.051004643722407456,-0.45075315986597275
-0.09184534592250253,0.0511394850265892,-0.4522630773797082
-0.09184534592250253,0.05138066516987691,-0.45148833992041804
-0.09184534592250253,0.05186156356379654,-0.4511194785112803
-0.09184534592250253,0.05213993051212129,-0.45226678695698724
-0.09184534592250253,0.052211391985041905,-0.45092141498569444
-0.09184534592250253,0.05223536516733876,-0.4513475610324543
-0.09184534592250253,0.05231052230474849,-0.45229567636388307
-0.09184534592250253,0.05243329544249607,-0.45065484157385416
-0.09184534592250253,0.05250202507781068,-0.45143960080547796
-0.09184534592250253,0.052538495979277136,-0.45132892327919777
-0.09184534592250253,0.05268901384754009,-0.45147676130780506
-0.09184534592250253,0.052878745329171695,-0.4516918905227079
-0.09184534592250253,0.053071876754873626,-0.45049327744363227
-0.09184534592250253,0.05340143596642667,-0.45147668839277644
-0.09184534592250253,0.0534382231717974,-0.45220827380980844
-0.09184534592250253,0.053983253223932055,-0.4517202976581361
-0.09184534592250253,0.054245496899502234,-0.451205306484481
-0.09184534592250253,0.054518755978832205,-0.4513522171373172
-0.09184534592250253,0.05472699305596082,-0.45118272247601837
-0.09184534592250253,0.0549113988541198,-0.4502343073427116
-0.09184534592250253,0.05513066574666131,-0.4501521478438685
-0.09184534592250253,0.05512097939094124,-0.4504064175110388
-0.09184534592250253,0.05516843737413063,-0.45100531140070577
-0.09184534592250253,0.055168317327221855,-0.4510573470434443
-0.09184534592250253,0.05528471820304575,-0.45121753366135975
-0.09184534592250253,0.05534281487660068,-0.451156947583811
-0.09184534592250253,0.0554135975275547,-0.4498642437078108
-0.09184534592250253,0.05551413356735138,-0.4500176978266556
-0.09184534592250253,0.05556093722920723,-0.44984964056984084
-0.09184534592250253,0.05555183364230758,-0.45195475916480393
-0.09184534592250253,0.05558497034952624,-0.45144661137012987
-0.09184534592250253,0.05555153799246116,-0.4521335472253743
-0.09184534592250253,0.05575639282576342,-0.4515108999476213
-0.09184534592250253,0.055921466445818996,-0.45035385347085466
-0.09184534592250253,0.056223910178355076,-0.45091438622028446
-0.09184534592250253,0.056351910308280184,-0.45124986920295473
-0.09184534592250253,0.056579904253258595,-0.44991760411071957
-0.09184534592250253,0.05642739958588948,-0.45361271763348315
-0.09184534592250253,0.056629181806416184,-0.4516276273813823
-0.09184534592250253,0.057007955719167044,-0.4511640805553254
-0.09184534592250253,0.05698290592088917,-0.4518070065952133
-0.09184534592250253,0.057026707435451365,-0.451995483928173
-0.09184534592250253,0.05701951911529154,-0.4521392503313712
-0.09184534592250253,0.05738673634071964,-0.4501453783624082
-0.09184534592250253,0.057370161887303844,-0.4512478426946532
-0.09184534592250253,0.05764684463735553,-0.4511365159578684
-0.09184534592250253,0.05769139232962285,-0.4509971950602083
-0.09184534592250253,0.05792309832846876,-0.45093693455192496
-0.09184534592250253,0.05823482932597042,-0.45102422863019065
-0.09184534592250253,0.05820530753485066,-0.45197731003801556
-0.09184534592250253,0.05845205116756241,-0.4509636175115166
-0.09184534592250253,0.058576294739974735,-0.45121364597030156
-0.09184534592250253,0.058615659399183076,-0.45099134300252475
-0.09184534592250253,0.05875846439922151,-0.4509484534972654
-0.09184534592250253,0.05878798328244626,-0.4511202526887492
-0.09184534592250253,0.058970086787099175,-0.4513251114759823
-0.09184534592250253,0.059215645962489086,-0.45020928109212033
-0.09184534592250253,0.05919098119921428,-0.4519037109701072
-0.09184534592250253,0.05938533639922344,-0.45093367813510665
-0.09184534592250253,0.05937912819699322,-0.4510898672726509
-0.09184534592250253,0.059610584065727376,-0.45107583611983426
-0.09184534592250253,0.05961882288025633,-0.4509548238947988
-0.09184534592250253,0.059841745485030545,-0.44938905277081226
-0.09184534592250253,0.05994297222123765,-0.450032412832437
-0.09184534592250253,0.060011073125961406,-0.4509116197229811
-0.09184534592250253,0.06034337585920513,-0.4505346704698018
-0.09184534592250253,0.060437472842190254,-0.44999286481700984
-0.09184534592250253,0.060550730989278406,-0.450127423858986
-0.09184534592250253,0.060595695321741555,-0.4495179856427911
-0.09184534592250253,0.06064369069376567,-0.44898726305607606
-0.09184534592250253,0.06067382525847609,-0.450784300041685
-0.09184534592250253,0.06076720572070407,-0.45098542277256204
-0.09184534592250253,0.06092749043475271,-0.4493095751368658
-0.09184534592250253,0.06122496523227404,-0.4511369003081386
-0.09184534592250253,0.06190671424808927,-0.450752494629318
-0.09184534592250253,0.06253096416418753,-0.45145359554636927
-0.09184534592250253,0.06256328454621413,-0.4509884956230387
-0.09184534592250253,0.06266206157479087,-0.4504384798286967
-0.09184534592250253,0.0628191057708711,-0.448805483089325
-0.09184534592250253,0.06292101484338242,-0.45058944930250655
-0.09184534592250253,0.06360867325387992,-0.45045908427579806
-0.09184534592250253,0.06376113776953676,-0.450128425127463
-0.09184534592250253,0.06396678266405961,-0.45033723930954783
-0.09184534592250253,0.06421331224339075,-0.44914988259471245
-0.09184534592250253,0.06467392248768375,-0.4502464053614761
-0.09184534592250253,0.06465756181642676,-0.4511150200366536
-0.09184534592250253,0.06569224261572243,-0.449262511844286
-0.09184534592250253,0.06578891067926503,-0.44996822304923423
-0.09184534592250253,0.06610823911415255,-0.4481065103082982
-0.09184534592250253,0.06605387648942138,-0.4500655895142883
-0.09184534592250253,0.06606995547200645,-0.4497629016819837
-0.09184534592250253,0.06611367507318928,-0.44997598902535707
-0.09184534592250253,0.0661943591075218,-0.4499683520102271
-0.09184534592250253,0.06628358968392731,-0.4483019157716048
-0.09184534592250253,0.06623212212629007,-0.44996894725705316
-0.09184534592250253,0.06629458193420541,-0.44995759159266585
-0.09184534592250253,0.06622931087659883,-0.4532880602302062
-0.09184534592250253,0.06634297748038194,-0.4519571102351759
-0.09184534592250253,0.06667631288356557,-0.450747031845942
-0.09184534592250253,0.06695100412336223,-0.4488462985712742
-0.09184534592250253,0.06705576739497189,-0.4519340326250011
-0.09184534592250253,0.06731297555380839,-0.44865281915212196
-0.09184534592250253,0.06733649456591445,-0.44931468689395965
-0.09184534592250253,0.06751842019931507,-0.44971311594624086
-0.09184534592250253,0.06778275684055649,-0.45088011276468765
-0.09184534592250253,0.06805086022525782,-0.44963892085538426
-0.09184534592250253,0.06833885088287114,-0.44976964416179277
-0.09184534592250253,0.06840589924082764,-0.45017516658827217
-0.09184534592250253,0.06868849710690655,-0.44979299366340114
-0.09184534592250253,0.06916767026394494,-0.45073611479843606
-0.09184534592250253,0.0698595864028392,-0.44765627870020375
-0.09184534592250253,0.0705607892896117,-0.44944321935996145
-0.09184534592250253,0.07131040326207257,-0.4499650140876793
-0.09184534592250253,0.07137525913080026,-0.44952008078461525
-0.09184534592250253,0.07155756382062704,-0.4493731473117314
-0.09184534592250253,0.07169871261983217,-0.4494500950123852
-0.09184534592250253,0.07189519513048247,-0.44951384006498607
-0.09184534592250253,0.07193813773066741,-0.44923228163235307
-0.09184534592250253,0.07194960326662639,-0.44927709849910435
-0.09184534592250253,0.07241173610751889,-0.4506386593392906
-0.09184534592250253,0.07261610829456688,-0.44695003454857474
-0.09184534592250253,0.07248634590430053,-0.45052414754361136
-0.09184534592250253,0.07275097182277554,-0.44731924837006243
-0.09184534592250253,0.07280569996850227,-0.4473304109574521
-0.09184534592250253,0.07346165914893109,-0.4478098754504071
-0.09184534592250253,0.07367132303567518,-0.4478669545833516
-0.09184534592250253,0.07369047690987547,-0.44779649420765505
-0.09184534592250253,0.07394020441748647,-0.44975389851083675
-0.09184534592250253,0.074107599182833,-0.44923760121566025
-0.09184534592250253,0.07410832025933732,-0.4494938013134226
-0.09184534592250253,0.0742583248886954,-0.4479844031974185
-0.09184534592250253,0.07441788386346056,-0.44820466611906695
-0.09184534592250253,0.07477872973384572,-0.4486565492183836
-0.09184534592250253,0.07509113518397736,-0.4519780550681139
-0.09184534592250253,0.07527942342002952,-0.4486206776399307
-0.09184534592250253,0.07528647518006158,-0.4492202192188465
-0.09184534592250253,0.075246657306584,-0.4508104547484467
-0.09184534592250253,0.07535801915470922,-0.4492937604439087
-0.09184534592250253,0.07535360878246547,-0.44967952589152616
-0.09184534592250253,0.0755753890720079,-0.44915808389885803
-0.09184534592250253,0.0759181945917466,-0.44943699627917244
-0.09184534592250253,0.07596854556139852,-0.44889220243653116
-0.09184534592250253,0.07642515720931606,-0.44917505565553345
-0.09184534592250253,0.0767403604045424,-0.44972352525631387
-0.09184534592250253,0.07701372819301601,-0.4493740200548719
-0.09184534592250253,0.07727535696092411,-0.448559261705565
-0.09184534592250253,0.07722546064301114,-0.44994565770045714
-0.09184534592250253,0.07734006009071946,-0.449903614327159
-0.09184534592250253,0.07751316243767738,-0.45183200547475083
-0.09184534592250253,0.07804176538712239,-0.44737203150283733
-0.09184534592250253,0.07811725501203999,-0.44821757076671587
-0.09184534592250253,0.07823683305174066,-0.4491803440992398
-0.09184534592250253,0.07886892454981483,-0.4462277150012075
-0.09184534592250253,0.07889746141990238,-0.44667308292483965
-0.09184534592250253,0.07917481698498995,-0.4482306646087868
-0.09184534592250253,0.07914599930381654,-0.44886894603936844
-0.09184534592250253,0.07926270567693108,-0.44839453216784264
-0.09184534592250253,0.07930988859513317,-0.44815652058474287
-0.09184534592250253,0.07945538064367051,-0.44894454028362574
-0.09184534592250253,0.07964072058369726,-0.44909601155575285
-0.09184534592250253,0.07985656355801482,-0.4486316200783005
-0.09184534592250253,0.08030039975956008,-0.4486851927492739
-0.09184534592250253,0.0802891545446659,-0.44912849166172025
-0.09184534592250253,0.08101512957823251,-0.4487906126364819
-0.09184534592250253,0.0811971698775919,-0.4495305814121905
-0.09184534592250253,0.0816242940715552,-0.4478568038310976
-0.09184534592250253,0.0826644083890131,-0.44932082963124503
-0.09184534592250253,0.08277528131786593,-0.44861400182064726
-0.09184534592250253,0.08293183168348303,-0.4460657698620555
-0.09184534592250253,0.08316103636582893,-0.446723550381971
-0.09184534592250253,0.08323537035058463,-0.44731343941706236
-0.09184534592250253,0.0833753698261519,-0.4467703590450398
-0.09184534592250253,0.08362126411793844,-0.4484819890896822
-0.09184534592250253,0.08374344912738851,-0.44767098670908245
-0.09184534592250253,0.08381621025497318,-0.4475194672639319
-0.09184534592250253,0.0839652660846546,-0.4455631328327695
-0.09184534592250253,0.0839264124197149,-0.4487232261213022
-0.09184534592250253,0.08382519668827765,-0.451070982895743
-0.09184534592250253,0.08396116960298072,-0.448376572629004
-0.09184534592250253,0.0840804373067684,-0.449072113324682
-0.09184534592250253,0.08411268562254688,-0.4498572313973509
-0.09184534592250253,0.08435795915473093,-0.445974294771609
-0.09184534592250253,0.08433580910300442,-0.44812140127539424
-0.09184534592250253,0.08443614371642119,-0.4482840303555948
-0.09184534592250253,0.08485239934537876,-0.44851767567774986
-0.09184534592250253,0.0850043477198034,-0.449113388805068
-0.09184534592250253,0.08633444402456103,-0.44922628468542447
-0.09184534592250253,0.08650823574218056,-0.44805472607129837
-0.09184534592250253,0.08738952527050156,-0.4461985430173597
-0.09184534592250253,0.08791799450298225,-0.4480638670165762
-0.09184534592250253,0.08793638693843182,-0.4484173260914309
-0.09184534592250253,0.08845215096206098,-0.44756854531041107
-0.09184534592250253,0.08847102605572978,-0.44813477349682185
-0.09184534592250253,0.08875293332157608,-0.4490745299382576
-0.09184534592250253,0.0891133009056153,-0.4486963542386424
-0.09184534592250253,0.08918369698944673,-0.4478324123805121
-0.09184534592250253,0.08917914019623419,-0.4486927779599559
-0.09184534592250253,0.08924401680094447,-0.44773900772545466
-0.09184534592250253,0.08960005775568843,-0.44803169890558936
-0.09184534592250253,0.08956763095436958,-0.4493199046172913
-0.09184534592250253,0.09021505749984839,-0.4467219240131878
-0.09184534592250253,0.09075237357368597,-0.44694597584794615
-0.09184534592250253,0.09093179369444289,-0.4493520313317766
-0.09184534592250253,0.0915333570265857,-0.44508812040330126
-0.09184534592250253,0.09167696964020876,-0.44701867190856465
-0.09184534592250253,0.09214057938489782,-0.4479239508089401
-0.09184534592250253,0.09241759361543667,-0.4448005898179314
-0.09184534592250253,0.09241647593880292,-0.44517192849538534
-0.09184534592250253,0.09229451439496311,-0.44848910946902315
-0.09184534592250253,0.09244570791763482,-0.4459129573891476
-0.09184534592250253,0.09242291090955802,-0.4489191522022118
-0.09184534592250253,0.09252427857123606,-0.45024073030987233
-0.09184534592250253,0.09278309675910468,-0.44790362904694325
-0.09184534592250253,0.09279684744882298,-0.44776123958236824
-0.09184534592250253,0.09282221389547757,-0.4490350169959938
-0.09184534592250253,0.09299496988593481,-0.4468116753498479
-0.09184534592250253,0.09345036188026418,-0.44880134380707015
-0.09184534592250253,0.09365092055045082,-0.44720364903918985
-0.09184534592250253,0.0936303322399623,-0.44917916516408685
-0.09184534592250253,0.09387114419005353,-0.44796463980633805
-0.09184534592250253,0.0940165603616669,-0.44636623753419546
-0.09184534592250253,0.09397438749726886,-0.4478534049695364
-0.09184534592250253,0.094055573700283,-0.4480800767645885
-0.09184534592250253,0.09416591427123493,-0.4481461682581967
-0.09184534592250253,0.09448644498824708,-0.4455171059979507
-0.09184534592250253,0.09438166735511,-0.4485488169230986
-0.09184534592250253,0.0946584162832872,-0.44906149234355663
-0.09184534592250253,0.09495573032085403,-0.44798657295835476
-0.09184534592250253,0.09509448970990197,-0.44824713725296306
-0.09184534592250253,0.09553979423092397,-0.44771414617132266
-0.09184534592250253,0.09570827639564541,-0.44734247972558405
-0.09184534592250253,0.0959389477783334,-0.448220950988625
-0.09184534592250253,0.09603492579102715,-0.4480283217773561
-0.09184534592250253,0.09641201786213908,-0.4478726162340428
-0.09184534592250253,0.09657334594400815,-0.4479831320616098
-0.09184534592250253,0.09713508587428422,-0.4480351507297955
-0.09184534592250253,0.09714903141698987,-0.44817498223365326
-0.09184534592250253,0.0972695410586779,-0.44808511494944436
-0.09184534592250253,0.0975863002375636,-0.44658597445774545
-0.09184534592250253,0.09810701088075865,-0.4480228235776482
-0.09184534592250253,0.09816825763447384,-0.44880351202009516
-0.09184534592250253,0.09882412718143599,-0.4477703348923814
-0.09184534592250253,0.0988929742299469,-0.4468051106951602
-0.09184534592250253,0.09917334528733601,-0.44656320967972873
-0.09184534592250253,0.09914251877486746,-0.44779256899093467
-0.09184534592250253,0.0991101430968996,-0.4488589717344087
-0.09184534592250253,0.09918351713680809,-0.44870032681284205
-0.09184534592250253,0.09936313391828547,-0.4475895861960597
-0.09184534592250253,0.09955427237744915,-0.44884271708154544
-0.09184534592250253,0.09960301575090573,-0.44831569255441067
-0.09184534592250253,0.09984767448722764,-0.4456988943589437
-0.09184534592250253,0.1001297504231443,-0.44764931338572334
-0.09184534592250253,0.10049459178993209,-0.4443546955479684
-0.09184534592250253,0.10067441809151803,-0.44740794321412336
-0.09184534592250253,0.10057932882050644,-0.4495837855129239
-0.09184534592250253,0.10079045803859002,-0.4484601431191861
-0.09184534592250253,0.10120682691670212,-0.44447645432061744
-0.09184534592250253,0.10148846312960337,-0.4440973540424019
-0.09184534592250253,0.10151809859751107,-0.4472493773369647
-0.09184534592250253,0.10168523635649578,-0.44618201386099954
-0.09184534592250253,0.10183838965250863,-0.44524693836497775
-0.09184534592250253,0.10186616154508346,-0.44739387493449595
-0.09184534592250253,0.10212010594237488,-0.4465655270960349
-0.09184534592250253,0.1022214212021156,-0.4473772405442922
-0.09184534592250253,0.10281563628577403,-0.4463518659621242
-0.09184534592250253,0.10291314891262594,-0.4472272146637968
-0.09184534592250253,0.10296641163895577,-0.4472198470280934
-0.09184534592250253,0.10366243209876093,-0.44657173267170946
-0.09184534592250253,0.10419244110694668,-0.4467938890909628
-0.09184534592250253,0.10429467687288367,-0.44707766709027985
-0.09184534592250253,0.10480451818741829,-0.44654032102391283
-0.09184534592250253,0.10535560592232639,-0.4453915994783103
-0.09184534592250253,0.1054122156484809,-0.44461581027440955
-0.09184534592250253,0.10551356400834683,-0.4473368632628274
-0.09184534592250253,0.10568239982237024,-0.4462286729167705
-0.09184534592250253,0.10572545103424284,-0.4471617968654551
-0.09184534592250253,0.10579823974261364,-0.44702565707826813
-0.09184534592250253,0.10588631125722661,-0.4482247269716162
-0.09184534592250253,0.10606583293541814,-0.4483670250591032
-0.09184534592250253,0.10628554980947824,-0.44638235973912066
-0.09184534592250253,0.10644959138470522,-0.4473286448031789
-0.09184534592250253,0.10651831560403081,-0.44617220404779656
-0.09184534592250253,0.106576565961299,-0.44845854769974836
-0.09184534592250253,0.10671756483011595,-0.4466145058371684
-0.09184534592250253,0.10667484066469392,-0.4480266236593172
-0.09184534592250253,0.1077303371421026,-0.44678781583884647
-0.09184534592250253,0.10791288668327295,-0.4468039416617018
-0.09184534592250253,0.10816872538435514,-0.44689909911084946
-0.09184534592250253,0.1083697157906685,-0.44718828306176284
-0.09184534592250253,0.10842082879338368,-0.44732640478309865
-0.09184534592250253,0.10856882478930463,-0.44674305834944394
-0.09184534592250253,0.10882155130145646,-0.4469454519408974
-0.09184534592250253,0.10900957867059374,-0.4463432393773584
-0.09184534592250253,0.10896003855297448,-0.44736045397465907
-0.09184534592250253,0.10912850339319462,-0.44676456310821067
-0.09184534592250253,0.10906202928783498,-0.44900943061428844
-0.09184534592250253,0.10932910523459745,-0.4479526400707551
-0.09184534592250253,0.10951888345160309,-0.44603754707627497
-0.09184534592250253,0.10985723993725147,-0.4467565052893964
-0.09184534592250253,0.11011812770489482,-0.44730485137915743
-0.09184534592250253,0.11022121201052548,-0.44568487048287214
-0.09184534592250253,0.11060754842635043,-0.44475297467553987
-0.09184534592250253,0.11114860563526444,-0.4435566042170549
-0.09184534592250253,0.11129424850666225,-0.44393573975471756
-0.09184534592250253,0.11140191932429484,-0.4475064862857823
-0.09184534592250253,0.11180759207064482,-0.443721144770871
-0.09184534592250253,0.1118829915858752,-0.4471856089219479
-0.09184534592250253,0.11200845044709067,-0.4471934938241433
-0.09184534592250253,0.11230339891311004,-0.44496239521647496
-0.09184534592250253,0.11229795088619082,-0.44692866455695934
-0.09184534592250253,0.1124103894889762,-0.44805736700649346
-0.09184534592250253,0.11262691235788441,-0.4459154356943371
-0.09184534592250253,0.11262249919026984,-0.4480883137039272
-0.09184534592250253,0.11284272950127688,-0.44649637453717383
-0.09184534592250253,0.11284356972178941,-0.4469224994983414
-0.09184534592250253,0.11291926369107068,-0.44584646991544175
-0.09184534592250253,0.1130173168808175,-0.4461684713626528
-0.09184534592250253,0.11309917386914552,-0.4482064587637584
-0.09184534592250253,0.1134780432760292,-0.4474287853454895
-0.09184534592250253,0.11372162359847783,-0.4476507829518805
-0.09184534592250253,0.11407320851471692,-0.44689816970701646
-0.09184534592250253,0.11408022875168441,-0.4472837412243642
-0.09184534592250253,0.11414406095513874,-0.4468919842952642
-0.09184534592250253,0.11443278266601582,-0.4469749110587218
-0.09184534592250253,0.114631589743652,-0.44694897812106005
-0.09184534592250253,0.11474245223339843,-0.447280021609833
-0.09184534592250253,0.11497863102158573,-0.4472168459537569
-0.09184534592250253,0.11553252249774595,-0.4457847110770038
-0.09184534592250253,0.1158230389827958,-0.44628074916216254
-0.09184534592250253,0.11619424129697678,-0.4459749843192098
-0.09184534592250253,0.11615989809918573,-0.44719852490588213
-0.09184534592250253,0.11617666645774785,-0.4470092518314326
-0.09184534592250253,0.11648750406257544,-0.4469716381553971
-0.09184534592250253,0.11675123513747916,-0.44678929847150484
-0.09184534592250253,0.11674504166978909,-0.4471221807523516
-0.09184534592250253,0.1167901389883427,-0.44708919394455005
-0.09184534592250253,0.11688976915781307,-0.4469560983786892
-0.09184534592250253,0.11698299993703824,-0.4458542297886825
-0.09184534592250253,0.11709488684093942,-0.4486371492743461
-0.09184534592250253,0.1173946242579036,-0.4456972736850261
-0.09184534592250253,0.11740162839706805,-0.4474940084244573
-0.09184534592250253,0.11759525693038754,-0.4462188642188497
-0.09184534592250253,0.11777731201115386,-0.4463486973952151
-0.09184534592250253,0.11786761225172149,-0.4468258060317196
-0.09184534592250253,0.11797025018036125,-0.4470340525676639
-0.09184534592250253,0.11801672771563484,-0.4470949971375918
-0.09184534592250253,0.1180656073078154,-0.4468280601191602
-0.09184534592250253,0.11834340668458469,-0.44427910161174966
-0.09184534592250253,0.11827504479837045,-0.447042445165143
-0.09184534592250253,0.11838915763254625,-0.44489012814790063
-0.09184534592250253,0.11841769172583269,-0.4453013296357913
-0.09184534592250253,0.1184643935471749,-0.44702439661521026
-0.09184534592250253,0.11847921066928647,-0.4473972384417978
-0.09184534592250253,0.11862330838259635,-0.4457927480768966
-0.09184534592250253,0.11864221060054575,-0.44668661542494786
-0.09184534592250253,0.11883794625457769,-0.44601160635932735
-0.09184534592250253,0.11901854452505552,-0.4474818625968096
-0.09184534592250253,0.11907226000918723,-0.4480802647597648
-0.09184534592250253,0.11922179704535363,-0.44556686741183493
-0.09184534592250253,0.11916261251941263,-0.44737999410455054
-0.09184534592250253,0.11918562679846793,-0.4480389307708671
-0.09184534592250253,0.11924863510839386,-0.4479455704041412
-0.09184534592250253,0.11956147304824756,-0.4459871465179026
-0.09184534592250253,0.11977531164956998,-0.44437733655902456
-0.09184534592250253,0.11974613674752695,-0.4472401626799154
-0.09184534592250253,0.119850570632273,-0.44578428558106764
-0.09184534592250253,0.1197807074551595,-0.447218324421426
-0.09184534592250253,0.12002451249077256,-0.4466870552225086
-0.09184534592250253,0.12007212865876174,-0.4469786439758414
-0.09184534592250253,0.12016382876484073,-0.4462942403892489
-0.09184534592250253,0.1202291940768604,-0.44689340551396006
-0.09184534592250253,0.12022346528663258,-0.44708300343947216
-0.09184534592250253,0.12023786549206368,-0.4470225513791403
-0.09184534592250253,0.1205831933081673,-0.4436225417446158
-0.09184534592250253,0.1205081859996842,-0.44711401441995524
-0.09184534592250253,0.12074437815394591,-0.447030320803386
-0.09184534592250253,0.12083649660177855,-0.446994063923709
-0.09184534592250253,0.121035371858818,-0.4432732261166449
-0.09184534592250253,0.12102264694387876,-0.44563029573374013
-0.09184534592250253,0.12115535322199597,-0.4454923923626437
-0.09184534592250253,0.12116636087003488,-0.4471289550266057
-0.09184534592250253,0.12132582859797304,-0.4471068191233501
-0.09184534592250253,0.12175987526431596,-0.44718141465848393
-0.09184534592250253,0.12221397653428694,-0.4473267826770061
-0.09184534592250253,0.12235431887556746,-0.4461976044647113
-0.09184534592250253,0.12253748807172747,-0.44357265136704443
-0.09184534592250253,0.12246087310716357,-0.4468347568661907
-0.09184534592250253,0.12290659641750057,-0.445648751606026
-0.09184534592250253,0.12283584501632759,-0.4470999993196055
-0.09184534592250253,0.12300225830562314,-0.44705514657299894
-0.09184534592250253,0.12306336078919311,-0.44686100835576303
-0.09184534592250253,0.12327286138989746,-0.4453728294727475
-0.09184534592250253,0.12317062401162354,-0.44754214371260936
-0.09184534592250253,0.1237878231402041,-0.4451385575447786
-0.09184534592250253,0.1240459772370809,-0.44791758668634774
-0.09184534592250253,0.12421013959767242,-0.4451593995897301
-0.09184534592250253,0.12420184690573997,-0.4478756150624196
-0.09184534592250253,0.12442712695980747,-0.44636540127809976
-0.09184534592250253,0.12466877235460821,-0.4477321007905439
-0.09184534592250253,0.12494163137763567,-0.446840335313102
-0.09184534592250253,0.12504355953255708,-0.4459898803518685
-0.09184534592250253,0.12499880158711887,-0.4483706218235907
-0.09184534592250253,0.1252159749031396,-0.4471581851371531
-0.09184534592250253,0.12544725263100392,-0.4459928691275857
-0.09184534592250253,0.12550396728172286,-0.44630276009482106
-0.09184534592250253,0.12559881970706593,-0.44640217032152996
-0.09184534592250253,0.1259055210169038,-0.4460309016336383
-0.09184534592250253,0.12586053505374944,-0.44751019118955104
-0.09184534592250253,0.12589691564062758,-0.44712973016343205
-0.09184534592250253,0.12626611909224558,-0.4453549606718812
-0.09184534592250253,0.1263746115739651,-0.4468489786126486
-0.09184534592250253,0.12646870031523172,-0.44508844592019325
-0.09184534592250253,0.1266037205637144,-0.4467484426808506
-0.09184534592250253,0.1268658118655748,-0.4450228915900087
-0.09184534592250253,0.12745696424014247,-0.444494580465407
-0.09184534592250253,0.1276582012759805,-0.44537541918639945
-0.09184534592250253,0.12762197599184666,-0.4475919145205624
-0.09184534592250253,0.12825766537721014,-0.446642356399567
-0.09184534592250253,0.12849976518024128,-0.44604228973267496
-0.09184534592250253,0.12853883988400366,-0.4467180607365496
-0.09184534592250253,0.128817369837731,-0.4455592718483973
-0.09184534592250253,0.1289372368050077,-0.4441094130579015
-0.09184534592250253,0.12880791822304258,-0.4476093558814065
-0.09184534592250253,0.12893280612324495,-0.4465954555519646
-0.09184534592250253,0.1289561890836464,-0.44750110564893475
-0.09184534592250253,0.1290562535321149,-0.44643275581944974
-0.09184534592250253,0.12910278312348422,-0.4469583840372935
-0.09184534592250253,0.1291712332441416,-0.44665726399887873
-0.09184534592250253,0.12931872034910985,-0.44640303185346775
-0.09184534592250253,0.12958485890526056,-0.44694048721124646
-0.09184534592250253,0.13043685914599823,-0.4449115271331016
-0.09184534592250253,0.13051816521745413,-0.446225690500761
-0.09184534592250253,0.13093622162810375,-0.4432335274748134
-0.09184534592250253,0.13112490487758846,-0.4435241829935912
-0.09184534592250253,0.13119225498759382,-0.4443846010703174
-0.09184534592250253,0.13110133414454334,-0.44642180634633716
-0.09184534592250253,0.13131100102840226,-0.44660370121227616
-0.09184534592250253,0.13144292641374017,-0.44724919173386574
-0.09184534592250253,0.13155147342530188,-0.4471578788414537
-0.09184534592250253,0.1320929892714766,-0.4459535286398306
-0.09184534592250253,0.132402864250909,-0.4435295093925213
-0.09184534592250253,0.13242423868606876,-0.44724752225868164
-0.09184534592250253,0.13252564684325951,-0.44567329254718424
-0.09184534592250253,0.1325446306592186,-0.4457120128938605
-0.09184534592250253,0.13281940566347478,-0.44819156136388816
-0.09184534592250253,0.13296765007247976,-0.4469701478870539
-0.09184534592250253,0.13301886231754567,-0.4469400839510345
-0.09184534592250253,0.13307012589945122,-0.4467053247106133
-0.09184534592250253,0.13306183100895885,-0.44694593247976244
-0.09184534592250253,0.13321205686980522,-0.44619344589178506
-0.09184534592250253,0.13383445200006036,-0.4458155081449683
-0.09184534592250253,0.133867144669397,-0.4460871969608428
-0.09184534592250253,0.13391931518705388,-0.4462730797342319
-0.09184534592250253,0.1340305063110086,-0.44491277769935267
-0.09184534592250253,0.13406434780021795,-0.4446091060097786
-0.09184534592250253,0.13411050583986223,-0.4469469465154695
-0.09184534592250253,0.13429663244229909,-0.44442302981052406
-0.09184534592250253,0.13418346180887306,-0.44683189527605094
-0.09184534592250253,0.13495105030934682,-0.4462338734926515
-0.09184534592250253,0.13506564250286668,-0.4458782460269582
-0.09184534592250253,0.1354333364343236,-0.44729346941814063
-0.09184534592250253,0.135931566740958,-0.44473677020410773
-0.09184534592250253,0.13602022202147934,-0.4466581312395233
-0.09184534592250253,0.13713626415903027,-0.446552914496248
-0.09184534592250253,0.13716784760172418,-0.44606805162474783
-0.09184534592250253,0.13724065117129303,-0.4466066044138893
-0.09184534592250253,0.13724505983882584,-0.44677040001052426
-0.09184534592250253,0.1373131795769929,-0.4467543266344256
-0.09184534592250253,0.13763410100363294,-0.4459051983445821
-0.09184534592250253,0.13779294333943343,-0.44656237776746593
-0.09184534592250253,0.13794111305559048,-0.4440675939374626
-0.09184534592250253,0.13803131127950422,-0.44469217123385785
-0.09184534592250253,0.13810144658762907,-0.445054550032688
-0.09184534592250253,0.13813086041455203,-0.4446278643398802
-0.09184534592250253,0.13820586219984213,-0.4443087554780798
-0.09184534592250253,0.13816230182237352,-0.4469489864102636
-0.09184534592250253,0.13838307240752595,-0.4438756156364547
-0.09184534592250253,0.13835874437151371,-0.4458994244770049
-0.09184534592250253,0.1383674060005958,-0.4458869371914145
-0.09184534592250253,0.1397173532308337,-0.44582855172147506
-0.09184534592250253,0.13969483544916556,-0.4470798585426452
-0.09184534592250253,0.14023526026483477,-0.4461747032932839
-0.09184534592250253,0.1402397040604406,-0.4462786094175442
-0.09184534592250253,0.14058322464358392,-0.4437115049143913
-0.09184534592250253,0.14051409884418306,-0.4459180715800377
-0.09184534592250253,0.14050204470751892,-0.44649283519417093
-0.09184534592250253,0.14048834504609808,-0.4481255282841533
-0.09184534592250253,0.1406243585384778,-0.4468740597256027
-0.09184534592250253,0.14080098736404592,-0.44680840384619397
-0.09184534592250253,0.1410304265114626,-0.4458502448306628
-0.09184534592250253,0.14126189077374623,-0.44623173481559286
-0.09184534592250253,0.14137925423171796,-0.4450053412260587
-0.09184534592250253,0.1417886708415624,-0.44354440471812395
-0.09184534592250253,0.14176905137815352,-0.4464754955726011
-0.09184534592250253,0.1418770154184028,-0.4459440712800641
-0.09184534592250253,0.14199916320660605,-0.44394403836107565
-0.09184534592250253,0.14203810863227054,-0.44439279833161366
-0.09184534592250253,0.14194491008168297,-0.4463107305232978
-0.09184534592250253,0.14206908370701204,-0.4456296601329275
-0.09184534592250253,0.1422075732792071,-0.44404250995393324
-0.09184534592250253,0.14241397141580092,-0.4468056576543271
-0.09184534592250253,0.14288285975046758,-0.4461367744130734
-0.09184534592250253,0.14294074427402614,-0.44594320766154116
-0.09184534592250253,0.1429326290061577,-0.44622303922799944
-0.09184534592250253,0.14319413627689573,-0.4465610811343932
-0.09184534592250253,0.14347074930349232,-0.4458319000036121
-0.09184534592250253,0.14371372040764296,-0.44395334535395836
-0.09184534592250253,0.14366249801253422,-0.44655603234265595
-0.09184534592250253,0.14371816612156654,-0.44554569669799987
-0.09184534592250253,0.14372962126094754,-0.4457360224256476
-0.09184534592250253,0.14421476687078716,-0.44473037689896094
-0.09184534592250253,0.144190856858611,-0.4464247125475391
-0.09184534592250253,0.14458003876740105,-0.4447933599072476
-0.09184534592250253,0.14479082759514297,-0.4458301332666046
-0.09184534592250253,0.14490851770357568,-0.44429700725041266
-0.09184534592250253,0.14483018707902354,-0.4463527354399406
-0.09184534592250253,0.1448182914013737,-0.4469449111895566
-0.09184534592250253,0.14491053463960607,-0.4469284015233989
-0.09184534592250253,0.14512681977015962,-0.4459484519405943
-0.09184534592250253,0.14525179423603635,-0.44388006632971866
-0.09184534592250253,0.14553304121523258,-0.4458634043638857
-0.09184534592250253,0.14564814504194834,-0.4435692006143597
-0.09184534592250253,0.14567758124793798,-0.4469058338040328
-0.09184534592250253,0.145751327735657,-0.44609928269730864
-0.09184534592250253,0.14589050282505864,-0.4465026962272784
-0.09184534592250253,0.14597670486158654,-0.4458721463950164
-0.09184534592250253,0.1464981994024605,-0.44418408594738545
-0.09184534592250253,0.14667861449735414,-0.44628453365307985
-0.09184534592250253,0.14687096791412488,-0.44664033520327295
-0.09184534592250253,0.14706311501056618,-0.4458194838252083
-0.09184534592250253,0.14707807325755035,-0.4462705958257206
-0.09184534592250253,0.14728823444783284,-0.44506088432609814
-0.09184534592250253,0.14731781897872778,-0.44669819058751914
-0.09184534592250253,0.147613473298202,-0.4441479487886041
-0.09184534592250253,0.1477032210018435,-0.44465718553190126
-0.09184534592250253,0.14772846361327116,-0.44593955954616193
-0.09184534592250253,0.1478335505681985,-0.44670397523156374
-0.09184534592250253,0.14811256516313837,-0.4465092753586757
-0.09184534592250253,0.14815933391477304,-0.44715998509429233
-0.09184534592250253,0.1484654980005582,-0.446523605283888
-0.09184534592250253,0.1485780664952409,-0.4481275055626906
-0.09184534592250253,0.14872575192796494,-0.4461759033212791
-0.09184534592250253,0.14879759776790952,-0.44647232644709933
-0.09184534592250253,0.14894040022959032,-0.44404697738986454
-0.09184534592250253,0.14909927289501004,-0.44528306466411255
-0.09184534592250253,0.14915841651448136,-0.4458843690659514
-0.09184534592250253,0.1491459637732752,-0.4466559768599372
-0.09184534592250253,0.14926393414007322,-0.4460062261103655
-0.09184534592250253,0.14932116988102634,-0.44671144027596965
-0.09184534592250253,0.14983990820607213,-0.44475079498064307
-0.09184534592250253,0.14986421225570104,-0.44593808733666446
-0.09184534592250253,0.14988092816274218,-0.4459921742970139
-0.09184534592250253,0.1500572029392009,-0.44599753871504366
-0.09184534592250253,0.15010092105710016,-0.44582876203933847
-0.09184534592250253,0.15016699838109077,-0.445861167179421
-0.09184534592250253,0.15048682268967234,-0.44712402970117227
-0.09184534592250253,0.15052484037818273,-0.4467907413726438
-0.09184534592250253,0.15059427933906683,-0.44673231803626784
-0.09184534592250253,0.15071316650295175,-0.44440149640864723
-0.09184534592250253,0.15094639802755896,-0.4443919346963071
-0.09184534592250253,0.15140695544805866,-0.44546780593515606
-0.09184534592250253,0.15138307573737464,-0.44672565310054907
-0.09184534592250253,0.15152862710932571,-0.4450229104168518
-0.09184534592250253,0.15154503961316754,-0.44545164373866986
-0.09184534592250253,0.1516176341443124,-0.44711714448063755
-0.09184534592250253,0.15173939695019445,-0.44683268742088744
-0.09184534592250253,0.15180131684619322,-0.4461054208183004
-0.09184534592250253,0.1518264069847155,-0.44590160098054915
-0.09184534592250253,0.15204394861873158,-0.44346922263605293
-0.09184534592250253,0.1520914018134481,-0.4459182407984591
-0.09184534592250253,0.15210019744560804,-0.4461469065663439
-0.09184534592250253,0.15219668111885742,-0.44701687944944424
-0.09184534592250253,0.15243791202226448,-0.4447832896891213
-0.09184534592250253,0.15267241255111372,-0.4432032670518812
-0.09184534592250253,0.1529255822312181,-0.44440010250210793
-0.09184534592250253,0.15293377065389127,-0.44450996720705127
-0.09184534592250253,0.1528687271667004,-0.4464802559438613
-0.09184534592250253,0.15340188723403997,-0.4441387516426652
-0.09184534592250253,0.15356962597636012,-0.44514566967200403
-0.09184534592250253,0.15361071286146918,-0.44687481215734565
-0.09184534592250253,0.15383455713183006,-0.4443498567108892
-0.09184534592250253,0.15370763590865946,-0.4472737054578841
-0.09184534592250253,0.15427797271571408,-0.4436847852701383
-0.09184534592250253,0.15433291602611388,-0.446638141207762
-0.09184534592250253,0.15441843001944155,-0.4458998430311114
-0.09184534592250253,0.15476037430682665,-0.44465549407192684
-0.09184534592250253,0.1551239996351008,-0.446508084982037
-0.09184534592250253,0.15540114375091538,-0.44483680529767694
-0.09184534592250253,0.15572077673049334,-0.4442673840488283
-0.09184534592250253,0.15562974708272878,-0.44713240758838657
-0.09184534592250253,0.15570462884150557,-0.4471696201270394
-0.09184534592250253,0.1558897559003224,-0.4446645622443479
-0.09184534592250253,0.1558986454491271,-0.4461206263206824
-0.09184534592250253,0.1559442407837309,-0.4459432407572068
-0.09184534592250253,0.15590453120672537,-0.44681159206593724
-0.09184534592250253,0.15605782153762943,-0.4464820050954552
-0.09184534592250253,0.15609338490797958,-0.4458982272499261
-0.09184534592250253,0.15606792362175995,-0.44713951978142785
-0.09184534592250253,0.156125254358862,-0.4465924998585145
-0.09184534592250253,0.15618782082594224,-0.44624313899567675
-0.09184534592250253,0.15637315135080823,-0.44664099006738567
-0.09184534592250253,0.15654736336787378,-0.4438113145884364
-0.09184534592250253,0.15642212989804266,-0.44642555964116415
-0.09184534592250253,0.15644632677511974,-0.44727097062095356
-0.09184534592250253,0.1566657309971493,-0.4460498082716933
-0.09184534592250253,0.15665257717264774,-0.4465069746974326
-0.09184534592250253,0.15697324330021512,-0.44462634669016526
-0.09184534592250253,0.15705268165956446,-0.4454544189937216
-0.09184534592250253,0.15705401431850963,-0.44672401579730425
-0.09184534592250253,0.15715121211297903,-0.4452923009872286
-0.09184534592250253,0.1574796958692591,-0.4459633403999155
-0.09184534592250253,0.15785860510433325,-0.44469696827136906
-0.09184534592250253,0.15787935540619058,-0.4449544650783465
-0.09184534592250253,0.1578967156060575,-0.44690324754790967
-0.09184534592250253,0.15831656441151234,-0.4460986547888562
-0.09184534592250253,0.15836714653511227,-0.44820779133831845
-0.09184534592250253,0.15858172631217748,-0.4463396766549838
-0.09184534592250253,0.15858733092487973,-0.4470560196108109
-0.09184534592250253,0.1586749521692033,-0.44695648461485205
-0.09184534592250253,0.15885573328732275,-0.4442052731353857
-0.09184534592250253,0.15908751771541557,-0.44300440520022655
-0.09184534592250253,0.1591308174875855,-0.44687642155049156
-0.09184534592250253,0.15943983313117308,-0.4428762848282676
-0.09184534592250253,0.15962124371049177,-0.44537473370079694
-0.09184534592250253,0.1595610736177716,-0.4467522752595512
-0.09184534592250253,0.15989074059292294,-0.4438272853182271
-0.09184534592250253,0.1597601936397629,-0.4470957431385002
-0.09184534592250253,0.15979303786679103,-0.446991525695154
-0.09184534592250253,0.1599885684846762,-0.4466476032143821
-0.09184534592250253,0.1602765105770975,-0.44683361102861874
-0.09184534592250253,0.16040080512944951,-0.4447577670396743
-0.09184534592250253,0.16048553023876425,-0.4468288140165788
-0.09184534592250253,0.16059520298005428,-0.4456502754329824
-0.09184534592250253,0.16062045752298415,-0.44632334883835423
-0.09184534592250253,0.16070698764053717,-0.4467672807625028
-0.09184534592250253,0.160736828529011,-0.44636692761778596
-0.09184534592250253,0.1607258549172132,-0.4466699628817366
-0.09184534592250253,0.1608267669287117,-0.4461084896287909
-0.09184534592250253,0.16101399585036463,-0.4460900218854508
-0.09184534592250253,0.16110993293246795,-0.4459688582078441
-0.09184534592250253,0.16131930105604408,-0.44597557206562666
-0.09184534592250253,0.16142313054781854,-0.44614521089323556
-0.09184534592250253,0.16163051750179314,-0.44337263994137666
-0.09184534592250253,0.1614975450982622,-0.4464114912879938
-0.09184534592250253,0.16189492278786324,-0.4431318179347302
-0.09184534592250253,0.16185808908122826,-0.44672887604705336
-0.09184534592250253,0.1619128429241207,-0.4467539513017341
-0.09184534592250253,0.16191397603610921,-0.44677614917576663
-0.09184534592250253,0.16215749860584297,-0.4455028894348265
-0.09184534592250253,0.16228719349960255,-0.4467297171574866
-0.09184534592250253,0.16269884439437218,-0.44427610972768905
-0.09184534592250253,0.16256378204585967,-0.44698897294868767
-0.09184534592250253,0.1627098010025492,-0.44656678206089406
-0.09184534592250253,0.16282956537415239,-0.44645984031552555
-0.09184534592250253,0.16293928170734254,-0.44475869978649774
-0.09184534592250253,0.16295653282361233,-0.44588076393086046
-0.09184534592250253,0.16308939042416576,-0.44389163655993685
-0.09184534592250253,0.1629978485606905,-0.4466799455387481
-0.09184534592250253,0.1630915437052155,-0.44609094519578535
-0.09184534592250253,0.16312104238567054,-0.4469727286754558
-0.09184534592250253,0.1633531311712505,-0.4452048607443419
-0.09184534592250253,0.1633437210984884,-0.44677332161167566
-0.09184534592250253,0.16356372900195423,-0.44597178559559186
-0.09184534592250253,0.1639119083376473,-0.4449343298025429
-0.09184534592250253,0.1638814231040683,-0.4458869948295758
-0.09184534592250253,0.1640959806805468,-0.4449018672948192
-0.09184534592250253,0.16419194629278183,-0.4458966931986888
-0.09184534592250253,0.1643077382179906,-0.44650689429224555
-0.09184534592250253,0.16450022009606965,-0.44343498969277856
-0.09184534592250253,0.1645029099210861,-0.4456923697763817
-0.09184534592250253,0.1646543863719599,-0.44692153987648664
-0.09184534592250253,0.16483471944109526,-0.44586012209472664
-0.09184534592250253,0.16509314969460198,-0.4431624864968207
-0.09184534592250253,0.16502035783808708,-0.44700554196746245
-0.09184534592250253,0.16490053416876016,-0.4499197338178936
-0.09184534592250253,0.16511553424463382,-0.44618600233515093
-0.09184534592250253,0.16511181060213037,-0.4469068893109022
-0.09184534592250253,0.16523579832651944,-0.4453444764740563
-0.09184534592250253,0.16531234810570525,-0.4464799822692719
-0.09184534592250253,0.16553407906373963,-0.4462525428326586
-0.09184534592250253,0.1653568588199164,-0.4498477727906815
-0.09184534592250253,0.16557210095087124,-0.4468205668349395
-0.09184534592250253,0.16572330310312502,-0.44662730214090285
-0.09184534592250253,0.16581557189464785,-0.44574929205637026
-0.09184534592250253,0.1656258352102782,-0.4497862607972733
-0.09184534592250253,0.1660563123083816,-0.4466118218878532
-0.09184534592250253,0.16595619076297188,-0.45041459137618955
-0.09184534592250253,0.16635666564547213,-0.44593593720796
-0.09184534592250253,0.16647804137510835,-0.4467100797197757
-0.09184534592250253,0.1665443120694163,-0.4455352164838281
-0.09184534592250253,0.16658805332098853,-0.44612038044088403
-0.09184534592250253,0.1666260128034811,-0.44584848953303713
-0.09184534592250253,0.16662032531755958,-0.4464356735679057
-0.09184534592250253,0.16687514895793637,-0.44264514553650636
-0.09184534592250253,0.16677467160154863,-0.4470458439675732
-0.09184534592250253,0.16688354453961174,-0.44630440885701955
-0.09184534592250253,0.16691155211838385,-0.44583079078223287
-0.09184534592250253,0.16712219462857408,-0.44255795937549997
-0.09184534592250253,0.16724556797044532,-0.4465232582444048
-0.09184534592250253,0.1673109421172137,-0.44619857888764697
-0.09184534592250253,0.167379345682565,-0.4464718584660835
-0.09184534592250253,0.16745908458619302,-0.44690330902872655
-0.09184534592250253,0.1676456817466851,-0.4445769623971622
-0.09184534592250253,0.16775589459492768,-0.44670478084987086
-0.09184534592250253,0.1677614544598865,-0.44665496425256157
-0.09184534592250253,0.1677768787804319,-0.4467607929024027
-0.09184534592250253,0.1678437644025197,-0.4470656457437344
-0.09184534592250253,0.1679039408533382,-0.4466609843216839
-0.09184534592250253,0.16792376392691863,-0.44714284912810576
-0.09184534592250253,0.16801908834431095,-0.4462534371263571
-0.09184534592250253,0.1678943939800991,-0.4505465718813236
-0.09184534592250253,0.16815991006061334,-0.44677689346209093
-0.09184534592250253,0.16821177083879374,-0.44711799312391276
-0.09184534592250253,0.16844418153776286,-0.4432816259720095
-0.09184534592250253,0.1684277932935246,-0.443966575494624
-0.09184534592250253,0.16837000868485202,-0.44635623550826264
-0.09184534592250253,0.16855660520906654,-0.44618967306960433
-0.09184534592250253,0.1685801060691423,-0.44627709019142014
-0.09184534592250253,0.1686511751351869,-0.4452766588585507
-0.09184534592250253,0.16880809922650045,-0.4425134426507809
-0.09184534592250253,0.1686587022810355,-0.4464040413235685
-0.09184534592250253,0.1685428440808721,-0.45053724322737637
-0.09184534592250253,0.1689563350261159,-0.44353434766538774
-0.09184534592250253,0.16898705446346157,-0.4454467163266539
-0.09184534592250253,0.16908116520281585,-0.44549670531464014
-0.09184534592250253,0.16906834951046973,-0.4458468890263592
-0.09184534592250253,0.16916887359278715,-0.4460165757998699
-0.09184534592250253,0.1693129845142338,-0.445341101549209
-0.09184534592250253,0.1694011512091923,-0.4458710144684499
-0.09184534592250253,0.16942166586963028,-0.445905935436556
-0.09184534592250253,0.16921162769359518,-0.4502620769172324
-0.09184534592250253,0.16923434752541938,-0.4500062109581692
-0.09184534592250253,0.1695075196896443,-0.44631150917856016
-0.09184534592250253,0.16951677451505043,-0.44978961333918255
-0.09184534592250253,0.16983252843940574,-0.4456852938943515
-0.09184534592250253,0.1698743262184993,-0.4499432488820986
-0.09184534592250253,0.1700081780377749,-0.45005181208031086
-0.09184534592250253,0.17027788950680434,-0.44608883402662497
-0.09184534592250253,0.17030220671175658,-0.4460909201891921
-0.09184534592250253,0.1701198993981666,-0.45004897171782715
-0.09184534592250253,0.17013833456171906,-0.44991592015246906
-0.09184534592250253,0.17037995204083703,-0.45026513729044265
-0.09184534592250253,0.1704952935375152,-0.44954374417948406
-0.09184534592250253,0.1705489089131593,-0.4502815068064439
-0.09184534592250253,0.1707509658566176,-0.4499570879522351
-0.09184534592250253,0.17101823827389656,-0.44610708140831506
-0.09184534592250253,0.1711506490950919,-0.4462004759232444
-0.09184534592250253,0.1712168270217951,-0.4499723228842203
-0.09184534592250253,0.1713426192080238,-0.4500589648241646
-0.09184534592250253,0.17135030864353734,-0.44994305700363557
-0.09184534592250253,0.17146669036242418,-0.45028722422871614
-0.09184534592250253,0.17182420884260333,-0.4458397752254124
-0.09184534592250253,0.17207928639399725,-0.4462734275714553
-0.09184534592250253,0.17208358827444864,-0.44902448506840026
-0.09184534592250253,0.17205701686920044,-0.4500009510131173
-0.09184534592250253,0.17231729420753214,-0.4449408521841458
-0.09184534592250253,0.1722203386820278,-0.4498457710465644
-0.09184534592250253,0.1724400201362357,-0.4458637073147601
-0.09184534592250253,0.17266980814542732,-0.44440703889641264
-0.09184534592250253,0.17244835599519392,-0.44980920031350324
-0.09184534592250253,0.17285941008335906,-0.4458746376253969
-0.09184534592250253,0.1727493490204968,-0.44974357559960554
-0.09184534592250253,0.1727886935637284,-0.4499983251716104
-0.09184534592250253,0.17292992252362696,-0.45007788017693173
-0.09184534592250253,0.17338491198546982,-0.442500590215402
-0.09184534592250253,0.17333075959734606,-0.44379240049795554
-0.09184534592250253,0.1733908595478365,-0.44620078833738064
-0.09184534592250253,0.17336900174478143,-0.44879584181436205
-0.09184534592250253,0.17335995310568092,-0.45010318438462177
-0.09184534592250253,0.17377620273356525,-0.4428211558361589
-0.09184534592250253,0.17368107782415249,-0.44571318074268995
-0.09184534592250253,0.17368478975213947,-0.4463348097481179
-0.09184534592250253,0.17358576475605192,-0.4502537322751029
-0.09184534592250253,0.17372226646123498,-0.4499669161576382
-0.09184534592250253,0.17405634106081344,-0.44610916710097126
-0.09184534592250253,0.17427529948968343,-0.4433158918386177
-0.09184534592250253,0.1742265332360668,-0.4458598669229789
-0.09184534592250253,0.17415874731691044,-0.4472448050027168
-0.09184534592250253,0.17438086284426904,-0.44618242181560475
-0.09184534592250253,0.17445532065363106,-0.4462142910710099
-0.09184534592250253,0.17451708003609084,-0.4459744840073163
-0.09184534592250253,0.174337330567283,-0.44993962160658807
-0.09184534592250253,0.1749461398956762,-0.4423656325131408
-0.09184534592250253,0.17500853140974312,-0.4424822847484242
-0.09184534592250253,0.17496660365828698,-0.44583291731693864
-0.09184534592250253,0.1748362055216871,-0.45002410589413444
-0.09184534592250253,0.17491444928938746,-0.4499775015600397
-0.09184534592250253,0.17505040485619378,-0.44924923586945337
-0.09184534592250253,0.1752550309405722,-0.4460209197874473
-0.09184534592250253,0.1751607948393809,-0.44972823148800567
-0.09184534592250253,0.17579417346443893,-0.44522448173849904
-0.09184534592250253,0.17566655623555977,-0.449466660472459
-0.09184534592250253,0.17620217759010193,-0.4458458706692173
-0.09184534592250253,0.1763581588174455,-0.446285264470267
-0.09184534592250253,0.1766200181997116,-0.4447389822138298
-0.09184534592250253,0.17639202663905304,-0.4498150153953631
-0.09184534592250253,0.1766361022165621,-0.4460038733737661
-0.09184534592250253,0.17663217557369315,-0.446206603283972
-0.09184534592250253,0.17669114073563588,-0.44920351618218296
-0.09184534592250253,0.17706243940187927,-0.44379023350083135
-0.09184534592250253,0.1769719483414605,-0.44961774354987716
-0.09184534592250253,0.17729880135612067,-0.4461885483635233
-0.09184534592250253,0.1775444544705478,-0.44632897260520976
-0.09184534592250253,0.17737810003108523,-0.4501314871436345
-0.09184534592250253,0.17741313099779893,-0.44963722651441784
-0.09184534592250253,0.17772777140071322,-0.4460274742434926
-0.09184534592250253,0.17786094811141412,-0.44886385123755834
-0.09184534592250253,0.1779018597795327,-0.44974738652197016
-0.09184534592250253,0.1780239738367022,-0.449909998215009
-0.09184534592250253,0.17862842563214115,-0.4462097965015531
-0.09184534592250253,0.1787246563626165,-0.4459678064176483
-0.09184534592250253,0.17881152677357617,-0.4463593700861629
-0.09184534592250253,0.17867507883982287,-0.4499124613093807
-0.09184534592250253,0.17886139287741706,-0.44673112385559566
-0.09184534592250253,0.17884037311651924,-0.4498687167848294
-0.09184534592250253,0.17907745483028736,-0.4490231789671195
-0.09184534592250253,0.17921013562504468,-0.4464146083392475
-0.09184534592250253,0.17907786591126884,-0.449564263261095
-0.09184534592250253,0.17945620912135068,-0.44638726505991777
-0.09184534592250253,0.1795235631245963,-0.44700529998766736
-0.09184534592250253,0.17957625658665152,-0.44980094074676913
-0.09184534592250253,0.1797081493259841,-0.4496541915316138
-0.09184534592250253,0.1799185126633755,-0.4492315370566079
-0.09184534592250253,0.1799701706868823,-0.448814387492189
-0.09184534592250253,0.17993830562300725,-0.4498401112226182
-0.09184534592250253,0.17999987978948892,-0.44955548623986574
-0.09184534592250253,0.18059043124057156,-0.44690582296742876
-0.09184534592250253,0.18069093164680694,-0.4461966805459362
-0.09184534592250253,0.18054134542048794,-0.44959783318958
-0.09184534592250253,0.18091514778308854,-0.4500225903451126
-0.09184534592250253,0.18118244431588204,-0.44674604908079185
-0.09184534592250253,0.18107531955431275,-0.4490928134142298
-0.09184534592250253,0.1812809031960328,-0.4488937205954186
-0.09184534592250253,0.1815309648372768,-0.4450869378604828
-0.09184534592250253,0.1815370581491616,-0.44920945865728024
-0.09184534592250253,0.18178444460739288,-0.4498475231430555
-0.09184534592250253,0.18198099745476265,-0.44625892194623373
-0.09184534592250253,0.18210091914921642,-0.44636676593180824
-0.09184534592250253,0.18223257321426417,-0.4457214754334405
-0.09184534592250253,0.1823585910666968,-0.4440905249495942
-0.09184534592250253,0.18223600244125004,-0.449061061805266
-0.09184534592250253,0.1826052139278068,-0.44241255836232407
-0.09184534592250253,0.18238836730942964,-0.44705254061360433
-0.09184534592250253,0.18267922072957082,-0.4424701501930449
-0.09184534592250253,0.1827122764203611,-0.4422901374136329
-0.09184534592250253,0.18274870793848236,-0.4432577497419946
-0.09184534592250253,0.18281616214736807,-0.4426960335921364
-0.09184534592250253,0.18262061126712126,-0.44919457968937354
-0.09184534592250253,0.18266501568974267,-0.4497964215217676
-0.09184534592250253,0.18269904860897426,-0.4498987642594129
-0.09184534592250253,0.18296734844355528,-0.44679027402370797
-0.09184534592250253,0.1831045405574807,-0.4464341484498213
-0.09184534592250253,0.1832347875476671,-0.44636337108485125
-0.09184534592250253,0.18316014420594223,-0.44951935266592824
-0.09184534592250253,0.18328334159616985,-0.44904772371675616
-0.09184534592250253,0.18326273572052965,-0.44949366306403005
-0.09184534592250253,0.18346196403244786,-0.44985824037658284
-0.09184534592250253,0.1835607873282597,-0.44978454826360237
-0.09184534592250253,0.18388698723259114,-0.44701942148195795
-0.09184534592250253,0.1838311475210374,-0.4488314672185253
-0.09184534592250253,0.1839514214228689,-0.44794158782536564
-0.09184534592250253,0.18425852150981642,-0.4470609341342471
-0.09184534592250253,0.18436211024418603,-0.446478091399851
-0.09184534592250253,0.18457858694255297,-0.44740173346177303
-0.09184534592250253,0.18445280302603428,-0.4499916308630205
-0.09184534592250253,0.1845830485649095,-0.4491649661673144
-0.09184534592250253,0.18472327445023035,-0.44714188342412964
-0.09184534592250253,0.18459320467122192,-0.44999535617896613
-0.09184534592250253,0.1847858156136349,-0.44888215017103805
-0.09184534592250253,0.18496574934444243,-0.4474851270661623
-0.09184534592250253,0.18498083390920622,-0.4472174898141692
-0.09184534592250253,0.1850357490891265,-0.44702349512945894
-0.09184534592250253,0.1850285599236524,-0.44756741396102995
-0.09184534592250253,0.18518963459493304,-0.448747560101949
-0.09184534592250253,0.1852900922534637,-0.44756173311169634
-0.09184534592250253,0.18536563944636386,-0.4490563632710983
-0.09184534592250253,0.18534461262138366,-0.4499965028519818
-0.09184534592250253,0.1854210572219955,-0.4488496500334147
-0.09184534592250253,0.18547672715236424,-0.44906906991328
-0.09184534592250253,0.18548399455702935,-0.44923293591721114
-0.09184534592250253,0.1855114193680174,-0.4493922712746914
-0.09184534592250253,0.18563687457467998,-0.44877572476896943
-0.09184534592250253,0.18583966527714874,-0.44988508098494495
-0.09184534592250253,0.18595541965438164,-0.4499889956060699
-0.09184534592250253,0.18611081367242577,-0.4491774285369769
-0.09184534592250253,0.18630379410836714,-0.44773758737493924
-0.09184534592250253,0.1866312730388109,-0.4447055607444803
-0.09184534592250253,0.18653349310612694,-0.44711074885253266
-0.09184534592250253,0.18640425707333974,-0.45015447964169486
-0.09184534592250253,0.1864170214114589,-0.45009074939609334
-0.09184534592250253,0.18675949237151374,-0.44514600069749666
-0.09184534592250253,0.18667359020888943,-0.4475946082371638
-0.09184534592250253,0.1868896859632545,-0.4470938548281339
-0.09184534592250253,0.18697060243278701,-0.44577876305558356
-0.09184534592250253,0.18688376610611013,-0.44778747073417907
-0.09184534592250253,0.18691916675569825,-0.44878858445785796
-0.09184534592250253,0.18711627134064415,-0.4469015676565486
-0.09184534592250253,0.18724047885299566,-0.44650190509467436
-0.09184534592250253,0.1871182149097932,-0.4500093253004819
-0.09184534592250253,0.1874101036106941,-0.45026242864094357
-0.09184534592250253,0.18753075802823077,-0.44883024238678065
-0.09184534592250253,0.1876217295787127,-0.44720375383655153
-0.09184534592250253,0.18759654344338755,-0.4477941001655929
-0.09184534592250253,0.18769382501450543,-0.447633603431747
-0.09184534592250253,0.18779847489322832,-0.44776060542923035
-0.09184534592250253,0.1877611615154215,-0.4487201936137624
-0.09184534592250253,0.18780029753026403,-0.4487530864529416
-0.09184534592250253,0.18780175340834282,-0.44951761255075423
-0.09184534592250253,0.1878420687099556,-0.4488037385762622
-0.09184534592250253,0.18782759734098753,-0.4501185547004465
-0.09184534592250253,0.187930566496283,-0.4495286096077153
-0.09184534592250253,0.18798559130472167,-0.449026956341698
-0.09184534592250253,0.18844461534534696,-0.4478287662407775
-0.09184534592250253,0.18843634308415863,-0.450282579102748
-0.09184534592250253,0.18858517945916192,-0.44737618118891087
-0.09184534592250253,0.18856394138313942,-0.44888668586918923
-0.09184534592250253,0.18856068897967726,-0.4492164232041229
-0.09184534592250253,0.1886555211368448,-0.45016325762200304
-0.09184534592250253,0.1890819979687234,-0.4487041612748991
-0.09184534592250253,0.1891097087967858,-0.44871772420339473
-0.09184534592250253,0.1892551205889451,-0.4491968825859465
-0.09184534592250253,0.18965985890388232,-0.4423053736184766
-0.09184534592250253,0.18975246579112784,-0.4424274290021466
-0.09184534592250253,0.18993024991542973,-0.4424954274978609
-0.09184534592250253,0.18974947419861993,-0.4479001502797014
-0.09184534592250253,0.1897257823624604,-0.44891186626174384
-0.09184534592250253,0.18984020351237957,-0.44757095635528044
-0.09184534592250253,0.19008757694704692,-0.4427277269027845
-0.09184534592250253,0.1898271717371061,-0.4483985730050904
-0.09184534592250253,0.18985453027894095,-0.44882766031151794
-0.09184534592250253,0.19009390278748073,-0.44410852386035726
-0.09184534592250253,0.1899217202657874,-0.4479325837245173
-0.09184534592250253,0.18992113302285857,-0.4479764012952726
-0.09184534592250253,0.18995056513513192,-0.4483813262994695
-0.09184534592250253,0.18993682953449958,-0.4502906163519036
-0.09184534592250253,0.19010726751210294,-0.4475813652581597
-0.09184534592250253,0.1900742329924946,-0.4486510637743978
-0.09184534592250253,0.1903584065069402,-0.4432828323654089
-0.09184534592250253,0.19009294452012704,-0.44870524557677527
-0.09184534592250253,0.19022893975517172,-0.4480601164554224
-0.09184534592250253,0.19021626945597037,-0.44868155309165847
-0.09184534592250253,0.1903076229911778,-0.4475215391404387
-0.09184534592250253,0.1903168468871547,-0.44870310520185835
-0.09184534592250253,0.1904447035061131,-0.44800522166669055
-0.09184534592250253,0.1903346330283975,-0.4505246537143893
-0.09184534592250253,0.19044447316484353,-0.4486806703555154
-0.09184534592250253,0.19062105957128106,-0.4452118617331478
-0.09184534592250253,0.19039625858315495,-0.44991625177425143
-0.09184534592250253,0.19049803721043262,-0.4481308912857579
-0.09184534592250253,0.19054730230424569,-0.44814182427968174
-0.09184534592250253,0.19060744666582183,-0.4472441137955847
-0.09184534592250253,0.190625737993641,-0.44780365047760007
-0.09184534592250253,0.19049504847474802,-0.4508145585884695
-0.09184534592250253,0.1907270592592069,-0.44657396519414116
-0.09184534592250253,0.19066127353490506,-0.44823585656917525
-0.09184534592250253,0.19068847531954033,-0.4481533730236995
-0.09184534592250253,0.19071244530441314,-0.447892135986721
-0.09184534592250253,0.19092503284250725,-0.4458118758146764
-0.09184534592250253,0.19083104660869113,-0.4480233348506487
-0.09184534592250253,0.19073402038773932,-0.45059177033852715
-0.09184534592250253,0.19086407557398383,-0.4485236070923425
-0.09184534592250253,0.19089906470011292,-0.44839365500320144
-0.09184534592250253,0.19092579461450476,-0.4486717125790915
-0.09184534592250253,0.19094192278768524,-0.44850519210513373
-0.09184534592250253,0.19102309437142898,-0.4482214581994217
-0.09184534592250253,0.19108882743298644,-0.4482161628832376
-0.09184534592250253,0.19099841246385235,-0.45033860759868427
-0.09184534592250253,0.19111202365293775,-0.44840705772585876
-0.09184534592250253,0.19115811646756625,-0.4479693335897333
-0.09184534592250253,0.19120191483147736,-0.4480815723598681
-0.09184534592250253,0.19119940454087253,-0.44919078791080413
-0.09184534592250253,0.19126772699311095,-0.4481277923662238
-0.09184534592250253,0.19131988595903174,-0.44791714476322575
-0.09184534592250253,0.19130271782747127,-0.4483227522437676
-0.09184534592250253,0.19142104866571752,-0.4484558128404357
-0.09184534592250253,0.1913433171517724,-0.45026556347320845
-0.09184534592250253,0.19151424371608478,-0.4480884920338068
-0.09184534592250253,0.19152411235239575,-0.448791267730527
-0.09184534592250253,0.1915608239160065,-0.44808097280193226
-0.09184534592250253,0.19149526550877663,-0.4494469208412796
-0.09184534592250253,0.19156262581532402,-0.45054778492887315
-0.09184534592250253,0.19186229846970712,-0.4472550921786346
-0.09184534592250253,0.19184997044346364,-0.4480241450756469
-0.09184534592250253,0.19185565818094377,-0.4482670344167291
-0.09184534592250253,0.19195099884783934,-0.44773128401653256
-0.09184534592250253,0.19184775693459236,-0.4500143671843756
-0.09184534592250253,0.19191461603135046,-0.4487740716509683
-0.09184534592250253,0.1920197007675749,-0.4489956203990765
-0.09184534592250253,0.1921134456632288,-0.4492582957419382
-0.09184534592250253,0.19210350622898908,-0.44957501591838916
-0.09184534592250253,0.1922078803474512,-0.44765510172130574
-0.09184534592250253,0.19238660915205694,-0.4495684161603172
-0.09184534592250253,0.19247704882363345,-0.44866509286217243
-0.09184534592250253,0.1924227941160868,-0.44981741589810736
-0.09184534592250253,0.1925373670053287,-0.44790051878578724
-0.09184534592250253,0.1925474664244218,-0.4484963372450349
-0.09184534592250253,0.19264050981739492,-0.4502238651775359
-0.09184534592250253,0.19280551365747212,-0.44790552712314186
-0.09184534592250253,0.19271479345197168,-0.4497304161336593
-0.09184534592250253,0.19284184306595298,-0.4481249289655235
-0.09184534592250253,0.19283891464983346,-0.4490433734058754
-0.09184534592250253,0.1927584235492834,-0.45083148168785464
-0.09184534592250253,0.1929472477001487,-0.4479825983539591
-0.09184534592250253,0.19280425189420725,-0.4510578506445977
-0.09184534592250253,0.19296707019598916,-0.4478971613593915
-0.09184534592250253,0.19293932989192247,-0.4485853072254946
-0.09184534592250253,0.19294319651869585,-0.4497539341418587
-0.09184534592250253,0.19297713533645294,-0.44924762610375774
-0.09184534592250253,0.1929822242982595,-0.44942046817672093
-0.09184534592250253,0.19305456669482432,-0.4485028839162921
-0.09184534592250253,0.19298588771672798,-0.44996766072257643
-0.09184534592250253,0.19319632910447587,-0.44589434737657724
-0.09184534592250253,0.19321025753084187,-0.4481220660811513
-0.09184534592250253,0.19313554874399635,-0.4502705952190398
-0.09184534592250253,0.19322041508521356,-0.449071344981939
-0.09184534592250253,0.1933287054469058,-0.4501457050691302
-0.09184534592250253,0.193472887014283,-0.44779016945188876
-0.09184534592250253,0.19344992912882716,-0.44908978865899574
-0.09184534592250253,0.19349817868120384,-0.44826235722576313
-0.09184534592250253,0.19351621562938728,-0.44825554106243976
-0.09184534592250253,0.19347705968444162,-0.45026835274956933
-0.09184534592250253,0.19360413856535794,-0.4484777630589094
-0.09184534592250253,0.19365871069901636,-0.44763863876766646
-0.09184534592250253,0.193622567140555,-0.4495505521853607
-0.09184534592250253,0.19372764911310364,-0.44874886394712443
-0.09184534592250253,0.1937684563789963,-0.4484904774378023
-0.09184534592250253,0.19384041970482052,-0.4493217517849686
-0.09184534592250253,0.1939135745165601,-0.44872449921109453
-0.09184534592250253,0.19380889437041116,-0.45091269487567137
-0.09184534592250253,0.19404687622399122,-0.4484372276136003
-0.09184534592250253,0.1940751831510617,-0.4478926424283117
-0.09184534592250253,0.19412313603764275,-0.44858054357387167
-0.09184534592250253,0.1942131729129827,-0.4481237499931689
-0.09184534592250253,0.19420753406920516,-0.44968390301350675
-0.09184534592250253,0.19413950056341678,-0.4510608503367607
-0.09184534592250253,0.19439180120124527,-0.44805758564473086
-0.09184534592250253,0.19441914219143458,-0.4507369744592803
-0.09184534592250253,0.19459789876928602,-0.4494875469772995
-0.09184534592250253,0.19469716538342857,-0.44781248420723774
-0.09184534592250253,0.1946349742269089,-0.44961601762282516
-0.09184534592250253,0.19474073634449968,-0.44787603007218013
-0.09184534592250253,0.19471890461299968,-0.45081567950334756
-0.09184534592250253,0.19485730285216665,-0.44835043108597733
-0.09184534592250253,0.1948617284651409,-0.44866156725331174
-0.09184534592250253,0.19480473980293342,-0.4511484572123255
-0.09184534592250253,0.19490201708064234,-0.45027636971214924
-0.09184534592250253,0.1949043452932535,-0.45056693755575383
-0.09184534592250253,0.1952751404781075,-0.45082358380056986
-0.09184534592250253,0.19551728226442144,-0.4476448303296563
-0.09184534592250253,0.1954387693004113,-0.4506763323945554
-0.09184534592250253,0.19553634622868654,-0.4505040865975484
-0.09184534592250253,0.196081477979802,-0.44248624717336116
-0.09184534592250253,0.19584107170443033,-0.44791780277885485
-0.09184534592250253,0.1962154795620581,-0.4423777666107708
-0.09184534592250253,0.1962904354731072,-0.4424870518360656
-0.09184534592250253,0.19610278219866503,-0.4464807906195214
-0.09184534592250253,0.19607755155697235,-0.447513265453198
-0.09184534592250253,0.19590271589173613,-0.4514313694073356
-0.09184534592250253,0.19610764831474775,-0.4484679397692659
-0.09184534592250253,0.19643213605168036,-0.4427664972973868
-0.09184534592250253,0.19614602428554628,-0.44867181859256133
-0.09184534592250253,0.196142275717666,-0.4515286210489227
-0.09184534592250253,0.19655463580915963,-0.44334577993468416
-0.09184534592250253,0.1966620413252641,-0.4441549334589718
-0.09184534592250253,0.19639552994777182,-0.4499971619119407
-0.09184534592250253,0.19669184220065133,-0.44513689783410626
-0.09184534592250253,0.19667337120624429,-0.44990766691375483
-0.09184534592250253,0.19700772317099818,-0.45038803535609906
-0.09184534592250253,0.19695894154560917,-0.45174940833554467
-0.09184534592250253,0.19712344249643446,-0.4486061248632567
-0.09184534592250253,0.19718938080515458,-0.4517274790272822
-0.09184534592250253,0.19729131154624716,-0.45005025375117375
-0.09184534592250253,0.19742290245505806,-0.45030713970180436
-0.09184534592250253,0.19797094437044777,-0.4484348709672296
-0.09184534592250253,0.1980294125403344,-0.4520897910543041
-0.09184534592250253,0.19869818498796707,-0.45204754193332447
-0.09184534592250253,0.19899964540203008,-0.4470294656652213
-0.09184534592250253,0.1988458781054958,-0.45106849761862067
-0.09184534592250253,0.19891275957118296,-0.4513697043711288
-0.09184534592250253,0.19893269104887845,-0.45209181395249054
-0.09184534592250253,0.1990257833901179,-0.45059639804737206
-0.09184534592250253,0.19924969596280145,-0.44846275264851565
-0.09184534592250253,0.1995482634892273,-0.44834994663269756
-0.09184534592250253,0.19972390354592606,-0.4484755411002288
-0.09184534592250253,0.19961068383821626,-0.451450832749565
-0.09184534592250253,0.2001284194622291,-0.45260921443520863
-0.09184534592250253,0.20020178123238883,-0.4519662757508972
-0.09184534592250253,0.2003852910381508,-0.4509714525652125
-0.09184534592250253,0.20097069788525954,-0.4481202836707848
-0.09184534592250253,0.2010099629171816,-0.4482624590912401
-0.09184534592250253,0.2013127102743199,-0.44621199041053644
-0.09184534592250253,0.20131549262425832,-0.44787243931696785
-0.09184534592250253,0.2014042506684081,-0.44755971972780517
-0.09184534592250253,0.20129771203293095,-0.4513821927303068
-0.09184534592250253,0.20157667780658142,-0.4523314911507732
-0.09184534592250253,0.20186210440833546,-0.44726899830071587
-0.09184534592250253,0.20232004007012996,-0.445178541065712
-0.09184534592250253,0.2024910504159154,-0.44247212254284773
-0.09184534592250253,0.20276578051624072,-0.4425551723618433
-0.09184534592250253,0.2031175779833854,-0.4428563358132729
-0.09184534592250253,0.2031647317296909,-0.44339935644175144
-0.09184534592250253,0.20296688673892985,-0.44819977041113507
-0.09184534592250253,0.2031947606343571,-0.4442040627928089
-0.09184534592250253,0.20389356998040536,-0.44829032582145395
-0.09184534592250253,0.2047741240216253,-0.4467654084040864
-0.09184534592250253,0.20605718172631576,-0.44843063556006363
-0.09184534592250253,0.20692066181072677,-0.44595526301944743
-0.09184534592250253,0.20862185910103548,-0.442482591608722
-0.09184534592250253,0.2090564123126542,-0.4426159139824564
-0.09184534592250253,0.20906279305516762,-0.4450712221875093
-0.09184534592250253,0.20956463712175005,-0.4429546084289542
-0.09184534592250253,0.20964915890485625,-0.4433895315460739
-0.09184534592250253,0.20973705738429074,-0.444116330591533
0.024893467520294886,0.012886915935232647,-0.4614114419952632
0.024893467520294886,0.01300657705400289,-0.46184244872717717
0.024893467520294886,0.013760506691762712,-0.46107105076233024
0.024893467520294886,0.014131060745105953,-0.4607698765099275
0.024893467520294886,0.015017964414427487,-0.4623626427102596
0.024893467520294886,0.015226846389813729,-0.46160904070459785
0.024893467520294886,0.01581902490380302,-0.4615901806731859
0.024893467520294886,0.016354955974337563,-0.46301599932028226
0.024893467520294886,0.016778274764816234,-0.46134164862792937
0.024893467520294886,0.016748396379973923,-0.4637731331598747
0.024893467520294886,0.016854152584302402,-0.4633850282587547
0.024893467520294886,0.0170995839217363,-0.4609552978369748
0.024893467520294886,0.01724809956407248,-0.4611714468237489
0.024893467520294886,0.017312646840773473,-0.4616015540719537
0.024893467520294886,0.017290559504122248,-0.46455609586420227
0.024893467520294886,0.01759084766775843,-0.4611814954718958
0.024893467520294886,0.017964937120687127,-0.4653369941809775
0.024893467520294886,0.01829138207807827,-0.4617300919199432
0.024893467520294886,0.018292134879849153,-0.46179851532312355
0.024893467520294886,0.018355557587809098,-0.4609218924990969
0.024893467520294886,0.018557921242774975,-0.46084168375513995
0.024893467520294886,0.018678646642816512,-0.46160505470120994
0.024893467520294886,0.01896590659422767,-0.4611511679865908
0.024893467520294886,0.01867604082636773,-0.46851081819620427
0.024893467520294886,0.018713558834090004,-0.46853279787744906
0.024893467520294886,0.018953824716558744,-0.46605308618065183
0.024893467520294886,0.018918867205303606,-0.46845364516335763
0.024893467520294886,0.019512533930089532,-0.4607424213634187
0.024893467520294886,0.01960087620066399,-0.46082581029542435
0.024893467520294886,0.01940230053528971,-0.4683408905111133
0.024893467520294886,0.019804769192118928,-0.4607523976895481
0.024893467520294886,0.019927114468097556,-0.46819442498741204
0.024893467520294886,0.020122628142716068,-0.46665549545948126
0.024893467520294886,0.020374031512467576,-0.4624317589983866
0.024893467520294886,0.020621065977431147,-0.46125768963804803
0.024893467520294886,0.020338875433790527,-0.4680020049595748
0.024893467520294886,0.020775284664185857,-0.4623516979819797
0.024893467520294886,0.02090289432679114,-0.46208283475421813
0.024893467520294886,0.02069614109474362,-0.4671158616924553
0.024893467520294886,0.02090151019101401,-0.46305155925399455
0.024893467520294886,0.02104633346737296,-0.4604885410164375
0.024893467520294886,0.020920480481573897,-0.46338813438634635
0.024893467520294886,0.021036181329341534,-0.4644525609311
0.024893467520294886,0.021335337960885093,-0.46212661149734746
0.024893467520294886,0.021265996863374045,-0.46705533100712604
0.024893467520294886,0.021236648150779688,-0.46775566506837224
0.024893467520294886,0.021589432829338107,-0.46287927563723524
0.024893467520294886,0.021414911154008398,-0.46742193236934987
0.024893467520294886,0.021572317304060347,-0.4659203927998341
0.024893467520294886,0.021861138502758132,-0.46148372478900834
0.024893467520294886,0.02182783406635497,-0.46355701922980436
0.024893467520294886,0.022146639366060678,-0.4618820629658209
0.024893467520294886,0.02216516347719126,-0.4667768581067354
0.024893467520294886,0.02243391701706526,-0.4617417923849195
0.024893467520294886,0.022529442008275252,-0.4603301541012844
0.024893467520294886,0.02266194820728624,-0.46301836254013623
0.024893467520294886,0.02253772442841032,-0.4656290282191033
0.024893467520294886,0.022662636360008506,-0.4667105162405314
0.024893467520294886,0.022735545815478053,-0.46690856461174246
0.024893467520294886,0.022838750147530323,-0.4652554722007005
0.024893467520294886,0.023115284653865597,-0.46043094255725886
0.024893467520294886,0.023170810850822232,-0.46042253830234553
0.024893467520294886,0.022873312214035837,-0.46689988652242453
0.024893467520294886,0.023008288056155082,-0.4643985422555245
0.024893467520294886,0.023200024032709026,-0.46342865083927687
0.024893467520294886,0.02305900652726619,-0.4666539384813138
0.024893467520294886,0.023301670664103886,-0.4623465463417469
0.024893467520294886,0.02333490259685448,-0.46376963542341887
0.024893467520294886,0.023342481151816946,-0.4645816991881856
0.024893467520294886,0.02328486510695127,-0.4665671808305554
0.024893467520294886,0.023582010858174247,-0.46623982046376755
0.024893467520294886,0.023675577935041676,-0.4652612470280785
0.024893467520294886,0.023839149182157862,-0.4622682917690646
0.024893467520294886,0.023694534551897767,-0.46539128437371835
0.024893467520294886,0.023665639694651783,-0.4665895938228738
0.024893467520294886,0.023893466149883615,-0.4622541654682528
0.024893467520294886,0.02368403265735284,-0.46672644222538806
0.024893467520294886,0.024032977278174175,-0.460442213113602
0.024893467520294886,0.02400263770003965,-0.4667231122766342
0.024893467520294886,0.024411395919741303,-0.46357501886588515
0.024893467520294886,0.024564395687043935,-0.46486438103514766
0.024893467520294886,0.02458319152060661,-0.466225322390345
0.024893467520294886,0.024537245244226843,-0.46852641869369915
0.024893467520294886,0.024971838884708983,-0.46051074528645125
0.024893467520294886,0.024722012169505793,-0.46609980353172165
0.024893467520294886,0.02494815487614955,-0.4619176780753535
0.024893467520294886,0.024940433509520847,-0.4624268462332933
0.024893467520294886,0.024747241898371873,-0.46844127102030686
0.024893467520294886,0.024769231673373956,-0.46851443964685824
0.024893467520294886,0.024953372829702072,-0.46557761384089863
0.024893467520294886,0.025053401587239652,-0.4659925532086814
0.024893467520294886,0.025148078932956997,-0.46639892032260455
0.024893467520294886,0.025218450475336777,-0.46580487385123737
0.024893467520294886,0.02547403601043078,-0.46074517436666285
0.024893467520294886,0.025108347141464028,-0.46832970775030464
0.024893467520294886,0.02523142452011036,-0.4681829689947152
0.024893467520294886,0.0254016882671692,-0.46664721414828836
0.024893467520294886,0.025592610777200833,-0.46798146170728905
0.024893467520294886,0.02590750353215668,-0.46660076057311045
0.024893467520294886,0.02592956058856554,-0.46681983385025894
0.024893467520294886,0.02626677994264779,-0.4624261804391634
0.024893467520294886,0.026150379604392256,-0.46599610612513337
0.024893467520294886,0.026272565293229664,-0.46532770572402715
0.024893467520294886,0.0263651335870507,-0.46666836217351526
0.024893467520294886,0.026657850234074958,-0.46106319988768196
0.024893467520294886,0.026546237736520033,-0.4677507863935558
0.024893467520294886,0.02709491605319407,-0.4605589111615434
0.024893467520294886,0.027397926554278734,-0.4612461337078549
0.024893467520294886,0.02721771934594839,-0.4664837488045782
0.024893467520294886,0.02717173739055833,-0.46742808928649626
0.024893467520294886,0.027224048996790005,-0.46717791853308804
0.024893467520294886,0.027579062073768718,-0.46354221123728523
0.024893467520294886,0.027652803664751847,-0.46212305190131947
0.024893467520294886,0.027768928687854296,-0.46178670395572907
0.024893467520294886,0.02767243355153455,-0.46401703952883916
0.024893467520294886,0.027786811828368476,-0.46355997852731723
0.024893467520294886,0.028052165082159942,-0.4615401172814908
0.024893467520294886,0.027976930192630037,-0.4650266710088704
0.024893467520294886,0.028237783580443397,-0.46262036229182113
0.024893467520294886,0.02837230041913749,-0.4599713064517602
0.024893467520294886,0.028582984917128688,-0.4639155613120669
0.024893467520294886,0.028747226743763666,-0.4609023843435248
0.024893467520294886,0.028444412634785157,-0.4669639021812223
0.024893467520294886,0.028622406949027686,-0.4662845126180397
0.024893467520294886,0.028886089153135158,-0.46307236675911323
0.024893467520294886,0.029122731132108753,-0.4622577729468312
0.024893467520294886,0.029226311426444537,-0.4613770412321878
0.024893467520294886,0.02912872106750602,-0.4655451876436776
0.024893467520294886,0.02926897653654879,-0.46343561199007144
0.024893467520294886,0.029274234901168577,-0.4645650604261605
0.024893467520294886,0.029433610099845256,-0.4617422576228723
0.024893467520294886,0.029438724110561493,-0.46481695660914235
0.024893467520294886,0.029548147503303906,-0.46371659804301085
0.024893467520294886,0.02947672315739023,-0.4654523611280247
0.024893467520294886,0.02991182365801155,-0.46191174981442684
0.024893467520294886,0.03010803164972328,-0.45921237653727665
0.024893467520294886,0.030092840645811136,-0.46016307118776567
0.024893467520294886,0.030016935754489805,-0.464596617609931
0.024893467520294886,0.03016732418324768,-0.46191174981442684
0.024893467520294886,0.030341878083399394,-0.4649771197247998
0.024893467520294886,0.030398261120879594,-0.4664342299239743
0.024893467520294886,0.0305818854479399,-0.46817049347262657
0.024893467520294886,0.030607926303298456,-0.46854069430980194
0.024893467520294886,0.03091667620504394,-0.4628955535684704
0.024893467520294886,0.030643220179084742,-0.4685150239177421
0.024893467520294886,0.030662901611801005,-0.4684377832369242
0.024893467520294886,0.03070941527776872,-0.4683211656194807
0.024893467520294886,0.030784122964664644,-0.4669297887304143
0.024893467520294886,0.031010234426981892,-0.4641004665130606
0.024893467520294886,0.03103529227665535,-0.4655586540253957
0.024893467520294886,0.031396015516934134,-0.4602951009840571
0.024893467520294886,0.03105374326232711,-0.4679728769997069
0.024893467520294886,0.03135888552898483,-0.46374081765643793
0.024893467520294886,0.03156107271972485,-0.46207625030542876
0.024893467520294886,0.03155167933864336,-0.4636904490675652
0.024893467520294886,0.031922205775717576,-0.45907950523793445
0.024893467520294886,0.03166865282303955,-0.4654779131872162
0.024893467520294886,0.03185224215730445,-0.464711243014616
0.024893467520294886,0.03212696446097,-0.4626411839697798
0.024893467520294886,0.03195634589593534,-0.46774036318234735
0.024893467520294886,0.03205699587388099,-0.46620815046030617
0.024893467520294886,0.03202535497586273,-0.4669520513099903
0.024893467520294886,0.03220058813146786,-0.46607969218209877
0.024893467520294886,0.03221729809565605,-0.46620815046030617
0.024893467520294886,0.03259046282848253,-0.46351261648185227
0.024893467520294886,0.03274494401345342,-0.46052464701846973
0.024893467520294886,0.032495178034246994,-0.4660611254962316
0.024893467520294886,0.03268673424854663,-0.4649237675003042
0.024893467520294886,0.03259569347389587,-0.4674845135908139
0.024893467520294886,0.03282322991362201,-0.4632698037402102
0.024893467520294886,0.033006180234664825,-0.4631565554676639
0.024893467520294886,0.03280291305593068,-0.4673666556357001
0.024893467520294886,0.03312914190946465,-0.4657321486617445
0.024893467520294886,0.03335768282168459,-0.4617255094965105
0.024893467520294886,0.033112766860902365,-0.46670793234789965
0.024893467520294886,0.03326737771747784,-0.46407023516991897
0.024893467520294886,0.033548167804237417,-0.45921473853225725
0.024893467520294886,0.03343752839294058,-0.46237782911588704
0.024893467520294886,0.034017913161488195,-0.4597389312911916
0.024893467520294886,0.03382657510863984,-0.4637215117936756
0.024893467520294886,0.03384053325401487,-0.46373546130168875
0.024893467520294886,0.033943462318140764,-0.46203639794320617
0.024893467520294886,0.034114848632308306,-0.46077994315811005
0.024893467520294886,0.03427864137562568,-0.45988612551010466
0.024893467520294886,0.03415299503686359,-0.4631741266062677
0.024893467520294886,0.034273018276412916,-0.4616116652059356
0.024893467520294886,0.03430311077452,-0.4621047216715177
0.024893467520294886,0.03450264250084971,-0.461211522714965
0.024893467520294886,0.03449766604062833,-0.4619007326631073
0.024893467520294886,0.034428175428196865,-0.46453029734832896
0.024893467520294886,0.03439526854793154,-0.46520956881135395
0.024893467520294886,0.03444070660332201,-0.4660454047657997
0.024893467520294886,0.03470935911651581,-0.46093569761015735
0.024893467520294886,0.034809488185214746,-0.4595568413178134
0.024893467520294886,0.03448879607709612,-0.46673480540553336
0.024893467520294886,0.034702244382062895,-0.4654136352684138
0.024893467520294886,0.03487471299114615,-0.4648158970431197
0.024893467520294886,0.03524024360283598,-0.46012875537150205
0.024893467520294886,0.03505210276495373,-0.46653768259850825
0.024893467520294886,0.03534143889993012,-0.46154643486889935
0.024893467520294886,0.03547689735481221,-0.4600180469376509
0.024893467520294886,0.03553958715635784,-0.46333010743660286
0.024893467520294886,0.03578402684301667,-0.46348865494387914
0.024893467520294886,0.035921433377320997,-0.4619966686677197
0.024893467520294886,0.035822136133302235,-0.46633454615480463
0.024893467520294886,0.036185108868242194,-0.4594267892721091
0.024893467520294886,0.0360154705092582,-0.4637134622495157
0.024893467520294886,0.03599455346010013,-0.46433876783531514
0.024893467520294886,0.03609512506659165,-0.4625338895633807
0.024893467520294886,0.03583848873274617,-0.46796116243319746
0.024893467520294886,0.03599417885918375,-0.46604818653315183
0.024893467520294886,0.036199020559652434,-0.46237429399810714
0.024893467520294886,0.035997990930937085,-0.4672889312434405
0.024893467520294886,0.035980188623368874,-0.4681475061669327
0.024893467520294886,0.036570842672617024,-0.45809001699607743
0.024893467520294886,0.036348275429384354,-0.4630702733054931
0.024893467520294886,0.03608671833009716,-0.46831743774208934
0.024893467520294886,0.03636264748109227,-0.4648572318188679
0.024893467520294886,0.0368378407207102,-0.4603485218470963
0.024893467520294886,0.036857355996984816,-0.46050279307382425
0.024893467520294886,0.03670612304500663,-0.46398112040075845
0.024893467520294886,0.0366134687354632,-0.4658628356378486
0.024893467520294886,0.03662802644948203,-0.4660412879276591
0.024893467520294886,0.0365189822481196,-0.468440430486028
0.024893467520294886,0.03655682095942019,-0.4685517869632824
0.024893467520294886,0.03660707569136615,-0.4685217295663988
0.024893467520294886,0.0367658300734624,-0.4674614168722652
0.024893467520294886,0.03701858140056827,-0.4632084042490633
0.024893467520294886,0.03700233208655956,-0.4645625368282368
0.024893467520294886,0.03718508092596044,-0.461080187710761
0.024893467520294886,0.036971165176429885,-0.4667349005702437
0.024893467520294886,0.03697908926541106,-0.46775881307638784
0.024893467520294886,0.037079138020398195,-0.46632985911572966
0.024893467520294886,0.03735084444326392,-0.46110765014944954
0.024893467520294886,0.03722558130484131,-0.46417402859769186
0.024893467520294886,0.03715361889763186,-0.465934558163412
0.024893467520294886,0.03707021522341117,-0.46772993569782323
0.024893467520294886,0.03728599540724848,-0.46366099972279934
0.024893467520294886,0.037391237278266834,-0.4642794352328047
0.024893467520294886,0.03749443733755348,-0.46337890989469455
0.024893467520294886,0.037426999553857566,-0.46473605238629034
0.024893467520294886,0.03767867615007036,-0.4608414148054929
0.024893467520294886,0.03760241530505018,-0.46261109709573167
0.024893467520294886,0.037542651979181954,-0.46797954873069736
0.024893467520294886,0.03772739609747686,-0.4647147800334933
0.024893467520294886,0.0377539988256033,-0.46434769929949926
0.024893467520294886,0.03782582168263031,-0.46468205057812384
0.024893467520294886,0.03780219020880914,-0.465259449963792
0.024893467520294886,0.0378609909815278,-0.46423713704364344
0.024893467520294886,0.03790251465916679,-0.46521222559601166
0.024893467520294886,0.037969129641338265,-0.46422745998256054
0.024893467520294886,0.037844874030261516,-0.46811381731073964
0.024893467520294886,0.03802963447978107,-0.46478519826923903
0.024893467520294886,0.038058718395910955,-0.465157444701363
0.024893467520294886,0.038119667237307114,-0.46422252525475827
0.024893467520294886,0.03794107635560531,-0.46780030231073333
0.024893467520294886,0.037999048706233086,-0.4668476942040233
0.024893467520294886,0.038112578708177934,-0.464626267644901
0.024893467520294886,0.037959046955287054,-0.46802180577872743
0.024893467520294886,0.03843749312367888,-0.4588525353513889
0.024893467520294886,0.03801096039598885,-0.4675465895642201
0.024893467520294886,0.03799612243046309,-0.46811458576246384
0.024893467520294886,0.038216059140414066,-0.46530289587451146
0.024893467520294886,0.03829574792115722,-0.4647138981132252
0.024893467520294886,0.038269283357172584,-0.4666848559424632
0.024893467520294886,0.038284277571954364,-0.46800831564558804
0.024893467520294886,0.038303423422007744,-0.4677650163610263
0.024893467520294886,0.03874391552161774,-0.4611260873458404
0.024893467520294886,0.0386301287288737,-0.4635339926067994
0.024893467520294886,0.03858666594352243,-0.46759286526695054
0.024893467520294886,0.03881267543320688,-0.46391830811995655
0.024893467520294886,0.038696133269389296,-0.4672346797929181
0.024893467520294886,0.03899645036167515,-0.46201912557560376
0.024893467520294886,0.03902652976263685,-0.4619949608520987
0.024893467520294886,0.03901410690986512,-0.4631778521636307
0.024893467520294886,0.03883359938134761,-0.4672460416885374
0.024893467520294886,0.03882426753492743,-0.46780124086255415
0.024893467520294886,0.0389812978609951,-0.46471208538718656
0.024893467520294886,0.03916937284966163,-0.46149504710735634
0.024893467520294886,0.0391527573938127,-0.46189477994243755
0.024893467520294886,0.03912173827063602,-0.46288912058554044
0.024893467520294886,0.03889168393205078,-0.4679311884148541
0.024893467520294886,0.03919251577580661,-0.46353572657534164
0.024893467520294886,0.03900827177401034,-0.4675409520104398
0.024893467520294886,0.03920613285235265,-0.46410296048969013
0.024893467520294886,0.039388590123969114,-0.4626387862222417
0.024893467520294886,0.03954038763903497,-0.45991633722333336
0.024893467520294886,0.03926056227553586,-0.4659318590983827
0.024893467520294886,0.03953838479070044,-0.4622190532666455
0.024893467520294886,0.03948057022014791,-0.46392110185061436
0.024893467520294886,0.03936230877189874,-0.4671732309194254
0.024893467520294886,0.03933528922580945,-0.4678719141768984
0.024893467520294886,0.039613145184952195,-0.46351090742104284
0.024893467520294886,0.0396288495729815,-0.46367200967091854
0.024893467520294886,0.03959682308727967,-0.4652692369467728
0.024893467520294886,0.039846589083250915,-0.4614429932374009
0.024893467520294886,0.039826936724983844,-0.4624611025153642
0.024893467520294886,0.03990302087333585,-0.46159688630734014
0.024893467520294886,0.03962695349949805,-0.46727610845834866
0.024893467520294886,0.03968439528477287,-0.46646638714035715
0.024893467520294886,0.039837960264401326,-0.4637449616076255
0.024893467520294886,0.03987080509410251,-0.4637256310980308
0.024893467520294886,0.039728095580119055,-0.46774183864594543
0.024893467520294886,0.03971862216437272,-0.46809666440800196
0.024893467520294886,0.03999394275838601,-0.4652319840437882
0.024893467520294886,0.04009240801650714,-0.46376666788219145
0.024893467520294886,0.03992257341363618,-0.46768703499977626
0.024893467520294886,0.03996775888513886,-0.4668487574967812
0.024893467520294886,0.039976206516513194,-0.46677970539016606
0.024893467520294886,0.04004796459062414,-0.46570651935834584
0.024893467520294886,0.040203158208475975,-0.46511117447297234
0.024893467520294886,0.040090967770132976,-0.46805360521701594
0.024893467520294886,0.04011851797322736,-0.46753085984944115
0.024893467520294886,0.04026127286933501,-0.46579761841136147
0.024893467520294886,0.04027266237786526,-0.46572299721167537
0.024893467520294886,0.04020185984753723,-0.4676917302828989
0.024893467520294886,0.04039666415960731,-0.46392153848822776
0.024893467520294886,0.04033275625161921,-0.4652822960269125
0.024893467520294886,0.04025338138674663,-0.4677424617892718
0.024893467520294886,0.04028174262030159,-0.4680331575221919
0.024893467520294886,0.04049507115116958,-0.4642146390364917
0.024893467520294886,0.04055346610154801,-0.46356446531813295
0.024893467520294886,0.040542773840982614,-0.46382619926768953
0.024893467520294886,0.04055265476613328,-0.46397610700439157
0.024893467520294886,0.0403719999883244,-0.46791292099522086
0.024893467520294886,0.04059458625131513,-0.46353371913621905
0.024893467520294886,0.04072939450027856,-0.4622811698206146
0.024893467520294886,0.04044999965673769,-0.4681479512950534
0.024893467520294886,0.04054579685452413,-0.4666141828057949
0.024893467520294886,0.040511774962688846,-0.4673505649237937
0.024893467520294886,0.04074854354680034,-0.4628014824345531
0.024893467520294886,0.04056631454045176,-0.4667245657382397
0.024893467520294886,0.04051037174204119,-0.4679312789123502
0.024893467520294886,0.04055635840432848,-0.4675767685587018
0.024893467520294886,0.04079147007997386,-0.4632079997112273
0.024893467520294886,0.040588658825541774,-0.46765399664624163
0.024893467520294886,0.04060622226685798,-0.4674280074190012
0.024893467520294886,0.040626626625582266,-0.46779061405740857
0.024893467520294886,0.040936717136245554,-0.4625217276491207
0.024893467520294886,0.04082794408761621,-0.46510713551279526
0.024893467520294886,0.0407343337206197,-0.4675575173560202
0.024893467520294886,0.04089329978811172,-0.4646983973034654
0.024893467520294886,0.04075202131671662,-0.46785775044220573
0.024893467520294886,0.04086935338428966,-0.4656342065413088
0.024893467520294886,0.04084746722569735,-0.46692763467186726
0.024893467520294886,0.040985587231985796,-0.46592354307621325
0.024893467520294886,0.041029691254663714,-0.4653445772550734
0.024893467520294886,0.04112344320216681,-0.46400932674128736
0.024893467520294886,0.04099953751370696,-0.4667859679208153
0.024893467520294886,0.041042094704159315,-0.46786941628949263
0.024893467520294886,0.041122057180985265,-0.4663373206754051
0.024893467520294886,0.04112980428987201,-0.4675584833729062
0.024893467520294886,0.04132096868293636,-0.46420777631074117
0.024893467520294886,0.04130883598154651,-0.4644505556098302
0.024893467520294886,0.04112727868109313,-0.4683169964689549
0.024893467520294886,0.04131427926813744,-0.4663856307977377
0.024893467520294886,0.04130706195964125,-0.4666919489613829
0.024893467520294886,0.041269714644915356,-0.4677856910457199
0.024893467520294886,0.04154638511539234,-0.4634205767040165
0.024893467520294886,0.04132985081102104,-0.4678182349528246
0.024893467520294886,0.041373997295831584,-0.46772356662059644
0.024893467520294886,0.041380193639056394,-0.4678141222323351
0.024893467520294886,0.04141492643351846,-0.46769070037524696
0.024893467520294886,0.04144914535703667,-0.4677257909115726
0.024893467520294886,0.04180358323099582,-0.4616770922908531
0.024893467520294886,0.04153809933247928,-0.46756767800889165
0.024893467520294886,0.041621163703251376,-0.46639886632885175
0.024893467520294886,0.04158585630220844,-0.46781289811809607
0.024893467520294886,0.04178118280638673,-0.46402356693856617
0.024893467520294886,0.04160567785870185,-0.46759356497936655
0.024893467520294886,0.0416450546440527,-0.46812792970420825
0.024893467520294886,0.04193328951621894,-0.46452329608947757
0.024893467520294886,0.041842906981878945,-0.46674868445021944
0.024893467520294886,0.04189384820392588,-0.4669116698380843
0.024893467520294886,0.0421245610185377,-0.46235839488217745
0.024893467520294886,0.04200362578072998,-0.4650340283470645
0.024893467520294886,0.041860105201816586,-0.4680177842001736
0.024893467520294886,0.04196274098538829,-0.4676477357391706
0.024893467520294886,0.041923394847409534,-0.4684455037087534
0.024893467520294886,0.04203308770737731,-0.46763583160992883
0.024893467520294886,0.042106487761008865,-0.46770480286071414
0.024893467520294886,0.04244671689129395,-0.46113704061579097
0.024893467520294886,0.042135008783736674,-0.46742798396112456
0.024893467520294886,0.042147955649014746,-0.46775186875743824
0.024893467520294886,0.04216574969144335,-0.46753154479964737
0.024893467520294886,0.04215677828830737,-0.46772505164106115
0.024893467520294886,0.04229383690521275,-0.46582319937714256
0.024893467520294886,0.042423730253214796,-0.46344754059628956
0.024893467520294886,0.042240637641484516,-0.46713438061477297
0.024893467520294886,0.042267021950230285,-0.4676943746576774
0.024893467520294886,0.04236869437649288,-0.4660556376164043
0.024893467520294886,0.04250882466826708,-0.46358323971787374
0.024893467520294886,0.042318950394491205,-0.4675485617166586
0.024893467520294886,0.0424661959109815,-0.4657686557835853
0.024893467520294886,0.04297523341630401,-0.45616836560666
0.024893467520294886,0.042376358949852255,-0.46853179671650524
0.024893467520294886,0.042419542063470136,-0.4676683264166106
0.024893467520294886,0.04257161472280417,-0.4649725664301182
0.024893467520294886,0.04241926501776183,-0.4685572175564304
0.024893467520294886,0.042473688703744295,-0.4680329604493967
0.024893467520294886,0.04257716691286622,-0.4660091635130881
0.024893467520294886,0.042627361205962985,-0.46688257014830864
0.024893467520294886,0.04262090004249468,-0.46758323273457086
0.024893467520294886,0.04322265472979833,-0.45724578392039883
0.024893467520294886,0.04315506072833563,-0.4597650574318929
0.024893467520294886,0.04278340719669649,-0.4672325005495597
0.024893467520294886,0.042929380864693,-0.4653035038342067
0.024893467520294886,0.043065213588631635,-0.46507659723289896
0.024893467520294886,0.043086300602660985,-0.4662699913299404
0.024893467520294886,0.043115969117845,-0.46781683472731606
0.024893467520294886,0.043548178828065276,-0.4665659962520883
0.024893467520294886,0.04365572260039231,-0.46631061461025297
0.024893467520294886,0.043721028672741025,-0.46552118556870103
0.024893467520294886,0.04374496552686161,-0.4662514507965658
0.024893467520294886,0.04415778866086616,-0.45829688441913463
0.024893467520294886,0.04377894945782236,-0.4668820232922245
0.024893467520294886,0.04390331284608179,-0.46791332487791865
0.024893467520294886,0.044100760184689475,-0.4664120864215936
0.024893467520294886,0.044347383616912636,-0.4677863789774721
0.024893467520294886,0.04445598360732385,-0.46690808786975524
0.024893467520294886,0.0446638005528098,-0.46761372500910414
0.024893467520294886,0.045026390354456394,-0.4665157173251768
0.024893467520294886,0.045026166540706715,-0.4675173327499324
0.024893467520294886,0.04505410673884745,-0.4679446754221491
0.024893467520294886,0.04507014768962657,-0.4676445250528902
0.024893467520294886,0.045188797775091744,-0.4674331659826862
0.024893467520294886,0.045255408603455866,-0.46769421970808
0.024893467520294886,0.04542118515609755,-0.4676833745083825
0.024893467520294886,0.045477746729297226,-0.4669748089586523
0.024893467520294886,0.04556421869217492,-0.4676291034008156
0.024893467520294886,0.04559081288190642,-0.46759882817933907
0.024893467520294886,0.04560279035993131,-0.46762940310235124
0.024893467520294886,0.04560370301691753,-0.4681085303511109
0.024893467520294886,0.045714226272051794,-0.4668665298971149
0.024893467520294886,0.04612225975609597,-0.46649021110164557
0.024893467520294886,0.04643982354360138,-0.4683238776936176
0.024893467520294886,0.046766236859190374,-0.4635301141353766
0.024893467520294886,0.04667199804931542,-0.46676619761186844
0.024893467520294886,0.04662282008709316,-0.46777517092617193
0.024893467520294886,0.04665824488925096,-0.4679300933040542
0.024893467520294886,0.04677827278634185,-0.4677380480041065
0.024893467520294886,0.04702404326049227,-0.46787033362937636
0.024893467520294886,0.047233266341171906,-0.46843949436451016
0.024893467520294886,0.047430442509204376,-0.46755540746651686
0.024893467520294886,0.04748465096968029,-0.46793779434564226
0.024893467520294886,0.04764813208474557,-0.46489032946001246
0.024893467520294886,0.047944777288206814,-0.4685310768392804
0.024893467520294886,0.04800895557431237,-0.467839551217785
0.024893467520294886,0.0480137882763156,-0.46856439187929233
0.024893467520294886,0.04819717360070999,-0.467081842278693
0.024893467520294886,0.04845683599058964,-0.46675586496982213
0.024893467520294886,0.048919502596081854,-0.46109676192254323
0.024893467520294886,0.04885321289775271,-0.46671377779058487
0.024893467520294886,0.04885519467788607,-0.4674017651650426
0.024893467520294886,0.04889668504659374,-0.4673747307889876
0.024893467520294886,0.04888319234734972,-0.4677238648809476
0.024893467520294886,0.04894779595955482,-0.4676512823231094
0.024893467520294886,0.04915816525081297,-0.46697063111596726
0.024893467520294886,0.049195490706265235,-0.4669623739599381
0.024893467520294886,0.049469442127741674,-0.4651838889657034
0.024893467520294886,0.04942051580606607,-0.46766511302853453
0.024893467520294886,0.04962673477338083,-0.46699871536253157
0.024893467520294886,0.049719841369698786,-0.4675501014966318
0.024893467520294886,0.04988667818765183,-0.4661717828565721
0.024893467520294886,0.04980262849795658,-0.4678953615138493
0.024893467520294886,0.049820471794249394,-0.4678083007654473
0.024893467520294886,0.050358328038811476,-0.46692507883150014
0.024893467520294886,0.05043557199985402,-0.4671353371984532
0.024893467520294886,0.050693534837672666,-0.466900748083635
0.024893467520294886,0.050762337460020165,-0.4672610912443752
0.024893467520294886,0.05076761256904862,-0.46806683311805836
0.024893467520294886,0.05112820634281699,-0.46716307914528865
0.024893467520294886,0.051145294269325445,-0.4669414490512823
0.024893467520294886,0.05134619098417731,-0.4670562434450567
0.024893467520294886,0.051488950625542956,-0.4679808241886512
0.024893467520294886,0.05168588841366514,-0.46677755849386726
0.024893467520294886,0.05177147917977854,-0.46770547795634554
0.024893467520294886,0.051937629357818274,-0.46716426394532534
0.024893467520294886,0.05198143020977905,-0.4675227288237589
0.024893467520294886,0.05222291492016115,-0.46729045292445237
0.024893467520294886,0.052278658683528656,-0.4682573102050747
0.024893467520294886,0.052408946923431315,-0.4670534080123402
0.024893467520294886,0.05291040278952549,-0.4576923155896656
0.024893467520294886,0.0525152779949762,-0.46757677561242816
0.024893467520294886,0.05261319478370974,-0.4669207621588032
0.024893467520294886,0.05327925843442652,-0.45395008979130463
0.024893467520294886,0.05306315448843811,-0.45892122587179723
0.024893467520294886,0.053285320574056855,-0.4551425884748609
0.024893467520294886,0.053250257337925586,-0.45635059322438243
0.024893467520294886,0.053230902944968475,-0.4608407055302694
0.024893467520294886,0.05293438594864376,-0.46843178881493597
0.024893467520294886,0.053529626159853405,-0.4602491141270049
0.024893467520294886,0.05319960204794327,-0.46781094527603506
0.024893467520294886,0.0535806459236875,-0.4616348549608625
0.024893467520294886,0.05330622281074593,-0.4685512443894687
0.024893467520294886,0.053451458150099024,-0.4667949524797583
0.024893467520294886,0.05340082405432543,-0.46851360543741044
0.024893467520294886,0.05373382511166652,-0.46293036722995773
0.024893467520294886,0.053563899670168905,-0.4667733275659518
0.024893467520294886,0.053622101795487945,-0.46779859698259146
0.024893467520294886,0.05369208921088144,-0.4680172493397061
0.024893467520294886,0.05371335755125661,-0.4679477667946592
0.024893467520294886,0.054048917162233694,-0.4644328486337057
0.024893467520294886,0.05422992886483191,-0.46797330570566076
0.024893467520294886,0.05435255500782936,-0.4681420207607304
0.024893467520294886,0.054978293645197254,-0.46428014153379116
0.024893467520294886,0.05489905490864658,-0.4668098721833488
0.024893467520294886,0.054895904446835564,-0.4670684426810511
0.024893467520294886,0.055071027694439,-0.4653976146694536
0.024893467520294886,0.05505670788455777,-0.4678046783013303
0.024893467520294886,0.055214164354469686,-0.46660655838959486
0.024893467520294886,0.05534613514334798,-0.4644249274420111
0.024893467520294886,0.05534626247921517,-0.46659582556769996
0.024893467520294886,0.055469766827006356,-0.4661984520188923
0.024893467520294886,0.055518738129112816,-0.467558990509294
0.024893467520294886,0.05579914939210609,-0.4666541354186975
0.024893467520294886,0.05605462082967884,-0.4681477530278412
0.024893467520294886,0.05618315693186034,-0.46679773829825666
0.024893467520294886,0.05674606412479579,-0.46777278884901574
0.024893467520294886,0.05683696155926637,-0.4677613039397152
0.024893467520294886,0.0568563510759664,-0.4678245349570951
0.024893467520294886,0.0570059627990381,-0.4671266205941932
0.024893467520294886,0.05697748829748463,-0.46796938225979934
0.024893467520294886,0.057140439996764006,-0.466548496000415
0.024893467520294886,0.05720712742027114,-0.4679070594514517
0.024893467520294886,0.057511407447738284,-0.466870144645542
0.024893467520294886,0.057608341335969794,-0.46823416024940945
0.024893467520294886,0.05766483960220979,-0.4682423248594421
0.024893467520294886,0.05790131928481669,-0.46808485966374613
0.024893467520294886,0.05816980100580041,-0.4668553475468503
0.024893467520294886,0.05847771644539403,-0.4665400425069888
0.024893467520294886,0.05852877861580011,-0.46848074912317594
0.024893467520294886,0.05857501622775282,-0.4683915678327194
0.024893467520294886,0.05875188129684626,-0.4685022500604018
0.024893467520294886,0.058959695699051504,-0.46572299492240077
0.024893467520294886,0.059018377948079154,-0.46463948028579266
0.024893467520294886,0.05886982415947489,-0.4684556243818231
0.024893467520294886,0.05912991725262043,-0.46778879154324304
0.024893467520294886,0.05935237833745146,-0.46696686642531127
0.024893467520294886,0.05954755811289107,-0.46614479994353897
0.024893467520294886,0.05946240097616215,-0.4679412958582626
0.024893467520294886,0.05956868033282585,-0.46658448907885874
0.024893467520294886,0.059770625912089134,-0.46522431241351125
0.024893467520294886,0.05966478066324894,-0.46758719253645376
0.024893467520294886,0.05972472587790863,-0.46795684465939025
0.024893467520294886,0.05981188924163821,-0.4681497803756299
0.024893467520294886,0.06021626739591407,-0.4605954121317864
0.024893467520294886,0.06005569554525738,-0.46817769077294624
0.024893467520294886,0.06019718113307833,-0.4665102735053376
0.024893467520294886,0.06031179400344594,-0.46804005024464074
0.024893467520294886,0.06056647603466041,-0.46690300968458576
0.024893467520294886,0.06088971887675446,-0.46817402721124446
0.024893467520294886,0.061446638593058774,-0.46817967308422165
0.024893467520294886,0.06226434025802935,-0.45361271763348315
0.024893467520294886,0.062346375735806,-0.4548501822633494
0.024893467520294886,0.06174125145600561,-0.46797298614464355
0.024893467520294886,0.06236207043198749,-0.45605481023595507
0.024893467520294886,0.06230435508809458,-0.45739290354676354
0.024893467520294886,0.0618337705921537,-0.46684869738910495
0.024893467520294886,0.0618776448261148,-0.4668449422964841
0.024893467520294886,0.0620837759171724,-0.4681839712879509
0.024893467520294886,0.062171276350777155,-0.46687472338620456
0.024893467520294886,0.06214420203243469,-0.46806298307412164
0.024893467520294886,0.06224964496386582,-0.468059517775736
0.024893467520294886,0.06233038913565889,-0.4680400666588023
0.024893467520294886,0.062344811081253934,-0.4682545025539069
0.024893467520294886,0.06287088489061723,-0.45869911580378586
0.024893467520294886,0.0625905218350582,-0.46669639426968096
0.024893467520294886,0.06276753853365062,-0.4651048755222156
0.024893467520294886,0.06305100076653294,-0.46053673415062546
0.024893467520294886,0.06274875341861305,-0.46676314847240874
0.024893467520294886,0.06279493918796863,-0.4681642104859381
0.024893467520294886,0.06298873832909478,-0.4655016479285716
0.024893467520294886,0.06329012040846767,-0.46011581644922517
0.024893467520294886,0.06311384750607803,-0.46457701497005865
0.024893467520294886,0.06334647948078495,-0.46157620113746467
0.024893467520294886,0.06314103241985783,-0.46726201698060466
0.024893467520294886,0.06323548376453103,-0.46795418981882053
0.024893467520294886,0.0633661715636866,-0.4661761740144703
0.024893467520294886,0.06329035366863325,-0.4683476272327899
0.024893467520294886,0.06338233422391297,-0.46704642718844896
0.024893467520294886,0.06343196713739847,-0.46814783253209336
0.024893467520294886,0.06357066480342566,-0.4673859015664411
0.024893467520294886,0.06356438145645234,-0.4682672293552439
0.024893467520294886,0.06362057720695871,-0.46732907927217904
0.024893467520294886,0.06368353726479273,-0.4668604023725421
0.024893467520294886,0.06370603269150527,-0.4671782405410443
0.024893467520294886,0.06398784527786341,-0.46297648272815123
0.024893467520294886,0.06372141780042147,-0.46842897467983524
0.024893467520294886,0.06377636627089417,-0.468425180166506
0.024893467520294886,0.0639244005662418,-0.4671569885900359
0.024893467520294886,0.06404251436701167,-0.4685282871540547
0.024893467520294886,0.06410118703579624,-0.4680080361111951
0.024893467520294886,0.06417963849443675,-0.4680283619373898
0.024893467520294886,0.0643199261209205,-0.4682139121191556
0.024893467520294886,0.06463249286864309,-0.4667766167594294
0.024893467520294886,0.06461290338972592,-0.4672588912839903
0.024893467520294886,0.06464874830307876,-0.4671036227709042
0.024893467520294886,0.064640709194552,-0.4674418036777638
0.024893467520294886,0.06467338099651772,-0.46705591881546915
0.024893467520294886,0.06472622362576763,-0.46650017777308594
0.024893467520294886,0.06472726991097272,-0.4685260372444163
0.024893467520294886,0.06476496877391932,-0.46832022901376724
0.024893467520294886,0.06487703555055523,-0.4687829598977886
0.024893467520294886,0.06497419518936687,-0.46703297000275
0.024893467520294886,0.06496170615474522,-0.46848169138870344
0.024893467520294886,0.06502792227174227,-0.4682251710714665
0.024893467520294886,0.06511396350452227,-0.46719791289521684
0.024893467520294886,0.0652030895378655,-0.4684116309518045
0.024893467520294886,0.06534266670141621,-0.46767665523414537
0.024893467520294886,0.06565261073139067,-0.4670549876835968
0.024893467520294886,0.06572590901664942,-0.467106675408135
0.024893467520294886,0.06575453237590786,-0.4673254577783982
0.024893467520294886,0.06575812774414042,-0.4679938407121621
0.024893467520294886,0.0659296539278117,-0.46585840418951024
0.024893467520294886,0.06586954904395072,-0.4671286876982691
0.024893467520294886,0.0658983452224722,-0.46865242305614035
0.024893467520294886,0.06610046101204513,-0.4646332096281599
0.024893467520294886,0.06599035506501154,-0.4681769412133079
0.024893467520294886,0.06619491851353612,-0.4650687691084088
0.024893467520294886,0.06616171907602991,-0.46809095210599844
0.024893467520294886,0.06614941503681782,-0.46862046603596874
0.024893467520294886,0.06617275725530329,-0.4686414062209658
0.024893467520294886,0.06621479160716404,-0.46804249372876555
0.024893467520294886,0.06632991636160808,-0.46703756829964144
0.024893467520294886,0.06627712051795664,-0.4686207830138735
0.024893467520294886,0.06673523462241564,-0.46825024313254604
0.024893467520294886,0.06674163853584165,-0.4683845420766656
0.024893467520294886,0.06700934020556441,-0.46715231468678486
0.024893467520294886,0.06713856469198737,-0.46829376105366416
0.024893467520294886,0.06735035472102427,-0.4685434079295157
0.024893467520294886,0.0677407691723226,-0.4671384355902608
0.024893467520294886,0.06780402202450778,-0.46718909778217577
0.024893467520294886,0.06772730969451639,-0.468763898559422
0.024893467520294886,0.06783339200076031,-0.46714924326667
0.024893467520294886,0.0680294824357388,-0.46826793747532525
0.024893467520294886,0.06826602867133069,-0.46702715354598834
0.024893467520294886,0.0682502444768881,-0.46828935612869727
0.024893467520294886,0.06847012094716338,-0.4683751148386731
0.024893467520294886,0.06870195576900344,-0.46832023508623705
0.024893467520294886,0.06895318072190071,-0.4657190176283078
0.024893467520294886,0.06884484515554991,-0.46814932027206274
0.024893467520294886,0.06900799688985831,-0.4663718592221966
0.024893467520294886,0.06894379714274054,-0.4681647641016818
0.024893467520294886,0.06944707052361937,-0.46520788078291186
0.024893467520294886,0.06930376720629235,-0.4682499631653837
0.024893467520294886,0.06969925460951278,-0.4645567038736094
0.024893467520294886,0.06958417597599355,-0.46822664406183884
0.024893467520294886,0.06978501815576384,-0.46684096007058007
0.024893467520294886,0.06999740747965726,-0.46679027371279813
0.024893467520294886,0.07000052933685316,-0.4680408049951884
0.024893467520294886,0.07032363829722367,-0.4631985548002697
0.024893467520294886,0.07053021157723582,-0.4684395065182775
0.024893467520294886,0.07093552150444381,-0.4619346331706446
0.024893467520294886,0.07069484452541508,-0.4667559349367384
0.024893467520294886,0.07111180943707218,-0.4589498020311322
0.024893467520294886,0.07073253057730097,-0.4684009492491765
0.024893467520294886,0.07079337948077886,-0.46806776280586654
0.024893467520294886,0.07136603796974508,-0.4574441791431366
0.024893467520294886,0.0708475496784281,-0.46850543392108146
0.024893467520294886,0.0712798393344469,-0.46040413397450164
0.024893467520294886,0.07157618636206237,-0.45597190085879635
0.024893467520294886,0.07108795885543387,-0.4668852481741409
0.024893467520294886,0.07107159713703712,-0.46821236022727697
0.024893467520294886,0.07196827971188252,-0.4545963595819662
0.024893467520294886,0.07136795240883648,-0.4671553860875077
0.024893467520294886,0.0720662515487387,-0.4532880602302062
0.024893467520294886,0.0717305994605608,-0.46037138122219756
0.024893467520294886,0.07217991815252181,-0.4519571102351759
0.024893467520294886,0.07137460093227188,-0.4681312999331906
0.024893467520294886,0.07159829718991478,-0.46685805702782246
0.024893467520294886,0.07251325355570544,-0.450747031845942
0.024893467520294886,0.07178452304767793,-0.468216309229728
0.024893467520294886,0.07202359604768196,-0.4668166898882661
0.024893467520294886,0.07289270806711176,-0.4519340326250011
0.024893467520294886,0.07209127910448547,-0.46853981563598257
0.024893467520294886,0.07241418234853342,-0.46477514145746646
0.024893467520294886,0.07234429408388204,-0.4683766051605177
0.024893467520294886,0.07238062122850979,-0.46823806267266077
0.024893467520294886,0.07273719974033208,-0.4682488910680648
0.024893467520294886,0.072817780460931,-0.46822302317847514
0.024893467520294886,0.07325129335568398,-0.4650947696852509
0.024893467520294886,0.07386736969036524,-0.4657153811326279
0.024893467520294886,0.0739341240553501,-0.4667536843107084
0.024893467520294886,0.07408197202784607,-0.4664319288873141
0.024893467520294886,0.07398687302372509,-0.46855374561747615
0.024893467520294886,0.07431461214126067,-0.46827409564806377
0.024893467520294886,0.07438420073395537,-0.4683435856985509
0.024893467520294886,0.07439950349948554,-0.4680889881912209
0.024893467520294886,0.07454696162135868,-0.4684522722489448
0.024893467520294886,0.07466033840527755,-0.46827216895054896
0.024893467520294886,0.07468939662783022,-0.46833504189459496
0.024893467520294886,0.07475868011728198,-0.4680391400827343
0.024893467520294886,0.07515318811294505,-0.4663861731158305
0.024893467520294886,0.075231847957962,-0.46827252730945756
0.024893467520294886,0.07537039126940223,-0.4682090298958008
0.024893467520294886,0.07547549357846897,-0.46686495467991446
0.024893467520294886,0.07542618675713464,-0.4685068937840597
0.024893467520294886,0.07561031514446531,-0.4662928286031603
0.024893467520294886,0.07558707063548104,-0.4669382669451243
0.024893467520294886,0.07589003260853122,-0.4668151019717729
0.024893467520294886,0.07588295320046282,-0.46817223284525944
0.024893467520294886,0.07590167937201038,-0.46813988934294537
0.024893467520294886,0.07602643263828252,-0.46721519083394086
0.024893467520294886,0.07600430023242938,-0.4684561916943552
0.024893467520294886,0.0762199199711515,-0.4668769337656504
0.024893467520294886,0.07706891019088202,-0.46339777736429555
0.024893467520294886,0.07700571811925123,-0.4679489246673087
0.024893467520294886,0.07700891218197406,-0.4682896514247027
0.024893467520294886,0.07703427646800023,-0.46810204254892773
0.024893467520294886,0.07734074371143689,-0.462153941044819
0.024893467520294886,0.07730203442787563,-0.4646670023919163
0.024893467520294886,0.0772254111013791,-0.4666683429503996
0.024893467520294886,0.07745155979780752,-0.46807770006793836
0.024893467520294886,0.07786209241957003,-0.46083770301994986
0.024893467520294886,0.07752359469614056,-0.46836007432617843
0.024893467520294886,0.07800506058992676,-0.46029091778896386
0.024893467520294886,0.0777174526858234,-0.46784943325778716
0.024893467520294886,0.07787311848168912,-0.46525381821115236
0.024893467520294886,0.07786450793847997,-0.46808550335388466
0.024893467520294886,0.07787960823828517,-0.4680914758321326
0.024893467520294886,0.07807157660249295,-0.46784152350768415
0.024893467520294886,0.07863774115961121,-0.45923687027319116
0.024893467520294886,0.07842345952827227,-0.4661141845901319
0.024893467520294886,0.07855963962894164,-0.4678812605168372
0.024893467520294886,0.07862256291844785,-0.46684846255732215
0.024893467520294886,0.07914545872306496,-0.4577384781244368
0.024893467520294886,0.07887027635392135,-0.46620991998977784
0.024893467520294886,0.07887067362848114,-0.46820879775549396
0.024893467520294886,0.07917966233508447,-0.46664675657097976
0.024893467520294886,0.07925683518980975,-0.46603158266720224
0.024893467520294886,0.07977260196156674,-0.45619957323718247
0.024893467520294886,0.07936920685345852,-0.4680686760968816
0.024893467520294886,0.07969681597733588,-0.468091417653418
0.024893467520294886,0.08049135212856223,-0.45472957252672447
0.024893467520294886,0.0799635511763574,-0.46648376936697067
0.024893467520294886,0.08078993238795212,-0.45339512980860663
0.024893467520294886,0.08014716540763517,-0.4668655158147289
0.024893467520294886,0.08092807585611723,-0.4519780550681139
0.024893467520294886,0.08023606666443209,-0.4662355985422211
0.024893467520294886,0.08038804909154616,-0.46369518643706986
0.024893467520294886,0.08108359797872387,-0.4508104547484467
0.024893467520294886,0.08119054945460534,-0.44967952589152616
0.024893467520294886,0.08050276208835545,-0.464342176580652
0.024893467520294886,0.08035619078838123,-0.46736915565462983
0.024893467520294886,0.08120283655725936,-0.46496344413552476
0.024893467520294886,0.08131678965039635,-0.4681060815777537
0.024893467520294886,0.08150136762246961,-0.4657633922854775
0.024893467520294886,0.0816022025690947,-0.46594487472361323
0.024893467520294886,0.08173398422171535,-0.466307805843358
0.024893467520294886,0.08171498958441498,-0.46807639672761553
0.024893467520294886,0.08224784390438052,-0.46008707547174854
0.024893467520294886,0.08197705807283356,-0.4662512363918506
0.024893467520294886,0.08218991067845749,-0.46638184373523556
0.024893467520294886,0.08241750553207416,-0.4659969004021991
0.024893467520294886,0.08335010310981725,-0.45183200547475083
0.024893467520294886,0.08308542986895831,-0.4672836752054942
0.024893467520294886,0.0830841959314342,-0.4673527688931507
0.024893467520294886,0.083111877818584,-0.46735220264902533
0.024893467520294886,0.08394063692775747,-0.46233477309297666
0.024893467520294886,0.0839626445099238,-0.46391538773723484
0.024893467520294886,0.08410612186349922,-0.46478869974080805
0.024893467520294886,0.08398750057664389,-0.46765453674943136
0.024893467520294886,0.08407086755948179,-0.4660708683701934
0.024893467520294886,0.08422073438593952,-0.46579677838442235
0.024893467520294886,0.08457649483830082,-0.4609807097760329
0.024893467520294886,0.08457639041075905,-0.4667896089146586
0.024893467520294886,0.08455324440308778,-0.46738836400124084
0.024893467520294886,0.08471224489101963,-0.46658992087731466
0.024893467520294886,0.08501171039566906,-0.46689846258805445
0.024893467520294886,0.08544704402937967,-0.4597518190557358
0.024893467520294886,0.08533559256504812,-0.46543568534365987
0.024893467520294886,0.08536358403494688,-0.46787646501367536
0.024893467520294886,0.08557782274710148,-0.4678735231364655
0.024893467520294886,0.08582107042667281,-0.4658389275606883
0.024893467520294886,0.08627203705649171,-0.45807563491377884
0.024893467520294886,0.08612439592529805,-0.465598907574055
0.024893467520294886,0.08663449788212646,-0.4646492320345367
0.024893467520294886,0.08721055281352683,-0.45660297424557716
0.024893467520294886,0.08743138534996106,-0.46601167596950044
0.024893467520294886,0.0875560095793659,-0.46569743450250467
0.024893467520294886,0.08817717462924746,-0.4551024095160233
0.024893467520294886,0.08803925055959123,-0.46522757364233813
0.024893467520294886,0.08841448934550515,-0.46561747637537043
0.024893467520294886,0.0892150441264542,-0.4536202330769701
0.024893467520294886,0.08935981227933451,-0.452361820053372
0.024893467520294886,0.08876213693530982,-0.46567268892917724
0.024893467520294886,0.08954708887164865,-0.45169472458422366
0.024893467520294886,0.08976335309185476,-0.4487232261213022
0.024893467520294886,0.0896621373604175,-0.451070982895743
0.024893467520294886,0.08893817119109398,-0.46653907009559537
0.024893467520294886,0.0889931437095863,-0.4662982396873054
0.024893467520294886,0.08994962629468675,-0.4498572313973509
0.024893467520294886,0.089396813753289,-0.4658339448461471
0.024893467520294886,0.0895131070195741,-0.4664036836392148
0.024893467520294886,0.09015228148821751,-0.4654805835021051
0.024893467520294886,0.09039120697448724,-0.4655937222165909
0.024893467520294886,0.0906028619290767,-0.46651985068756874
0.024893467520294886,0.09104666726724492,-0.4658635663305267
0.024893467520294886,0.09104183218819616,-0.4667911973109533
0.024893467520294886,0.0910483201290756,-0.46738686348178754
0.024893467520294886,0.09134282094688326,-0.4674789916682087
0.024893467520294886,0.09150230903657028,-0.46684529951696085
0.024893467520294886,0.09162624753020479,-0.4670294382256718
0.024893467520294886,0.0919233796402875,-0.4611759961048799
0.024893467520294886,0.09164835862261769,-0.46675769950058954
0.024893467520294886,0.09169334617552358,-0.46679370861155334
0.024893467520294886,0.09206673012755423,-0.4626422132547623
0.024893467520294886,0.09203212189363283,-0.46590490982625465
0.024893467520294886,0.09247966551748035,-0.4650445188591096
0.024893467520294886,0.09275670448766053,-0.4596617936524588
0.024893467520294886,0.0928482636352876,-0.4660329255157539
0.024893467520294886,0.09323652187810241,-0.4596310078534323
0.024893467520294886,0.09312801596601734,-0.46575291149403375
0.024893467520294886,0.09324971085782181,-0.4663788818766008
0.024893467520294886,0.09373004190204891,-0.4583408271342929
0.024893467520294886,0.0941160804362529,-0.46635005332864454
0.024893467520294886,0.09422935590604353,-0.46674582493347316
0.024893467520294886,0.09483095284023732,-0.456833879129295
0.024893467520294886,0.09474535694712657,-0.46531619079869246
0.024893467520294886,0.09574355188917917,-0.4555165452728969
0.024893467520294886,0.09520882253796623,-0.46661554564517305
0.024893467520294886,0.09553926045524018,-0.4671744688167726
0.024893467520294886,0.0956132536490173,-0.4662444850425941
0.024893467520294886,0.09566694002578016,-0.4651855658151123
0.024893467520294886,0.09648272579348728,-0.4669983884361636
0.024893467520294886,0.09731996993117664,-0.4515239284768231
0.024893467520294886,0.09724176116819146,-0.453988100283215
0.024893467520294886,0.09670306559125834,-0.46513107427689127
0.024893467520294886,0.09670383044380645,-0.46666872372408685
0.024893467520294886,0.09684065958248536,-0.46672251269687615
0.024893467520294886,0.09754170272462015,-0.45274067082860636
0.024893467520294886,0.09684816252017903,-0.4666930602794486
0.024893467520294886,0.09793486187749241,-0.45146956904078794
0.024893467520294886,0.09807817955504956,-0.4515450835299441
0.024893467520294886,0.09738314754454122,-0.4654527300486866
0.024893467520294886,0.0975276581185617,-0.46626990984940786
0.024893467520294886,0.09755212948185726,-0.4660386999791197
0.024893467520294886,0.09836121924337593,-0.45024073030987233
0.024893467520294886,0.09759855148448768,-0.465777650321337
0.024893467520294886,0.09862003743124453,-0.44790362904694325
0.024893467520294886,0.09865915456761744,-0.4490350169959938
0.024893467520294886,0.09796326062913135,-0.46555668664077543
0.024893467520294886,0.09837424816448093,-0.46416529133940404
0.024893467520294886,0.09853643395341682,-0.4668778198124623
0.024893467520294886,0.09878814875525893,-0.4647898599635442
0.024893467520294886,0.0988938318594817,-0.4666961549986012
0.024893467520294886,0.099258275459331,-0.4653557869242763
0.024893467520294886,0.09925517653312696,-0.466210883751882
0.024893467520294886,0.09947513076799858,-0.4668309549805863
0.024893467520294886,0.09969046867005199,-0.46643066213751344
0.024893467520294886,0.09971620771017223,-0.46667756844854996
0.024893467520294886,0.0999100545982986,-0.46479404740078
0.024893467520294886,0.09992102705428232,-0.4663159857357545
0.024893467520294886,0.09994271347145993,-0.4665900347475962
0.024893467520294886,0.10004388422342411,-0.4655133530157769
0.024893467520294886,0.10011840455809692,-0.46514579398845834
0.024893467520294886,0.10010327701352954,-0.46628129151556025
0.024893467520294886,0.10045652706549771,-0.4657908631129707
0.024893467520294886,0.1005389259598091,-0.46668871829549013
0.024893467520294886,0.10055214877475899,-0.4666767140798719
0.024893467520294886,0.1006065818492737,-0.46609628161956884
0.024893467520294886,0.10067102851771838,-0.4665294416151873
0.024893467520294886,0.10071528175349825,-0.46668704462867416
0.024893467520294886,0.10084097822290483,-0.465301453043588
0.024893467520294886,0.10089339620492693,-0.46614138322534293
0.024893467520294886,0.10087761074450458,-0.4664938145809293
0.024893467520294886,0.10099683290725521,-0.4655135079424141
0.024893467520294886,0.10150510079753083,-0.46568991440977103
0.024893467520294886,0.10226536039806254,-0.4572600261051959
0.024893467520294886,0.1018223084440853,-0.46635859882784886
0.024893467520294886,0.10183805692961212,-0.4665594562063381
0.024893467520294886,0.1023016607599891,-0.45847371548091165
0.024893467520294886,0.10251202705330928,-0.4598967860642689
0.024893467520294886,0.10220524009948101,-0.4665072324384958
0.024893467520294886,0.1025829768150226,-0.45927856008451007
0.024893467520294886,0.10246400575672712,-0.46647434961114687
0.024893467520294886,0.10304085206097385,-0.4559405322160005
0.024893467520294886,0.1025948518580524,-0.46616600071473185
0.024893467520294886,0.10301610146459145,-0.46544536688338856
0.024893467520294886,0.10308313175864013,-0.4654385627632391
0.024893467520294886,0.10327493024448503,-0.46568495309047764
0.024893467520294886,0.10335319435849566,-0.4656980941174642
0.024893467520294886,0.10409270490693459,-0.4655335701288488
0.024893467520294886,0.10432912718611366,-0.4653275080882265
0.024893467520294886,0.10492356883151308,-0.4544990160025086
0.024893467520294886,0.10443993661105645,-0.4663721526431065
0.024893467520294886,0.10456801606638357,-0.4663624924936368
0.024893467520294886,0.10462395927161844,-0.46539939161609284
0.024893467520294886,0.10466949569413474,-0.4662735379834705
0.024893467520294886,0.10556932988472431,-0.45318185383272425
0.024893467520294886,0.10517195012699236,-0.46152285413963834
0.024893467520294886,0.10582223225751879,-0.4519842477401805
0.024893467520294886,0.10608397839068162,-0.4514018208478758
0.024893467520294886,0.10539955347229106,-0.46600788604912197
0.024893467520294886,0.10633458523164231,-0.4507377339979114
0.024893467520294886,0.1064162694926463,-0.4495837855129239
0.024893467520294886,0.10662739871072989,-0.4484601431191861
0.024893467520294886,0.10617406781242739,-0.46478021766739985
0.024893467520294886,0.10735503926965094,-0.4472493773369647
0.024893467520294886,0.10646695579043483,-0.4655391496428979
0.024893467520294886,0.10655713917975655,-0.4645916562712229
0.024893467520294886,0.10689181667729533,-0.4657914840943644
0.024893467520294886,0.10691312395771321,-0.4658155694683247
0.024893467520294886,0.10727401741705013,-0.46617117353399096
0.024893467520294886,0.10727908375786088,-0.4662078187656148
0.024893467520294886,0.10736004182661463,-0.4652864937666218
0.024893467520294886,0.10739097440948814,-0.46563377119691085
0.024893467520294886,0.107867880294814,-0.4653075302198212
0.024893467520294886,0.10803356363393612,-0.46512213673153147
0.024893467520294886,0.10838592622411819,-0.46512939115788743
0.024893467520294886,0.10846078865141104,-0.4649789043016166
0.024893467520294886,0.10847465104643442,-0.46590698346524495
0.024893467520294886,0.10868449344151089,-0.46498273648516336
0.024893467520294886,0.10952407650455297,-0.4655499756259258
0.024893467520294886,0.10960428505425127,-0.46516073635407884
0.024893467520294886,0.10985067267483346,-0.4654007192890281
0.024893467520294886,0.11032277989662888,-0.4647561166927145
0.024893467520294886,0.11042283950879131,-0.4647660222387262
0.024893467520294886,0.11047871457559721,-0.4658977633922804
0.024893467520294886,0.11060689983929095,-0.464871347428265
0.024893467520294886,0.11086185795971797,-0.46491544851707484
0.024893467520294886,0.11091834632773946,-0.46508037403751556
0.024893467520294886,0.1115515139017755,-0.457629811475848
0.024893467520294886,0.11166861673085912,-0.45635890420700526
0.024893467520294886,0.11128877952319642,-0.46554314645429595
0.024893467520294886,0.11136732055096507,-0.4658066490486328
0.024893467520294886,0.11138426585570926,-0.4655543071553463
0.024893467520294886,0.11256218613986566,-0.45508877124652347
0.024893467520294886,0.11248697256427642,-0.4594076022172111
0.024893467520294886,0.11249987100940581,-0.4594071253800529
0.024893467520294886,0.11229559535927111,-0.46545945715668946
0.024893467520294886,0.11321814693016627,-0.4537863922887352
0.024893467520294886,0.11274987815956553,-0.46517245154962783
0.024893467520294886,0.11394748229773813,-0.4525111878955621
0.024893467520294886,0.11340600773276957,-0.4651208713207372
0.024893467520294886,0.11345604136610773,-0.4644877279447515
0.024893467520294886,0.11415091587951401,-0.45135241820162036
0.024893467520294886,0.11426906813413959,-0.4512220811791953
0.024893467520294886,0.11376663940373127,-0.4646166856263727
0.024893467520294886,0.11378606797561286,-0.46475330222509814
0.024893467520294886,0.11454747122643971,-0.4501710102874528
0.024893467520294886,0.11384886356309236,-0.46495001005464964
0.024893467520294886,0.11381609843476084,-0.4657054915979485
0.024893467520294886,0.11395009184332326,-0.4647530326814837
0.024893467520294886,0.11404339338351537,-0.4648610923608817
0.024893467520294886,0.11489896995997485,-0.44900943061428844
0.024893467520294886,0.11428554846880992,-0.46470103622882336
0.024893467520294886,0.11516604590673732,-0.4479526400707551
0.024893467520294886,0.11438681692622485,-0.465306057542361
0.024893467520294886,0.1145746986607468,-0.46554554231216394
0.024893467520294886,0.11471806521428288,-0.46497440652225097
0.024893467520294886,0.11569418060939134,-0.4467565052893964
0.024893467520294886,0.1156397938962138,-0.4512437709921325
0.024893467520294886,0.11503915059525804,-0.4638065959174113
0.024893467520294886,0.11524143162100983,-0.4652249013867732
0.024893467520294886,0.1157581682616634,-0.46485265476857796
0.024893467520294886,0.11606138114798546,-0.4617287618797208
0.024893467520294886,0.11605952568920451,-0.4650360486178169
0.024893467520294886,0.11638639823633745,-0.46481557585927524
0.024893467520294886,0.11654748081698055,-0.4646495519516002
0.024893467520294886,0.11711379178300961,-0.46455085734632384
0.024893467520294886,0.11716425352316168,-0.4653429979797219
0.024893467520294886,0.11761882450231965,-0.46274640174147363
0.024893467520294886,0.11750444979981585,-0.46529641364718
0.024893467520294886,0.117807809823478,-0.464490813079627
0.024893467520294886,0.11796894245811533,-0.4643220569094799
0.024893467520294886,0.11852312313257818,-0.4653401382575483
0.024893467520294886,0.11887366455719078,-0.4639302160302221
0.024893467520294886,0.1189882021344382,-0.46492207521792994
0.024893467520294886,0.1192053707358042,-0.46110719504221565
0.024893467520294886,0.11921250276432294,-0.46473245478807645
0.024893467520294886,0.11938412499956749,-0.465113921561358
0.024893467520294886,0.11941407177629114,-0.4646402469409756
0.024893467520294886,0.11955546969928794,-0.46551863472291033
0.024893467520294886,0.11994001142509106,-0.464208103078099
0.024893467520294886,0.12001506879738909,-0.4643361601081543
0.024893467520294886,0.12031628827315392,-0.4619606001859562
0.024893467520294886,0.12071951196243111,-0.464358439820983
0.024893467520294886,0.12121022285678838,-0.45576259649631756
0.024893467520294886,0.12127126660820074,-0.45711474924982143
0.024893467520294886,0.12145234788293176,-0.4544218844383147
0.024893467520294886,0.12191665903738783,-0.45322817039370117
0.024893467520294886,0.12171707012971693,-0.4640875851275568
0.024893467520294886,0.12182489347769636,-0.46382989970326205
0.024893467520294886,0.12248566936697766,-0.45117312239869567
0.024893467520294886,0.12245821499943119,-0.4520064447896097
0.024893467520294886,0.12187740436671035,-0.4650226516865761
0.024893467520294886,0.12275504895025575,-0.4508519522065586
0.024893467520294886,0.12235714455027352,-0.4590281889980028
0.024893467520294886,0.1229318275130793,-0.4486371492743461
0.024893467520294886,0.12216205220226406,-0.46408418907650434
0.024893467520294886,0.1221182301684723,-0.465526580806503
0.024893467520294886,0.1229902657507527,-0.4497182703881275
0.024893467520294886,0.12228272361667342,-0.46466527401328594
0.024893467520294886,0.12235653798175841,-0.4639918287162985
0.024893467520294886,0.12323856906920792,-0.4474940084244573
0.024893467520294886,0.12250541321854456,-0.46457321654856243
0.024893467520294886,0.12260419721673976,-0.465094646782137
0.024893467520294886,0.12361425268329373,-0.4463486973952151
0.024893467520294886,0.12279800457597474,-0.4651218704561102
0.024893467520294886,0.12345590512343312,-0.4599919193030746
0.024893467520294886,0.12334114544384256,-0.4635512308491284
0.024893467520294886,0.12332227323373557,-0.4641830584017054
0.024893467520294886,0.12358376904673549,-0.4618869448141264
0.024893467520294886,0.12405322835868685,-0.4637815821235264
0.024893467520294886,0.1243862616169488,-0.4646802456191199
0.024893467520294886,0.12471569594577626,-0.4639910206648209
0.024893467520294886,0.12504041544048147,-0.46412895989210534
0.024893467520294886,0.12547713360423618,-0.4639476504006074
0.024893467520294886,0.12560548155756052,-0.464661794463183
0.024893467520294886,0.1256497670920666,-0.4647902281615369
0.024893467520294886,0.1257663120189677,-0.4654641014422111
0.024893467520294886,0.1259173557505884,-0.4653620172395314
0.024893467520294886,0.12592373660961503,-0.4652923981581828
0.024893467520294886,0.12673289195254078,-0.4638979187502251
0.024893467520294886,0.1267735777563739,-0.4638986810703413
0.024893467520294886,0.12727814542663157,-0.46427516336957786
0.024893467520294886,0.12742635567880078,-0.4637603462458966
0.024893467520294886,0.12805938716209797,-0.46167130725169203
0.024893467520294886,0.1284394473000147,-0.4640368430027081
0.024893467520294886,0.12864399314153616,-0.46381935086138626
0.024893467520294886,0.12873491008135848,-0.46237945359811883
0.024893467520294886,0.1287418946872886,-0.4633085349526699
0.024893467520294886,0.12909374264923015,-0.4638954358714945
0.024893467520294886,0.12953274740576348,-0.4639908218063529
0.024893467520294886,0.12948155131651612,-0.46542758800907424
0.024893467520294886,0.12987492896993935,-0.46375194660324265
0.024893467520294886,0.12986036614216212,-0.4653375561667761
0.024893467520294886,0.13053009486132053,-0.45283192054221644
0.024893467520294886,0.13003653214795935,-0.4636483937640755
0.024893467520294886,0.13083574225925876,-0.4483706218235907
0.024893467520294886,0.1307708193331103,-0.4510768406592804
0.024893467520294886,0.1301679241139931,-0.46459997028684086
0.024893467520294886,0.13105291557527948,-0.4471581851371531
0.024893467520294886,0.13085064113615238,-0.45169340461057195
0.024893467520294886,0.13093231050871026,-0.4505779143114457
0.024893467520294886,0.13099392933893322,-0.4494617467041686
0.024893467520294886,0.13019618594223123,-0.46545714934455285
0.024893467520294886,0.13029549997888007,-0.4637388294286137
0.024893467520294886,0.13073955701815787,-0.45544396042508495
0.024893467520294886,0.130729207988853,-0.4570033618045314
0.024893467520294886,0.13092626452838382,-0.45401299761374786
0.024893467520294886,0.13052640941138371,-0.4634701241175869
0.024893467520294886,0.1308369404170892,-0.46418552998680274
0.024893467520294886,0.1310827922247423,-0.4640308037304982
0.024893467520294886,0.1313270245888213,-0.46401821809671007
0.024893467520294886,0.13198032284978362,-0.46003371039929697
0.024893467520294886,0.13221784905058886,-0.4592239191870375
0.024893467520294886,0.13222547361837098,-0.46391955437290766
0.024893467520294886,0.13231527682504826,-0.4631194692781149
0.024893467520294886,0.13247886426134362,-0.46224168179162306
0.024893467520294886,0.13284749508767202,-0.463922268175747
0.024893467520294886,0.13308140424977943,-0.4632450710443332
0.024893467520294886,0.1331532159529571,-0.4636183115428039
0.024893467520294886,0.13325814032739408,-0.46558093667429123
0.024893467520294886,0.13346891045417875,-0.4634919701022067
0.024893467520294886,0.13350003197090285,-0.4632245608320521
0.024893467520294886,0.13346199453888635,-0.4642003557163973
0.024893467520294886,0.13359822414157838,-0.46371490384982117
0.024893467520294886,0.13359312251898509,-0.4653560252674048
0.024893467520294886,0.1337252966646298,-0.46372439143105537
0.024893467520294886,0.13377920702685514,-0.463877801536714
0.024893467520294886,0.13381305586592493,-0.46456187527588555
0.024893467520294886,0.13386155284195053,-0.4655850286336546
0.024893467520294886,0.13428900405983382,-0.4636964086974464
0.024893467520294886,0.13466977386276002,-0.4629241344313352
0.024893467520294886,0.13470991779618877,-0.4637080020729658
0.024893467520294886,0.1354955456369363,-0.46366843968413546
0.024893467520294886,0.13579167957271637,-0.4635442626975286
0.024893467520294886,0.1358277795150915,-0.4636553083393663
0.024893467520294886,0.13586960645173504,-0.463950280514259
0.024893467520294886,0.13618630547003396,-0.4637242381485172
0.024893467520294886,0.13620292921583646,-0.46362675552624266
0.024893467520294886,0.1362484969926572,-0.46353045004955357
0.024893467520294886,0.13629491023890983,-0.46301716162062967
0.024893467520294886,0.13627243915386253,-0.4635627442019283
0.024893467520294886,0.13654910015407495,-0.46354552732292253
0.024893467520294886,0.13655144623063487,-0.463710741026956
0.024893467520294886,0.1365317384878796,-0.4656080877523249
0.024893467520294886,0.13691729952080825,-0.46303546428091585
0.024893467520294886,0.13686169628337158,-0.4646288586201304
0.024893467520294886,0.13700919199830525,-0.46247782849790325
0.024893467520294886,0.13688150716991326,-0.465445304281504
0.024893467520294886,0.1368943295517679,-0.4656482933961068
0.024893467520294886,0.13719295263298142,-0.46282390557525205
0.024893467520294886,0.13717230130352204,-0.46409134997041573
0.024893467520294886,0.13741645299146432,-0.4638751871035451
0.024893467520294886,0.13753632661316584,-0.46351237493822506
0.024893467520294886,0.13787012193613465,-0.4615917821648585
0.024893467520294886,0.13865634633561466,-0.44819156136388816
0.024893467520294886,0.13885580298968556,-0.4469400839510345
0.024893467520294886,0.13882867791689307,-0.44936271545009154
0.024893467520294886,0.13882242491480856,-0.4504785126239361
0.024893467520294886,0.13821081921830788,-0.4633892437347936
0.024893467520294886,0.1382499740074981,-0.4636122486035744
0.024893467520294886,0.1383937061818871,-0.4633860240585861
0.024893467520294886,0.13908596253051908,-0.4510637373242389
0.024893467520294886,0.1391592797519441,-0.45160462422668707
0.024893467520294886,0.13921151922756558,-0.45267551641294107
0.024893467520294886,0.1390960538826357,-0.45522060139290427
0.024893467520294886,0.13877089691056735,-0.4635042611542377
0.024893467520294886,0.13926376772775484,-0.45708181398326836
0.024893467520294886,0.13912741155179006,-0.4633102099038471
0.024893467520294886,0.13918915215253747,-0.46345555100569047
0.024893467520294886,0.13970014093943767,-0.45382421004039675
0.024893467520294886,0.13920365335691248,-0.4644799296000984
0.024893467520294886,0.1392839555369279,-0.46313487350492133
0.024893467520294886,0.1394914695761902,-0.46295381639892774
0.024893467520294886,0.13953711957134013,-0.46357323646669496
0.024893467520294886,0.13961477445520273,-0.4629370019585022
0.024893467520294886,0.13952040886953276,-0.4653188315598042
0.024893467520294886,0.13961773580556242,-0.46339567172898666
0.024893467520294886,0.1396407005656296,-0.46558338602120275
0.024893467520294886,0.13976487444097735,-0.46329571718630713
0.024893467520294886,0.13977633683737545,-0.4631598522650282
0.024893467520294886,0.1398030873789936,-0.4631666939774619
0.024893467520294886,0.13997784441128497,-0.46318978920838416
0.024893467520294886,0.14007415344370283,-0.46300155859889114
0.024893467520294886,0.1400073113950755,-0.4655276566384662
0.024893467520294886,0.14040213539359506,-0.45937168871530065
0.024893467520294886,0.14029355953993197,-0.4623894817976264
0.024893467520294886,0.14049409514872274,-0.4643146857510013
0.024893467520294886,0.14055872322357615,-0.46409200921596727
0.024893467520294886,0.14086405866180635,-0.4602186370030638
0.024893467520294886,0.14090668641176285,-0.4605383381441567
0.024893467520294886,0.1408558973707535,-0.4630018852158167
0.024893467520294886,0.1408757844657604,-0.46314493489260783
0.024893467520294886,0.1410832119533727,-0.46295555327317395
0.024893467520294886,0.14118884445139807,-0.4631316728591453
0.024893467520294886,0.14118759956145946,-0.46328374150528084
0.024893467520294886,0.14136875341869176,-0.4633116743239069
0.024893467520294886,0.1413988362905998,-0.4630139287785512
0.024893467520294886,0.14144627561531373,-0.46329297885500276
0.024893467520294886,0.1414094035874306,-0.4649117121294195
0.024893467520294886,0.14162803997403733,-0.4628385138402147
0.024893467520294886,0.14167101920902558,-0.46311020661180735
0.024893467520294886,0.141806334184752,-0.462970251600231
0.024893467520294886,0.14193910002431748,-0.4629380131100665
0.024893467520294886,0.1420244043536233,-0.4649939740278354
0.024893467520294886,0.14238407192992192,-0.4628395242753991
0.024893467520294886,0.14262000713784234,-0.4628950749552914
0.024893467520294886,0.14266913182821414,-0.46512964381157706
0.024893467520294886,0.14285343329742767,-0.46286061857444616
0.024893467520294886,0.14291328218158464,-0.4637998714964655
0.024893467520294886,0.14337608818612702,-0.462947766808418
0.024893467520294886,0.1434276578360962,-0.46271373875874267
0.024893467520294886,0.14394826807411565,-0.4627414207322622
0.024893467520294886,0.14393737933621997,-0.463059212211172
0.024893467520294886,0.14402342060298126,-0.46383968433408806
0.024893467520294886,0.14423888846622804,-0.4628317849516059
0.024893467520294886,0.14470184559914165,-0.46262413018024195
0.024893467520294886,0.14496577501397384,-0.4584094834371992
0.024893467520294886,0.14521822267365433,-0.45958342398725294
0.024893467520294886,0.14502887666656097,-0.46420437915242035
0.024893467520294886,0.14510686239469212,-0.4630147532486893
0.024893467520294886,0.14526834222542426,-0.4626244889773595
0.024893467520294886,0.1454772530400843,-0.462300455504019
0.024893467520294886,0.1456624651598293,-0.46040058997557565
0.024893467520294886,0.14632528571823797,-0.4481255282841533
0.024893467520294886,0.14573666844862718,-0.464158786450354
0.024893467520294886,0.1466379280361858,-0.44680840384619397
0.024893467520294886,0.1461389841035176,-0.4578632323630333
0.024893467520294886,0.1466190627055775,-0.44933762766396673
0.024893467520294886,0.14605948409708797,-0.462598626085597
0.024893467520294886,0.1463028310006629,-0.4609326125423191
0.024893467520294886,0.1469682913732044,-0.450541084786271
0.024893467520294886,0.14664299402415182,-0.458653830612173
0.024893467520294886,0.14650574604302807,-0.46251659418793745
0.024893467520294886,0.14652160715378781,-0.46301001693579547
0.024893467520294886,0.14657011930211317,-0.4625061360696588
0.024893467520294886,0.14657586040933906,-0.4627020673380064
0.024893467520294886,0.14679649684607413,-0.45858302029417986
0.024893467520294886,0.14720276142857056,-0.45113694543416394
0.024893467520294886,0.14749267265678867,-0.4516692871702016
0.024893467520294886,0.14719256218387267,-0.4577861652189067
0.024893467520294886,0.14698668615018545,-0.4623596481769031
0.024893467520294886,0.1469819017937678,-0.46280960400361215
0.024893467520294886,0.1471065616496572,-0.4628650437880469
0.024893467520294886,0.14747430370718906,-0.4622765177777818
0.024893467520294886,0.14779159668989555,-0.4571945739011537
0.024893467520294886,0.14776338799535021,-0.4584296372790695
0.024893467520294886,0.1475260000196893,-0.4642939968450628
0.024893467520294886,0.14765355585059314,-0.4623036160847155
0.024893467520294886,0.14815933159023936,-0.46245022880936726
0.024893467520294886,0.14874014138458236,-0.45283753051762576
0.024893467520294886,0.14886834887778128,-0.4620353796174127
0.024893467520294886,0.1491191573952154,-0.45715048050229806
0.024893467520294886,0.149021984706469,-0.4623533633893049
0.024893467520294886,0.14938440318585938,-0.45732276633285573
0.024893467520294886,0.1496839041179773,-0.45498168438683617
0.024893467520294886,0.1493622887336098,-0.4621323209747963
0.024893467520294886,0.14932830269750602,-0.4631535497275223
0.024893467520294886,0.14982367783347067,-0.45387124824215064
0.024893467520294886,0.14978097193946893,-0.4620420053400649
0.024893467520294886,0.15015327819578989,-0.45778834991050854
0.024893467520294886,0.15023439553560444,-0.4563550096771988
0.024893467520294886,0.15018267221997617,-0.4585063861484412
0.024893467520294886,0.15028345746805954,-0.4567146132076322
0.024893467520294886,0.1504890066858691,-0.4620650639952576
0.024893467520294886,0.15071599269546415,-0.4634339743117195
0.024893467520294886,0.15080824965986883,-0.461822954662453
0.024893467520294886,0.15093756852165102,-0.460004209372578
0.024893467520294886,0.15115834625345972,-0.4607589160933493
0.024893467520294886,0.15143986856709513,-0.45688060400544217
0.024893467520294886,0.15118447875592533,-0.4630378523653349
0.024893467520294886,0.15151530922552642,-0.46131227247251494
0.024893467520294886,0.1516883690186671,-0.46206584041027765
0.024893467520294886,0.15187725892824913,-0.4615901166002895
0.024893467520294886,0.1519523417763714,-0.46183903701981854
0.024893467520294886,0.15205693500637113,-0.46226973927894277
0.024893467520294886,0.1522161931067683,-0.4617485337267241
0.024893467520294886,0.15218842258349105,-0.4624370658394339
0.024893467520294886,0.152251711320415,-0.4620142085483163
0.024893467520294886,0.15243714241322132,-0.46176145138461655
0.024893467520294886,0.15272870742558214,-0.4559660732961739
0.024893467520294886,0.15293656656547497,-0.45660232397251965
0.024893467520294886,0.1527284512481416,-0.46201690741227625
0.024893467520294886,0.1527798383380643,-0.4617891489436733
0.024893467520294886,0.1528840351358711,-0.46167205474530815
0.024893467520294886,0.15294497866730788,-0.4617833607576711
0.024893467520294886,0.15297034551311314,-0.46221821739689667
0.024893467520294886,0.1530315072885549,-0.46174028737290046
0.024893467520294886,0.15328154317854617,-0.4568709453455594
0.024893467520294886,0.15312344011999696,-0.46132632238165194
0.024893467520294886,0.15320142665401204,-0.4610245095207567
0.024893467520294886,0.15314436280489435,-0.4623502663434575
0.024893467520294886,0.15322047941241917,-0.461883529368434
0.024893467520294886,0.15339384155778685,-0.46237878758549067
0.024893467520294886,0.15354159943795112,-0.4614970426214048
0.024893467520294886,0.15380886320694187,-0.45636659995057294
0.024893467520294886,0.153574996728171,-0.4614595380672635
0.024893467520294886,0.153578135162011,-0.46171945862373
0.024893467520294886,0.15431637135470794,-0.4494035042055292
0.024893467520294886,0.15375082411777463,-0.46130445487381694
0.024893467520294886,0.15371099676722505,-0.46213440263648414
0.024893467520294886,0.15441500716738077,-0.4481275055626906
0.024893467520294886,0.15378484822531172,-0.4612368702648948
0.024893467520294886,0.15368830510366724,-0.4631881503668408
0.024893467520294886,0.15379277065370087,-0.461105182248969
0.024893467520294886,0.15378451835887008,-0.4617520081897242
0.024893467520294886,0.15398956207348827,-0.4615821262171482
0.024893467520294886,0.15411423747463263,-0.45959169329774807
0.024893467520294886,0.1542972203361931,-0.4594905384967751
0.024893467520294886,0.15498290444541507,-0.4466559768599372
0.024893467520294886,0.15428717580666843,-0.4614649904037161
0.024893467520294886,0.15429765884482288,-0.4615399647052206
0.024893467520294886,0.15440207443306064,-0.46039688625464914
0.024893467520294886,0.1549391022446049,-0.4507689248883364
0.024893467520294886,0.15441753878088738,-0.46132407215392257
0.024893467520294886,0.1544541641561888,-0.4623243571513709
0.024893467520294886,0.154512020613556,-0.4617010975440656
0.024893467520294886,0.15466761894718892,-0.46133708793061434
0.024893467520294886,0.15494199858797092,-0.45642384821618354
0.024893467520294886,0.15491896211811232,-0.45693793677435585
0.024893467520294886,0.15524284349408318,-0.45135499310301413
0.024893467520294886,0.15487791129674,-0.4593773930440576
0.024893467520294886,0.15478904283068967,-0.4616195027088289
0.024893467520294886,0.15512487738529285,-0.4563718952702075
0.024893467520294886,0.15519370018496986,-0.4557819514798529
0.024893467520294886,0.15500975288066102,-0.46115392740865263
0.024893467520294886,0.15509048427952307,-0.45975103560608266
0.024893467520294886,0.15507732077035036,-0.46030520132957364
0.024893467520294886,0.1554132468327043,-0.45693387220295223
0.024893467520294886,0.15568208863331812,-0.45207109821110913
0.024893467520294886,0.15522959316181054,-0.46133766909799645
0.024893467520294886,0.15529813826049313,-0.46114874382152116
0.024893467520294886,0.1554811449901797,-0.4576287354488303
0.024893467520294886,0.15542946856197967,-0.46174467153870136
0.024893467520294886,0.15574064247284464,-0.45696890798688183
0.024893467520294886,0.15563379794653914,-0.46120519309679153
0.024893467520294886,0.15581280449874665,-0.45910752486289536
0.024893467520294886,0.1560623656952247,-0.4571580952429596
0.024893467520294886,0.15595118004265474,-0.460297901152895
0.024893467520294886,0.15595119244438,-0.4612562184873643
0.024893467520294886,0.1559471201292271,-0.461636437635698
0.024893467520294886,0.15626301475793875,-0.45711214463563093
0.024893467520294886,0.15616062409218243,-0.46150771423812187
0.024893467520294886,0.15624746745877544,-0.46123322737799965
0.024893467520294886,0.15634894769991362,-0.46113860306140597
0.024893467520294886,0.1565611828591049,-0.45794583827345137
0.024893467520294886,0.15637815789239878,-0.46321634660978384
0.024893467520294886,0.15681370566781347,-0.45464934831089937
0.024893467520294886,0.15653758170416426,-0.4614412910894485
0.024893467520294886,0.15654728127209805,-0.46152793895876476
0.024893467520294886,0.15663232826644757,-0.4611365595115648
0.024893467520294886,0.15684883050642875,-0.45920963691513156
0.024893467520294886,0.15672149330950905,-0.4619699629620798
0.024893467520294886,0.15674800696627234,-0.46177435138259515
0.024893467520294886,0.15691250231803033,-0.4598273662095671
0.024893467520294886,0.15705391760390305,-0.46151906475326215
0.024893467520294886,0.15709408996565974,-0.46110131994187015
0.024893467520294886,0.15720457323179843,-0.4590945060501531
0.024893467520294886,0.15704977332593736,-0.46263436465960006
0.024893467520294886,0.1575594679310237,-0.4533235610593568
0.024893467520294886,0.15726307448080426,-0.4624565857905221
0.024893467520294886,0.15759314291129217,-0.4569875740687206
0.024893467520294886,0.15766506093033267,-0.45787047045071333
0.024893467520294886,0.15791621429793304,-0.4551141140866325
0.024893467520294886,0.15767093626865364,-0.4611301618125013
0.024893467520294886,0.15766783767011033,-0.46126827043457397
0.024893467520294886,0.15771497036183557,-0.4607055869020548
0.024893467520294886,0.15812039797366428,-0.4566988250912477
0.024893467520294886,0.15818213955917096,-0.45679110194193734
0.024893467520294886,0.15791164064217966,-0.46272921649644355
0.024893467520294886,0.1580687995623204,-0.4598479134603102
0.024893467520294886,0.15804715795112173,-0.4610353177989863
0.024893467520294886,0.15830381053072018,-0.4560240235260716
0.024893467520294886,0.15803734065226624,-0.4615457233417192
0.024893467520294886,0.15806418871165195,-0.46118908260931896
0.024893467520294886,0.15811614988769557,-0.46160905301137767
0.024893467520294886,0.1582800094647487,-0.45957212346594545
0.024893467520294886,0.1583018965850298,-0.4612154397929098
0.024893467520294886,0.15853250008939962,-0.45774472492452023
0.024893467520294886,0.15860426776140152,-0.4567542681388814
0.024893467520294886,0.1583961497388458,-0.46140140462640195
0.024893467520294886,0.15858916184626526,-0.45858605218109383
0.024893467520294886,0.15860016722017636,-0.4609921455652466
0.024893467520294886,0.15875178847938973,-0.46111420145744564
0.024893467520294886,0.1591132098715542,-0.4616919237265252
0.024893467520294886,0.1591781536720079,-0.46129620645455044
0.024893467520294886,0.15963452495790487,-0.4539241591547767
0.024893467520294886,0.1595823042010818,-0.4583464228553341
0.024893467520294886,0.1594661711946151,-0.46123875562345024
0.024893467520294886,0.1598211054371551,-0.4542218851493536
0.024893467520294886,0.15952577860579276,-0.46188696597356027
0.024893467520294886,0.15963241031105957,-0.46072727465914887
0.024893467520294886,0.16011246299344445,-0.4554747005829237
0.024893467520294886,0.15981585231193288,-0.4615215485621029
0.024893467520294886,0.15985641653923763,-0.4616968838969775
0.024893467520294886,0.15987109587526988,-0.4618632672374885
0.024893467520294886,0.16013033906483634,-0.4575157798389349
0.024893467520294886,0.1601876218706557,-0.456848187055509
0.024893467520294886,0.15999598984458852,-0.4618894207376195
0.024893467520294886,0.16052837038509807,-0.45287969642809817
0.024893467520294886,0.16049759328787738,-0.457082055855366
0.024893467520294886,0.16066640804377924,-0.4559062562587103
0.024893467520294886,0.16052194797475017,-0.4593211783011861
0.024893467520294886,0.1604653537890218,-0.4616229584399584
0.024893467520294886,0.16047305225460454,-0.46179763305790245
0.024893467520294886,0.16050275100056283,-0.4619021150286308
0.024893467520294886,0.16054882866903816,-0.461743065402295
0.024893467520294886,0.1611040829169051,-0.45551505986967755
0.024893467520294886,0.16082778290426594,-0.4613427994715006
0.024893467520294886,0.16097541538974525,-0.45886255284311805
0.024893467520294886,0.16086086135736843,-0.4617744120093907
0.024893467520294886,0.16166393407232332,-0.4516832929407965
0.024893467520294886,0.16173518528578704,-0.4508863992485671
0.024893467520294886,0.1614199813402443,-0.45787366526466067
0.024893467520294886,0.16177689552484043,-0.453504510058673
0.024893467520294886,0.1615011996145942,-0.46101169207659987
0.024893467520294886,0.16197006029463593,-0.4527140787397804
0.024893467520294886,0.16157341632619995,-0.46208029873506057
0.024893467520294886,0.16170728134975104,-0.4616971568438045
0.024893467520294886,0.16195128798431832,-0.45941937470734606
0.024893467520294886,0.1624930924815173,-0.44948252218178464
0.024893467520294886,0.16186962427944612,-0.4632637763633495
0.024893467520294886,0.1620900727861934,-0.46114659473890074
0.024893467520294886,0.16237740470240178,-0.4582501078402888
0.024893467520294886,0.16276379500853735,-0.4553681499320936
0.024893467520294886,0.16266369900449235,-0.46108240310971205
0.024893467520294886,0.162887886944259,-0.45719439509206306
0.024893467520294886,0.16357127188744597,-0.45167802287814157
0.024893467520294886,0.16304512365816834,-0.4629495978668767
0.024893467520294886,0.16344237221808447,-0.4557942285278394
0.024893467520294886,0.16320881146956043,-0.461739826848758
0.024893467520294886,0.1634322223857309,-0.4598007845389507
0.024893467520294886,0.16371188734238487,-0.455973943626865
0.024893467520294886,0.16420408720725213,-0.44820779133831845
0.024893467520294886,0.16353333908935777,-0.46252902483995406
0.024893467520294886,0.1640167781699048,-0.45574939621126587
0.024893467520294886,0.1637140237339254,-0.4621047402412174
0.024893467520294886,0.16370225511090747,-0.4626143438951714
0.024893467520294886,0.16406594720235682,-0.45757600476603594
0.024893467520294886,0.16432991987095727,-0.45901228714637143
0.024893467520294886,0.16445093829843335,-0.46133445791289907
0.024893467520294886,0.16494503313232942,-0.45392660198806645
0.024893467520294886,0.16539801428991147,-0.4467522752595512
0.024893467520294886,0.16476970894739007,-0.45973565728444743
0.024893467520294886,0.16480303348499062,-0.45992266908757884
0.024893467520294886,0.16518732405275852,-0.46079249543118267
0.024893467520294886,0.1658402571379024,-0.4553599887950862
0.024893467520294886,0.16559484939369923,-0.4605300208668681
0.024893467520294886,0.1658030242801073,-0.4576794457865276
0.024893467520294886,0.16593132361872884,-0.4624997465110511
0.024893467520294886,0.1660828290260046,-0.4608927470618188
0.024893467520294886,0.16646344412592784,-0.45645414587694444
0.024893467520294886,0.16671040084022123,-0.45210560418020906
0.024893467520294886,0.16691648802740255,-0.4536771981710613
0.024893467520294886,0.1665040744332455,-0.46282765830295797
0.024893467520294886,0.16668628833928154,-0.4610320533081779
0.024893467520294886,0.16678560215522298,-0.4613983327632162
0.024893467520294886,0.16711074697122558,-0.45609857012611565
0.024893467520294886,0.16692988824262742,-0.4613422129969851
0.024893467520294886,0.16743239180224403,-0.4515545177033198
0.024893467520294886,0.16719228172779446,-0.4568741848539817
0.024893467520294886,0.1671158293246423,-0.4585004936981333
0.024893467520294886,0.16713174544715836,-0.4609236857830369
0.024893467520294886,0.16738607150270393,-0.45658646299961686
0.024893467520294886,0.16747695545528946,-0.45520256122105124
0.024893467520294886,0.16722463841309515,-0.46116529245447935
0.024893467520294886,0.16733035243228742,-0.4613629252780884
0.024893467520294886,0.1679047684680095,-0.4531829368458218
0.024893467520294886,0.16744015520867736,-0.46251169700603484
0.024893467520294886,0.16821375889439555,-0.4508714803922318
0.024893467520294886,0.1679771288371644,-0.45565816336721354
0.024893467520294886,0.1680053975871879,-0.4555049599291803
0.024893467520294886,0.1678371289808841,-0.46174633314739344
0.024893467520294886,0.16790454833277316,-0.46273217425499746
0.024893467520294886,0.16805337089556,-0.4601198048949669
0.024893467520294886,0.16815995145573914,-0.45833329388861455
0.024893467520294886,0.16843014122486313,-0.45333598602768677
0.024893467520294886,0.16861907522591582,-0.4504542879524792
0.024893467520294886,0.16828949340356736,-0.457493179696577
0.024893467520294886,0.16874364825970403,-0.4540007289398673
0.024893467520294886,0.16877618061580296,-0.4558644349481593
0.024893467520294886,0.16858376551088125,-0.4601857020859382
0.024893467520294886,0.16856108803142983,-0.46193613980096765
0.024893467520294886,0.16865058213140444,-0.4621123056092237
0.024893467520294886,0.16882211837176367,-0.46047890402873315
0.024893467520294886,0.16944848115431943,-0.45071105422028557
0.024893467520294886,0.16909132718471942,-0.4620397759251673
0.024893467520294886,0.16916528037054396,-0.46201174182315646
0.024893467520294886,0.17001976189929668,-0.4503412941958045
0.024893467520294886,0.16972860141184248,-0.4564415708732462
0.024893467520294886,0.1697719134428768,-0.4556610455405127
0.024893467520294886,0.16971909386070527,-0.4570645121316579
0.024893467520294886,0.1696841172529296,-0.4601087513864156
0.024893467520294886,0.17018766096491256,-0.4504151488296705
0.024893467520294886,0.1702805697049562,-0.4504012609474378
0.024893467520294886,0.1702528779618694,-0.4531661757707893
0.024893467520294886,0.17018744047521372,-0.4553751202956949
0.024893467520294886,0.17015267724554275,-0.45819776486017133
0.024893467520294886,0.17031015824593498,-0.4556462211473351
0.024893467520294886,0.17020488287904012,-0.458595964010584
0.024893467520294886,0.17032557734333598,-0.45729285097870276
0.024893467520294886,0.17073747484090002,-0.4499197338178936
0.024893467520294886,0.1704042936852609,-0.45720875154376583
0.024893467520294886,0.17052889478196653,-0.4565914202265286
0.024893467520294886,0.1706659773768251,-0.4553522899071142
0.024893467520294886,0.17073765171187338,-0.45471076891228146
0.024893467520294886,0.1708792532135241,-0.45572165595670333
0.024893467520294886,0.17119379949205626,-0.4498477727906815
0.024893467520294886,0.17062561629615267,-0.4612530484695834
0.024893467520294886,0.17146277588241807,-0.4497862607972733
0.024893467520294886,0.17130391422920135,-0.4541770697583286
0.024893467520294886,0.17104317966973304,-0.4606132264240941
0.024893467520294886,0.17145931041801327,-0.4543245203160915
0.024893467520294886,0.17140897468522645,-0.4558031189138755
0.024893467520294886,0.17134785902439348,-0.45759653043007176
0.024893467520294886,0.1717990145823125,-0.44945530946423473
0.024893467520294886,0.17179313143511174,-0.45041459137618955
0.024893467520294886,0.1718723835656229,-0.45260069550049364
0.024893467520294886,0.17175283356184276,-0.45535267865270224
0.024893467520294886,0.17173623219454542,-0.45658757875117484
0.024893467520294886,0.17177175069998663,-0.4561749520057974
0.024893467520294886,0.17192029998473027,-0.45452245059972785
0.024893467520294886,0.1721148074581775,-0.45345821837437855
0.024893467520294886,0.17228410230560479,-0.4529761787840569
0.024893467520294886,0.17243320947213203,-0.45549136022341213
0.024893467520294886,0.17243908630166294,-0.4562974255637006
0.024893467520294886,0.1728220002435444,-0.45429675448801055
0.024893467520294886,0.17281214853930857,-0.4563547474674176
0.024893467520294886,0.1728951138934262,-0.4550705460083416
0.024893467520294886,0.17282182692207018,-0.456617280518946
0.024893467520294886,0.17318593072233646,-0.45239136789051143
0.024893467520294886,0.17320783460330896,-0.45589892172542984
0.024893467520294886,0.17323870156140267,-0.456063532461474
0.024893467520294886,0.1733385191704492,-0.45848048283993337
0.024893467520294886,0.1734475068428292,-0.4563982344332578
0.024893467520294886,0.17359562675368553,-0.45496741750818515
0.024893467520294886,0.17391407619289528,-0.45206804849631144
0.024893467520294886,0.17396372799383217,-0.45622284656169443
0.024893467520294886,0.17404502889009085,-0.4608596095399015
0.024893467520294886,0.17404698933098267,-0.46092057673287623
0.024893467520294886,0.1743143544644007,-0.45593214597547294
0.024893467520294886,0.1743978905095044,-0.4561555254736071
0.024893467520294886,0.17420937466214959,-0.4607012749334411
0.024893467520294886,0.17466837171933622,-0.45163374118537625
0.024893467520294886,0.1746733023888421,-0.45186963432141
0.024893467520294886,0.17456630722791638,-0.4561977678386214
0.024893467520294886,0.174560041098645,-0.45644371805703
0.024893467520294886,0.17464464875734007,-0.4558307676206519
0.024893467520294886,0.1744165837350884,-0.46051120740990154
0.024893467520294886,0.17442804839981874,-0.46038930296942815
0.024893467520294886,0.17492095186814724,-0.45167570758985015
0.024893467520294886,0.17504856836573504,-0.4502620769172324
0.024893467520294886,0.17507128819755927,-0.4500062109581692
0.024893467520294886,0.17477803627811378,-0.45613210937654913
0.024893467520294886,0.17473625926420658,-0.460386635799666
0.024893467520294886,0.1753537151871903,-0.44978961333918255
0.024893467520294886,0.17571263332712064,-0.44991592015246906
0.024893467520294886,0.17582649546223328,-0.45110028227647136
0.024893467520294886,0.17557170243706383,-0.45896594182564276
0.024893467520294886,0.1760907688856742,-0.4499544928213534
0.024893467520294886,0.17633223420965508,-0.44954374417948406
0.024893467520294886,0.1760993128693241,-0.45613727527138387
0.024893467520294886,0.17662809802297824,-0.4513297931522083
0.024893467520294886,0.17707676805692618,-0.4569839753690585
0.024893467520294886,0.17697480074770175,-0.45964950985588526
0.024893467520294886,0.17760050011002554,-0.44969810381731296
0.024893467520294886,0.1771523663651357,-0.4600830616374917
0.024893467520294886,0.17776925496791424,-0.45132142627681543
0.024893467520294886,0.1779205289465885,-0.44902448506840026
0.024893467520294886,0.17733706387138948,-0.46081290889004
0.024893467520294886,0.1778939575413403,-0.4500009510131173
0.024893467520294886,0.17790281043646425,-0.4502875131875069
0.024893467520294886,0.17862563423586827,-0.4499983251716104
0.024893467520294886,0.17833119009284645,-0.4587960273247287
0.024893467520294886,0.17920594241692128,-0.44879584181436205
0.024893467520294886,0.17903246826502126,-0.4610190408796724
0.024893467520294886,0.1799956879890503,-0.4472448050027168
0.024893467520294886,0.17951173425453773,-0.4580229544685531
0.024893467520294886,0.17996707648168742,-0.45084363868785554
0.024893467520294886,0.18088734552833366,-0.44924923586945337
0.024893467520294886,0.1806341633205103,-0.4607088891606882
0.024893467520294886,0.18137924798331825,-0.4516060680127031
0.024893467520294886,0.1815647856006886,-0.4495634023790751
0.024893467520294886,0.18179479266424875,-0.45107953260966327
0.024893467520294886,0.1818477074921698,-0.4506149380012917
0.024893467520294886,0.18138408583038637,-0.46048423994093746
0.024893467520294886,0.18140514814389702,-0.4604277703813292
0.024893467520294886,0.1822289673111929,-0.4498150153953631
0.024893467520294886,0.18227361828938587,-0.45251034750461283
0.024893467520294886,0.18189839672729752,-0.4602443720935133
0.024893467520294886,0.18243548938251763,-0.4499954099256546
0.024893467520294886,0.1821995729514166,-0.46006109692170416
0.024893467520294886,0.1826101499087356,-0.4536929087710547
0.024893467520294886,0.18294162995176716,-0.45007136697794836
0.024893467520294886,0.1832387282705556,-0.4548253946254759
0.024893467520294886,0.18369788878355398,-0.44886385123755834
0.024893467520294886,0.18339675325526056,-0.45920473817139074
0.024893467520294886,0.18397350119642006,-0.4563991994169925
0.024893467520294886,0.183821434535781,-0.45987120895544353
0.024893467520294886,0.1844359493807838,-0.44987644199626087
0.024893467520294886,0.1846773137886591,-0.4498687167848294
0.024893467520294886,0.1849148065834087,-0.449564263261095
0.024893467520294886,0.18495608155047988,-0.4492554013559578
0.024893467520294886,0.1858071113590222,-0.448814387492189
0.024893467520294886,0.18577524629514713,-0.4498401112226182
0.024893467520294886,0.18637828609262783,-0.44959783318958
0.024893467520294886,0.1864977819098851,-0.45020279285960796
0.024893467520294886,0.18661846014457883,-0.4500851703103168
0.024893467520294886,0.1861557740645584,-0.459642158645286
0.024893467520294886,0.18711784386817268,-0.4488937205954186
0.024893467520294886,0.18727439755400904,-0.45122611911682653
0.024893467520294886,0.18702254601609325,-0.459882407057038
0.024893467520294886,0.1872736112519302,-0.4579686992367408
0.024893467520294886,0.1876965481592783,-0.4501909888233816
0.024893467520294886,0.18845755193926111,-0.44919457968937354
0.024893467520294886,0.18850195636188255,-0.4497964215217676
0.024893467520294886,0.1884954014301178,-0.4501047062245842
0.024893467520294886,0.18853032159548166,-0.45996567393826027
0.024893467520294886,0.188631073315157,-0.46011369335454655
0.024893467520294886,0.18914778689699135,-0.45205287708824665
0.024893467520294886,0.18871780976553815,-0.46173652202985016
0.024893467520294886,0.18893345591288693,-0.46006000924232104
0.024893467520294886,0.18952029323366476,-0.4491799886226745
0.024893467520294886,0.18966808819317726,-0.4488314672185253
0.024893467520294886,0.1893777264585648,-0.4598995991390429
0.024893467520294886,0.18947337897963518,-0.4598351066074287
0.024893467520294886,0.18953366734150104,-0.4597086083310995
0.024893467520294886,0.18961213526576778,-0.4600194806470307
0.024893467520294886,0.19028974369817414,-0.4499916308630205
0.024893467520294886,0.19043014534336178,-0.44999535617896613
0.024893467520294886,0.18997405769844922,-0.4604001667743014
0.024893467520294886,0.190127705300083,-0.45951145166753726
0.024893467520294886,0.1903155336421872,-0.4609064748397279
0.024893467520294886,0.19070956152772742,-0.45446203978278055
0.024893467520294886,0.19102657526707292,-0.448747560101949
0.024893467520294886,0.19113317906638866,-0.4488164939907804
0.024893467520294886,0.19095178245077468,-0.45337138471402977
0.024893467520294886,0.19118155329352352,-0.4499965028519818
0.024893467520294886,0.19068161771630943,-0.46026669039643653
0.024893467520294886,0.19147381524681986,-0.44877572476896943
0.024893467520294886,0.1916766059492886,-0.44988508098494495
0.024893467520294886,0.1922411977454796,-0.45015447964169486
0.024893467520294886,0.1927561074278381,-0.44878858445785796
0.024893467520294886,0.19295515558193305,-0.4500093253004819
0.024893467520294886,0.19272771518771717,-0.45932697134619227
0.024893467520294886,0.19363723820240392,-0.4487530864529416
0.024893467520294886,0.19366453801312739,-0.4501185547004465
0.024893467520294886,0.1941302106417338,-0.45107927055588204
0.024893467520294886,0.19427328375629851,-0.450282579102748
0.024893467520294886,0.19445855561789605,-0.45032558822121616
0.024893467520294886,0.19447067750533042,-0.4576914883039738
0.024893467520294886,0.19494664946892565,-0.44871772420339473
0.024893467520294886,0.1949957652208564,-0.4497067591962164
0.024893467520294886,0.19537266688408458,-0.4489253967074721
0.024893467520294886,0.19527235536122634,-0.45216078285133887
0.024893467520294886,0.19507913530289628,-0.4593939193705467
0.024893467520294886,0.1952652637526664,-0.4598660868218737
0.024893467520294886,0.195843231517358,-0.448735389597565
0.024893467520294886,0.19577377020663944,-0.4502906163519036
0.024893467520294886,0.19541622757784988,-0.4595780371714371
0.024893467520294886,0.19605321012811022,-0.44868155309165847
0.024893467520294886,0.19597731188966522,-0.45334792861544315
0.024893467520294886,0.1957235095112406,-0.4598010070087369
0.024893467520294886,0.1962814138369834,-0.4486806703555154
0.024893467520294886,0.19579956371048038,-0.45967017723494363
0.024893467520294886,0.19633198914688788,-0.4508145585884695
0.024893467520294886,0.195920158584009,-0.45946391429824934
0.024893467520294886,0.19606005800684856,-0.4603424201329408
0.024893467520294886,0.1965709610598792,-0.45059177033852715
0.024893467520294886,0.19615045260009178,-0.4591298697904612
0.024893467520294886,0.19620937921912995,-0.4592588094247254
0.024893467520294886,0.19619311521997632,-0.45967412226974197
0.024893467520294886,0.19676273528664462,-0.4486717125790915
0.024893467520294886,0.19659002421974703,-0.4545371759921065
0.024893467520294886,0.19659642552337134,-0.459517282209722
0.024893467520294886,0.19739956648746387,-0.45054778492887315
0.024893467520294886,0.19694610117782255,-0.46116857540122314
0.024893467520294886,0.19728886729758816,-0.4605473396323482
0.024893467520294886,0.1973204126574042,-0.4611922447471044
0.024893467520294886,0.19737057036441402,-0.46054084272606766
0.024893467520294886,0.19729946948533633,-0.46340670289702085
0.024893467520294886,0.1983139894957733,-0.44866509286217243
0.024893467520294886,0.19770164272846338,-0.46102169077318234
0.024893467520294886,0.19775918829149866,-0.46149787422566746
0.024893467520294886,0.19859536422142327,-0.45083148168785464
0.024893467520294886,0.1986411925663471,-0.4510578506445977
0.024893467520294886,0.19809011699365636,-0.46218787007118706
0.024893467520294886,0.19834471195352815,-0.45899213449302945
0.024893467520294886,0.19916564611904566,-0.4501457050691302
0.024893467520294886,0.1986418338442281,-0.4614727158024115
0.024893467520294886,0.19891605140020516,-0.4591473710469399
0.024893467520294886,0.19914588589897286,-0.45945765418232787
0.024893467520294886,0.19964583504255104,-0.45091269487567137
0.024893467520294886,0.1999600767097826,-0.44858054357387167
0.024893467520294886,0.1995858675752527,-0.45750623948143326
0.024893467520294886,0.19997644123555663,-0.4510608503367607
0.024893467520294886,0.1996165353996915,-0.46144080453314695
0.024893467520294886,0.20025608286357446,-0.4507369744592803
0.024893467520294886,0.19970527560582993,-0.46294817621782247
0.024893467520294886,0.20055584528513953,-0.45081567950334756
0.024893467520294886,0.2006986691372808,-0.44866156725331174
0.024893467520294886,0.20014962159446337,-0.4603094707043355
0.024893467520294886,0.2006416804750733,-0.4511484572123255
0.024893467520294886,0.20105003267305097,-0.4487011933824552
0.024893467520294886,0.20052653819922175,-0.45993430947904257
0.024893467520294886,0.2004833003521635,-0.4608597240920652
0.024893467520294886,0.20111208115024737,-0.45082358380056986
0.024893467520294886,0.20124212326914137,-0.4499221697767334
0.024893467520294886,0.201236026196744,-0.4520765651122103
0.024893467520294886,0.20091111581006613,-0.45919623526367676
0.024893467520294886,0.20153889654629517,-0.4491025164299231
0.024893467520294886,0.20135927351976024,-0.45339957981119966
0.024893467520294886,0.20118270454776224,-0.4591299308848181
0.024893467520294886,0.20170485030376945,-0.45002554530105576
0.024893467520294886,0.20173965656387602,-0.4514313694073356
0.024893467520294886,0.20132131403811926,-0.46162632241875773
0.024893467520294886,0.20198296495768614,-0.44867181859256133
0.024893467520294886,0.20197921638980587,-0.4515286210489227
0.024893467520294886,0.20167324158978428,-0.4599677835086743
0.024893467520294886,0.20169649874825724,-0.4597088709954359
0.024893467520294886,0.20171343362057215,-0.4596756679540924
0.024893467520294886,0.20166166344140377,-0.46078603207707886
0.024893467520294886,0.20178028482186364,-0.4593388968459228
0.024893467520294886,0.201646458444229,-0.4621818451481968
0.024893467520294886,0.20182461161835408,-0.4617610839347217
0.024893467520294886,0.20200305776389432,-0.4595309096238983
0.024893467520294886,0.20242274056359646,-0.4550627362389298
0.024893467520294886,0.20279588221774902,-0.45174940833554467
0.024893467520294886,0.20296038316857434,-0.4486061248632567
0.024893467520294886,0.20302632147729446,-0.4517274790272822
0.024893467520294886,0.20285082196701432,-0.46327516568462956
0.024893467520294886,0.2030187500620258,-0.46182840625218313
0.024893467520294886,0.20380788504258762,-0.4484348709672296
0.024893467520294886,0.2037475335105067,-0.4509694918920735
0.024893467520294886,0.20386635321247426,-0.4520897910543041
0.024893467520294886,0.20387490663851687,-0.45800945079782646
0.024893467520294886,0.20391549750817958,-0.4590587042392036
0.024893467520294886,0.20398616994120963,-0.46157242131207776
0.024893467520294886,0.20453512566010693,-0.45204754193332447
0.024893467520294886,0.20471869891472996,-0.44883678683572875
0.024893467520294886,0.20412926865954129,-0.4635759248462863
0.024893467520294886,0.2047497002433228,-0.4513697043711288
0.024893467520294886,0.2047696317210183,-0.45209181395249054
0.024893467520294886,0.20426075538118868,-0.4645668596836749
0.024893467520294886,0.2051207144981918,-0.44953230564815183
0.024893467520294886,0.20450278934658514,-0.46328279170278763
0.024893467520294886,0.20479853210123874,-0.4592471052078914
0.024893467520294886,0.20515758633354536,-0.4553019223745143
0.024893467520294886,0.20556084421806595,-0.4484755411002288
0.024893467520294886,0.20511317767109633,-0.46262612608354875
0.024893467520294886,0.20525970090383538,-0.46322129333314765
0.024893467520294886,0.20596536013436895,-0.45260921443520863
0.024893467520294886,0.20600650392089676,-0.45216367322537054
0.024893467520294886,0.20603872190452868,-0.4519662757508972
0.024893467520294886,0.20620503886827418,-0.46362562904525595
0.024893467520294886,0.20629982690895,-0.46449137600532897
0.024893467520294886,0.20650545169661222,-0.46236962714609936
0.024893467520294886,0.2074136184787213,-0.4523314911507732
0.024893467520294886,0.20706318301499618,-0.45939584179797155
0.024893467520294886,0.20710007593760824,-0.4593412014285735
0.024893467520294886,0.2079666555579394,-0.4486384747625052
0.024893467520294886,0.20776866948330405,-0.4596662504202179
0.024893467520294886,0.20787388424619846,-0.4595187683956294
0.024893467520294886,0.2080213979150377,-0.45772708294745845
0.024893467520294886,0.2081254763885568,-0.45962127499198147
0.024893467520294886,0.20938934159444772,-0.4496393018773202
0.024893467520294886,0.20973051065254522,-0.44829032582145395
0.024893467520294886,0.20994514651064589,-0.4494494035973261
0.024893467520294886,0.21026863075316202,-0.4512524974794654
0.024893467520294886,0.21096627028679427,-0.4533540543423702
0.024893467520294886,0.21189412239845565,-0.44843063556006363
0.024893467520294886,0.21299854309322774,-0.45712502760019513
0.024893467520294886,0.21429269038071802,-0.4487015916001428
0.024893467520294886,0.21668724852119364,-0.4494434476583204
0.024893467520294886,0.21669475792139467,-0.4496818787808476
0.024893467520294886,0.21650945915859035,-0.4537691217681844
0.024893467520294886,0.21776140334827257,-0.451244396588116
-0.0828335983090884,0.007248812215086976,-0.45735884069691213
-0.0828335983090884,0.00726724883463219,-0.4583895595753792
-0.0828335983090884,0.007528653701618704,-0.45702498782469236
-0.0828335983090884,0.007500562643763482,-0.4614114419952632
-0.0828335983090884,0.007650720806007705,-0.4594324807180544
-0.0828335983090884,0.007620223762533726,-0.46184244872717717
-0.0828335983090884,0.008053677545998228,-0.4563773516706505
-0.0828335983090884,0.008374153400293547,-0.46107105076233024
-0.0828335983090884,0.008464116802807717,-0.46025101930457935
-0.0828335983090884,0.008744707453636789,-0.4607698765099275
-0.0828335983090884,0.009089933916921627,-0.4554856009762901
-0.0828335983090884,0.009396171077784954,-0.4533071037719406
-0.0828335983090884,0.009758503104773584,-0.45273834681136904
-0.0828335983090884,0.009699216974212232,-0.45402041935282444
-0.0828335983090884,0.009682934499442797,-0.4547157737313174
-0.0828335983090884,0.009631611122958322,-0.4623626427102596
-0.0828335983090884,0.010203188314886608,-0.4520122037269751
-0.0828335983090884,0.010206228489654579,-0.45234582551588176
-0.0828335983090884,0.009840493098344564,-0.46160904070459785
-0.0828335983090884,0.010491339095454168,-0.4520847330694744
-0.0828335983090884,0.01017612994141913,-0.46188660438252815
-0.0828335983090884,0.010432671612333855,-0.4615901806731859
-0.0828335983090884,0.010968602682868398,-0.46301599932028226
-0.0828335983090884,0.011084444399138724,-0.462251378955744
-0.0828335983090884,0.011164237077555681,-0.46112336122434794
-0.0828335983090884,0.01139192147334707,-0.46134164862792937
-0.0828335983090884,0.011362043088504758,-0.4637731331598747
-0.0828335983090884,0.011467799292833238,-0.4633850282587547
-0.0828335983090884,0.011621459223996353,-0.4623089479208235
-0.0828335983090884,0.011713230630267135,-0.4609552978369748
-0.0828335983090884,0.011861746272603314,-0.4611714468237489
-0.0828335983090884,0.011926293549304308,-0.4616015540719537
-0.0828335983090884,0.012089712560808593,-0.4615231324394573
-0.0828335983090884,0.012283759212736962,-0.45837313326394535
-0.0828335983090884,0.012204494376289267,-0.4611814954718958
-0.0828335983090884,0.01223683108624097,-0.4622163701695044
-0.0828335983090884,0.01258325326677008,-0.4593137255066122
-0.0828335983090884,0.012758447519658718,-0.46052415375817335
-0.0828335983090884,0.012850643498720699,-0.4622005661936197
-0.0828335983090884,0.012905028786609107,-0.4617300919199432
-0.0828335983090884,0.012905781588379989,-0.46179851532312355
-0.0828335983090884,0.012959208376851914,-0.46081196187841605
-0.0828335983090884,0.012969204296339933,-0.4609218924990969
-0.0828335983090884,0.013074938304152992,-0.4602547147091315
-0.0828335983090884,0.013240112953828438,-0.4571525138877374
-0.0828335983090884,0.013171567951305814,-0.46084168375513995
-0.0828335983090884,0.0131616811767058,-0.46210021134439205
-0.0828335983090884,0.013292293351347347,-0.46160505470120994
-0.0828335983090884,0.01357955330275851,-0.4611511679865908
-0.0828335983090884,0.013637060932577147,-0.46185539199698655
-0.0828335983090884,0.013688942646166727,-0.4619515685465009
-0.0828335983090884,0.013822210177079745,-0.460640633253783
-0.0828335983090884,0.01405086993784124,-0.4562278093706382
-0.0828335983090884,0.0139300574676339,-0.4606257959555009
-0.0828335983090884,0.013901835218692406,-0.4617775241622795
-0.0828335983090884,0.013970719561601265,-0.4617483178863396
-0.0828335983090884,0.014126180638620367,-0.4607424213634187
-0.0828335983090884,0.014214522909194824,-0.46082581029542435
-0.0828335983090884,0.014295479252235004,-0.46059181704971197
-0.0828335983090884,0.014364945893869822,-0.4599370310005184
-0.0828335983090884,0.01427703213402036,-0.46177627085813405
-0.0828335983090884,0.014314591255867516,-0.4617652439988506
-0.0828335983090884,0.014418415900649764,-0.4607523976895481
-0.0828335983090884,0.014518819010823185,-0.4598418451655078
-0.0828335983090884,0.014833463121391853,-0.46048677824999895
-0.0828335983090884,0.014864811604526719,-0.46030571310798307
-0.0828335983090884,0.014831257182482498,-0.4611014669330685
-0.0828335983090884,0.015119547147101925,-0.45540450375975305
-0.0828335983090884,0.01533181198754818,-0.4546789955988498
-0.0828335983090884,0.014987678220998411,-0.4624317589983866
-0.0828335983090884,0.015234712685961983,-0.46125768963804803
-0.0828335983090884,0.015354067322877248,-0.4604836503265528
-0.0828335983090884,0.015385719873405194,-0.459862019953589
-0.0828335983090884,0.015472030112271835,-0.45925182973176176
-0.0828335983090884,0.01579131331555548,-0.45392314547538104
-0.0828335983090884,0.015388931372716692,-0.4623516979819797
-0.0828335983090884,0.015632262909394422,-0.4587041944979775
-0.0828335983090884,0.01565221293419483,-0.45872533497612167
-0.0828335983090884,0.015638705245569172,-0.4593352850036436
-0.0828335983090884,0.01551654103532198,-0.46208283475421813
-0.0828335983090884,0.015963646226428478,-0.4532582408743162
-0.0828335983090884,0.015515156899544844,-0.46305155925399455
-0.0828335983090884,0.0156599801759038,-0.4604885410164375
-0.0828335983090884,0.015534127190104736,-0.46338813438634635
-0.0828335983090884,0.01607719780498708,-0.45267451542248316
-0.0828335983090884,0.016120305839136106,-0.45194165008841847
-0.0828335983090884,0.016256029933543723,-0.4520504699089209
-0.0828335983090884,0.01564982803787237,-0.4644525609311
-0.0828335983090884,0.016025401032829362,-0.45708301645789284
-0.0828335983090884,0.01586082952358325,-0.46044424698209885
-0.0828335983090884,0.015928102014404304,-0.4597783579020121
-0.0828335983090884,0.01597691393869738,-0.4593207524545161
-0.0828335983090884,0.01642489015567483,-0.45225914820470325
-0.0828335983090884,0.01594898466941593,-0.46212661149734746
-0.0828335983090884,0.01607864541662905,-0.46012651469329946
-0.0828335983090884,0.016181294696200183,-0.4581720134373238
-0.0828335983090884,0.01587964357190488,-0.46705533100712604
-0.0828335983090884,0.016203079537868946,-0.46287927563723524
-0.0828335983090884,0.016311592937684808,-0.46118092203973315
-0.0828335983090884,0.016486708350616292,-0.45889655670495166
-0.0828335983090884,0.016185964012591182,-0.4659203927998341
-0.0828335983090884,0.016474785211288968,-0.46148372478900834
-0.0828335983090884,0.01644148077488581,-0.46355701922980436
-0.0828335983090884,0.01673353509261635,-0.45932081868019653
-0.0828335983090884,0.01674820286429281,-0.45970066851799407
-0.0828335983090884,0.016916220682659064,-0.4572074593551568
-0.0828335983090884,0.016760286074591513,-0.4618820629658209
-0.0828335983090884,0.01694909092753479,-0.4608257957626075
-0.0828335983090884,0.0170058678914252,-0.4602846369353575
-0.0828335983090884,0.016778810185722096,-0.4667768581067354
-0.0828335983090884,0.017047563725596095,-0.4617417923849195
-0.0828335983090884,0.017143088716806087,-0.4603301541012844
-0.0828335983090884,0.017266197209662854,-0.4601746758746777
-0.0828335983090884,0.01735049398971613,-0.4591025291557095
-0.0828335983090884,0.017321818162354164,-0.4600356321861129
-0.0828335983090884,0.017344645398801272,-0.4595850562748923
-0.0828335983090884,0.01727559491581708,-0.46301836254013623
-0.0828335983090884,0.01715137113694116,-0.4656290282191033
-0.0828335983090884,0.01762345192208299,-0.4585867352915857
-0.0828335983090884,0.017614817024731538,-0.45971780669854667
-0.0828335983090884,0.01727628306853934,-0.4667105162405314
-0.0828335983090884,0.017592341764681385,-0.460750135456504
-0.0828335983090884,0.017349192524008888,-0.46690856461174246
-0.0828335983090884,0.017452396856061158,-0.4652554722007005
-0.0828335983090884,0.017728931362396436,-0.46043094255725886
-0.0828335983090884,0.01778445755935307,-0.46042253830234553
-0.0828335983090884,0.017486958922566673,-0.46689988652242453
-0.0828335983090884,0.01762193476468592,-0.4643985422555245
-0.0828335983090884,0.017828600732176597,-0.4610110929543626
-0.0828335983090884,0.018091142585989473,-0.456852541804865
-0.0828335983090884,0.01781367074123986,-0.46342865083927687
-0.0828335983090884,0.017672653235797028,-0.4666539384813138
-0.0828335983090884,0.017915317372634722,-0.4623465463417469
-0.0828335983090884,0.017948549305385315,-0.46376963542341887
-0.0828335983090884,0.017898511815482104,-0.4665671808305554
-0.0828335983090884,0.018444495274139095,-0.46016768461511404
-0.0828335983090884,0.018578582835183252,-0.45825714716567156
-0.0828335983090884,0.018195657566705083,-0.46623982046376755
-0.0828335983090884,0.01828922464357251,-0.4652612470280785
-0.0828335983090884,0.018452795890688697,-0.4622682917690646
-0.0828335983090884,0.018279286403182618,-0.4665895938228738
-0.0828335983090884,0.01859570301934049,-0.46028897251356193
-0.0828335983090884,0.018605296855984298,-0.46013076689882754
-0.0828335983090884,0.01850711285841445,-0.4622541654682528
-0.0828335983090884,0.018297679365883675,-0.46672644222538806
-0.0828335983090884,0.018735364366376808,-0.45853364781669115
-0.0828335983090884,0.01864662398670501,-0.460442213113602
-0.0828335983090884,0.018730259583111496,-0.4607331873191752
-0.0828335983090884,0.018616284408570487,-0.4667231122766342
-0.0828335983090884,0.01909486329538342,-0.4578221787378569
-0.0828335983090884,0.01898943780616671,-0.46022142136730365
-0.0828335983090884,0.019025042628272138,-0.46357501886588515
-0.0828335983090884,0.019342182961929685,-0.45753033770288754
-0.0828335983090884,0.019358824465004955,-0.46049518931694466
-0.0828335983090884,0.019178042395574774,-0.46486438103514766
-0.0828335983090884,0.019519212269410294,-0.45969080233665405
-0.0828335983090884,0.01958548559323982,-0.46051074528645125
-0.0828335983090884,0.019335658878036628,-0.46609980353172165
-0.0828335983090884,0.019859306074233314,-0.455917055679792
-0.0828335983090884,0.019561801584680388,-0.4619176780753535
-0.0828335983090884,0.019554080218051682,-0.4624268462332933
-0.0828335983090884,0.01978257056996977,-0.45844989817030923
-0.0828335983090884,0.01979378576405765,-0.4598842828923321
-0.0828335983090884,0.019567019538232908,-0.46557761384089863
-0.0828335983090884,0.019667048295770487,-0.4659925532086814
-0.0828335983090884,0.020082393684985052,-0.45954486455375243
-0.0828335983090884,0.02011616426526148,-0.4588919274036703
-0.0828335983090884,0.02010958604913047,-0.4598251228662937
-0.0828335983090884,0.019832097183867612,-0.46580487385123737
-0.0828335983090884,0.020087682718961615,-0.46074517436666285
-0.0828335983090884,0.020175718196951985,-0.4597877033386305
-0.0828335983090884,0.02067023593213335,-0.45684989948133836
-0.0828335983090884,0.020729058995940478,-0.4576980443563127
-0.0828335983090884,0.020738496604420162,-0.45806402031591265
-0.0828335983090884,0.020729626796017434,-0.45846977041825376
-0.0828335983090884,0.02100435322261005,-0.4551726979704409
-0.0828335983090884,0.021022865191199572,-0.4575629206266069
-0.0828335983090884,0.020880426651178625,-0.4624261804391634
-0.0828335983090884,0.020764026312923095,-0.46599610612513337
-0.0828335983090884,0.0208862120017605,-0.46532770572402715
-0.0828335983090884,0.02119587992474431,-0.4595704373335252
-0.0828335983090884,0.021459677793973196,-0.4544625797080216
-0.0828335983090884,0.021271496942605793,-0.46106319988768196
-0.0828335983090884,0.0219417258598151,-0.45185507379565193
-0.0828335983090884,0.022020238181019305,-0.4519178646675713
-0.0828335983090884,0.021760258267265485,-0.45745522442562137
-0.0828335983090884,0.021957511066555507,-0.4537707862846688
-0.0828335983090884,0.022084964504055213,-0.45254214763793144
-0.0828335983090884,0.021708562761724906,-0.4605589111615434
-0.0828335983090884,0.022134920943454338,-0.4531307679295872
-0.0828335983090884,0.02232159017252835,-0.45214629837895626
-0.0828335983090884,0.022011573262809572,-0.4612461337078549
-0.0828335983090884,0.02216052336511912,-0.4595908349553887
-0.0828335983090884,0.022251654131757437,-0.46030281269595597
-0.0828335983090884,0.022192708782299553,-0.46354221123728523
-0.0828335983090884,0.022266450373282686,-0.46212305190131947
-0.0828335983090884,0.02238257539638513,-0.46178670395572907
-0.0828335983090884,0.022286080260065386,-0.46401703952883916
-0.0828335983090884,0.02240045853689931,-0.46355997852731723
-0.0828335983090884,0.022647315127137246,-0.45960803233653924
-0.0828335983090884,0.022706140737348106,-0.458749263663783
-0.0828335983090884,0.022665811790690778,-0.4615401172814908
-0.0828335983090884,0.022916281973678884,-0.45720784009703697
-0.0828335983090884,0.022992811945094026,-0.45687410606796375
-0.0828335983090884,0.022590576901160873,-0.4650266710088704
-0.0828335983090884,0.022934447781002565,-0.45958322059243273
-0.0828335983090884,0.023004722910770173,-0.45920596780353146
-0.0828335983090884,0.022851430288974232,-0.46262036229182113
-0.0828335983090884,0.022985947127668327,-0.4599713064517602
-0.0828335983090884,0.023171053443230512,-0.45971575910472523
-0.0828335983090884,0.023196631625659523,-0.4639155613120669
-0.0828335983090884,0.0233608734522945,-0.4609023843435248
-0.0828335983090884,0.02350070156692301,-0.45948692522991313
-0.0828335983090884,0.023499735861665993,-0.46307236675911323
-0.0828335983090884,0.02378504734948392,-0.45841797502842874
-0.0828335983090884,0.023736377840639592,-0.4622577729468312
-0.0828335983090884,0.023839958134975373,-0.4613770412321878
-0.0828335983090884,0.024056990888115665,-0.4571037632140297
-0.0828335983090884,0.023882623245079625,-0.46343561199007144
-0.0828335983090884,0.024141083866533887,-0.45894140512038556
-0.0828335983090884,0.024047256808376095,-0.4617422576228723
-0.0828335983090884,0.02405237081909233,-0.46481695660914235
-0.0828335983090884,0.024457861657842795,-0.4572748821470426
-0.0828335983090884,0.024161794211834745,-0.46371659804301085
-0.0828335983090884,0.024090369865921064,-0.4654523611280247
-0.0828335983090884,0.02457408097948128,-0.4561818486898944
-0.0828335983090884,0.02458683494535602,-0.4563023436640444
-0.0828335983090884,0.024476745944274583,-0.45860716557515957
-0.0828335983090884,0.024647669614196434,-0.45726057487529836
-0.0828335983090884,0.024579747804653607,-0.45936352886498505
-0.0828335983090884,0.024724138715157076,-0.4566249496776706
-0.0828335983090884,0.024525470366542384,-0.46191174981442684
-0.0828335983090884,0.024721678358254114,-0.45921237653727665
-0.0828335983090884,0.02470648735434197,-0.46016307118776567
-0.0828335983090884,0.02463058246302064,-0.464596617609931
-0.0828335983090884,0.024780970891778515,-0.46191174981442684
-0.0828335983090884,0.02537176341402159,-0.4563685083937705
-0.0828335983090884,0.025347785334249983,-0.45791092439747183
-0.0828335983090884,0.025520254199903884,-0.45626943022348776
-0.0828335983090884,0.025524721742837476,-0.4581483918635618
-0.0828335983090884,0.025799579426761705,-0.4564075013712794
-0.0828335983090884,0.025860988547380885,-0.45541719046970697
-0.0828335983090884,0.02553032291357478,-0.4628955535684704
-0.0828335983090884,0.025885214655324812,-0.45755331871851335
-0.0828335983090884,0.025623881135512727,-0.4641004665130606
-0.0828335983090884,0.02596426578502932,-0.4593768768008143
-0.0828335983090884,0.02600966222546497,-0.4602951009840571
-0.0828335983090884,0.025972532237515666,-0.46374081765643793
-0.0828335983090884,0.026574728806896784,-0.4536266042945514
-0.0828335983090884,0.026174719428255687,-0.46207625030542876
-0.0828335983090884,0.02648470308340939,-0.4571055385769317
-0.0828335983090884,0.026165326047174198,-0.4636904490675652
-0.0828335983090884,0.026728945222763978,-0.45299974941215254
-0.0828335983090884,0.026541885654059773,-0.45878910559537517
-0.0828335983090884,0.02653585248424841,-0.45907950523793445
-0.0828335983090884,0.026686937422930237,-0.4560778210732916
-0.0828335983090884,0.02657563040411006,-0.45944841311808665
-0.0828335983090884,0.026856768989944498,-0.4542687648369981
-0.0828335983090884,0.026465888865835292,-0.464711243014616
-0.0828335983090884,0.02683578871497158,-0.459294510482915
-0.0828335983090884,0.026963956880001225,-0.45740698381684897
-0.0828335983090884,0.02711171000811422,-0.45486682639465514
-0.0828335983090884,0.026740611169500834,-0.4626411839697798
-0.0828335983090884,0.027021558202149885,-0.45904181538886335
-0.0828335983090884,0.026996975306749077,-0.45967477382801436
-0.0828335983090884,0.027036633500946046,-0.4591728029459881
-0.0828335983090884,0.027474361509372977,-0.45171217239001793
-0.0828335983090884,0.02724453137746928,-0.4570330179104205
-0.0828335983090884,0.02757014278016871,-0.4517701423337975
-0.0828335983090884,0.027646298579079274,-0.451989609207071
-0.0828335983090884,0.027204109537013372,-0.46351261648185227
-0.0828335983090884,0.027358590721984252,-0.46052464701846973
-0.0828335983090884,0.027793091649795994,-0.4523715936511348
-0.0828335983090884,0.027660656586639434,-0.45593404319936726
-0.0828335983090884,0.027554654018591793,-0.45837772953762224
-0.0828335983090884,0.027677389824603535,-0.45693101672357406
-0.0828335983090884,0.02743687662215284,-0.4632698037402102
-0.0828335983090884,0.0278243956414404,-0.45632597696464794
-0.0828335983090884,0.027619826943195657,-0.4631565554676639
-0.0828335983090884,0.02794977923584129,-0.4577737089958192
-0.0828335983090884,0.02811016515250082,-0.45586774895975657
-0.0828335983090884,0.028075117460188485,-0.4592815708826218
-0.0828335983090884,0.027971329530215423,-0.4617255094965105
-0.0828335983090884,0.028318264635764576,-0.4560055768944905
-0.0828335983090884,0.02816181451276825,-0.45921473853225725
-0.0828335983090884,0.028051175101471412,-0.46237782911588704
-0.0828335983090884,0.0285102272298969,-0.45561960394480033
-0.0828335983090884,0.02860353321060714,-0.45930116596351467
-0.0828335983090884,0.02863155987001903,-0.4597389312911916
-0.0828335983090884,0.028440221817170673,-0.4637215117936756
-0.0828335983090884,0.028454179962545706,-0.46373546130168875
-0.0828335983090884,0.0285571090266716,-0.46203639794320617
-0.0828335983090884,0.028838508075232052,-0.4564455954025257
-0.0828335983090884,0.02872849534083915,-0.46077994315811005
-0.0828335983090884,0.0288725476311817,-0.4582126501996827
-0.0828335983090884,0.029077488676836658,-0.4559243550367307
-0.0828335983090884,0.02889228808415652,-0.45988612551010466
-0.0828335983090884,0.028766641745394422,-0.4631741266062677
-0.0828335983090884,0.02888666498494375,-0.4616116652059356
-0.0828335983090884,0.02919251077043748,-0.4556269321676617
-0.0828335983090884,0.029075346924717985,-0.45890937977032875
-0.0828335983090884,0.02891675748305084,-0.4621047216715177
-0.0828335983090884,0.029116289209380544,-0.461211522714965
-0.0828335983090884,0.02911131274915917,-0.4619007326631073
-0.0828335983090884,0.0290418221367277,-0.46453029734832896
-0.0828335983090884,0.02932300582504665,-0.46093569761015735
-0.0828335983090884,0.029423134893745585,-0.4595568413178134
-0.0828335983090884,0.0296017851101069,-0.4577107882617465
-0.0828335983090884,0.02957618098150037,-0.45898383421086025
-0.0828335983090884,0.02973912504225174,-0.4577656591804765
-0.0828335983090884,0.02983623231062876,-0.4564013703547852
-0.0828335983090884,0.030131246345319298,-0.45449320429792683
-0.0828335983090884,0.02985389031136682,-0.46012875537150205
-0.0828335983090884,0.030236307930110493,-0.4552232351723319
-0.0828335983090884,0.029955085608460958,-0.46154643486889935
-0.0828335983090884,0.030090544063343043,-0.4600180469376509
-0.0828335983090884,0.030153233864888673,-0.46333010743660286
-0.0828335983090884,0.03064165209963806,-0.45499814898978963
-0.0828335983090884,0.030482931526971017,-0.4587212187977461
-0.0828335983090884,0.0303976735515475,-0.46348865494387914
-0.0828335983090884,0.030915014189177987,-0.45348657036191653
-0.0828335983090884,0.030535080085851832,-0.4619966686677197
-0.0828335983090884,0.030844534639223778,-0.4571800340850023
-0.0828335983090884,0.030798755576773033,-0.4594267892721091
-0.0828335983090884,0.03062911721778903,-0.4637134622495157
-0.0828335983090884,0.030708771775122483,-0.4625338895633807
-0.0828335983090884,0.030812667268183266,-0.46237429399810714
-0.0828335983090884,0.031198658967696604,-0.45521602089227325
-0.0828335983090884,0.031286496452369764,-0.455278320251059
-0.0828335983090884,0.031184489381147856,-0.45809001699607743
-0.0828335983090884,0.03131693522951099,-0.4554919043429813
-0.0828335983090884,0.03096192213791519,-0.4630702733054931
-0.0828335983090884,0.03136265141555474,-0.4554727826161874
-0.0828335983090884,0.031207829181490204,-0.45872991471959174
-0.0828335983090884,0.03151199863883221,-0.45744673360363364
-0.0828335983090884,0.03145148742924103,-0.4603485218470963
-0.0828335983090884,0.03147100270551565,-0.46050279307382425
-0.0828335983090884,0.031866262176083834,-0.45276825849280633
-0.0828335983090884,0.03177307251002105,-0.45626827525311936
-0.0828335983090884,0.03188195772274623,-0.45540960777266093
-0.0828335983090884,0.03187077810978364,-0.4558244437194867
-0.0828335983090884,0.031976051173255235,-0.454201421416244
-0.0828335983090884,0.03196932445390284,-0.4558250971755188
-0.0828335983090884,0.032011512854471055,-0.4554680856614833
-0.0828335983090884,0.0316322281090991,-0.4632084042490633
-0.0828335983090884,0.03179872763449128,-0.461080187710761
-0.0828335983090884,0.03203655120466719,-0.45715823929242333
-0.0828335983090884,0.03233409333811136,-0.45160147403693396
-0.0828335983090884,0.03219467207121128,-0.45441568272365485
-0.0828335983090884,0.03231066644448337,-0.45223503701719986
-0.0828335983090884,0.031964491151794755,-0.46110765014944954
-0.0828335983090884,0.03183922801337215,-0.46417402859769186
-0.0828335983090884,0.031899642115779316,-0.46366099972279934
-0.0828335983090884,0.032242847131213795,-0.45691384645912003
-0.0828335983090884,0.03220659322434897,-0.45781989579130167
-0.0828335983090884,0.032521711260094704,-0.45152677281860465
-0.0828335983090884,0.03260181740876326,-0.45181353955662634
-0.0828335983090884,0.03240907846982295,-0.45673249361195084
-0.0828335983090884,0.03210808404608431,-0.46337890989469455
-0.0828335983090884,0.03257962538051319,-0.4547119388040927
-0.0828335983090884,0.032292322858601195,-0.4608414148054929
-0.0828335983090884,0.032216062013581015,-0.46261109709573167
-0.0828335983090884,0.03261906756343577,-0.45493160209330563
-0.0828335983090884,0.03288677125951413,-0.4551255505922831
-0.0828335983090884,0.03306271324283982,-0.4544607907670378
-0.0828335983090884,0.03310204533705602,-0.45464767541243056
-0.0828335983090884,0.03303441460192054,-0.45656367172647494
-0.0828335983090884,0.03305113983220972,-0.4588525353513889
-0.0828335983090884,0.033253360145183264,-0.45614909283768046
-0.0828335983090884,0.03325547712500433,-0.4579871472829734
-0.0828335983090884,0.03333118365871144,-0.4573509824845452
-0.0828335983090884,0.03365049141153072,-0.4544997071092536
-0.0828335983090884,0.033357562230148574,-0.4611260873458404
-0.0828335983090884,0.03324377543740453,-0.4635339926067994
-0.0828335983090884,0.03372719084605172,-0.4545383628991836
-0.0828335983090884,0.03374139550982161,-0.45551872727011256
-0.0828335983090884,0.03388255597308318,-0.4537279641186508
-0.0828335983090884,0.03342632214173771,-0.46391830811995655
-0.0828335983090884,0.033959929492451066,-0.454865281491038
-0.0828335983090884,0.033610097070205985,-0.46201912557560376
-0.0828335983090884,0.03364017647116768,-0.4619949608520987
-0.0828335983090884,0.033627753618395956,-0.4631778521636307
-0.0828335983090884,0.03410814306925937,-0.4549796684403864
-0.0828335983090884,0.03378301955819246,-0.46149504710735634
-0.0828335983090884,0.033766404102343536,-0.46189477994243755
-0.0828335983090884,0.034169524209921635,-0.45413818836879505
-0.0828335983090884,0.03373538497916685,-0.46288912058554044
-0.0828335983090884,0.03418165356095625,-0.45535262266091275
-0.0828335983090884,0.03415195552485801,-0.45630949964968764
-0.0828335983090884,0.03424194267970902,-0.4546577567907334
-0.0828335983090884,0.033806162484337446,-0.46353572657534164
-0.0828335983090884,0.03437105554563774,-0.45369871661467814
-0.0828335983090884,0.034325604653796735,-0.45493406844884593
-0.0828335983090884,0.034304545952032396,-0.4555156838247188
-0.0828335983090884,0.034328544821419726,-0.4560964323354213
-0.0828335983090884,0.03400223683249995,-0.4626387862222417
-0.0828335983090884,0.0341540343475658,-0.45991633722333336
-0.0828335983090884,0.034320056469550886,-0.4572158740721519
-0.0828335983090884,0.034152031499231274,-0.4622190532666455
-0.0828335983090884,0.03461404960538361,-0.4533347590394107
-0.0828335983090884,0.03451006709062482,-0.4562642410472397
-0.0828335983090884,0.03457342631834433,-0.4552057708807571
-0.0828335983090884,0.034629774433795994,-0.4544401009592357
-0.0828335983090884,0.03464368122696413,-0.4550492355360952
-0.0828335983090884,0.03422679189348303,-0.46351090742104284
-0.0828335983090884,0.03461687061717433,-0.45593494277497804
-0.0828335983090884,0.034242496281512345,-0.46367200967091854
-0.0828335983090884,0.034753585805070805,-0.45442269948906155
-0.0828335983090884,0.03474286162587269,-0.4551478615584796
-0.0828335983090884,0.03446023579178175,-0.4614429932374009
-0.0828335983090884,0.03444058343351468,-0.4624611025153642
-0.0828335983090884,0.034831879332632265,-0.4548651661769121
-0.0828335983090884,0.03451666758186669,-0.46159688630734014
-0.0828335983090884,0.03445160697293216,-0.4637449616076255
-0.0828335983090884,0.03448445180263335,-0.4637256310980308
-0.0828335983090884,0.03486341374867434,-0.45716413304787307
-0.0828335983090884,0.0348837978443944,-0.45708266605165127
-0.0828335983090884,0.03488591009593354,-0.45709208296248127
-0.0828335983090884,0.034998105383377706,-0.4554808531404081
-0.0828335983090884,0.03494660416015463,-0.45658038973034
-0.0828335983090884,0.03498087991121969,-0.4570699658402204
-0.0828335983090884,0.034706054725037974,-0.46376666788219145
-0.0828335983090884,0.035170498844531314,-0.4550575702891332
-0.0828335983090884,0.03519764814490892,-0.4546385226536666
-0.0828335983090884,0.03527902558916522,-0.4542715022953642
-0.0828335983090884,0.035279404097941267,-0.45475127970158524
-0.0828335983090884,0.035389579988188355,-0.45333133685158267
-0.0828335983090884,0.035386141002439093,-0.453553905641012
-0.0828335983090884,0.035245916264356025,-0.45677516088446485
-0.0828335983090884,0.035361981162304316,-0.4550648117311208
-0.0828335983090884,0.03545303821539914,-0.4540645382418723
-0.0828335983090884,0.03546139234132239,-0.45416653934837015
-0.0828335983090884,0.035010310868138154,-0.46392153848822776
-0.0828335983090884,0.03540985756113834,-0.4565801565201344
-0.0828335983090884,0.03554755670430325,-0.4544475695271339
-0.0828335983090884,0.035617882078911145,-0.4535895830649862
-0.0828335983090884,0.03516711281007885,-0.46356446531813295
-0.0828335983090884,0.03515642054951345,-0.46382619926768953
-0.0828335983090884,0.035166301474664124,-0.46397610700439157
-0.0828335983090884,0.03520823295984597,-0.46353371913621905
-0.0828335983090884,0.03534304120880939,-0.4622811698206146
-0.0828335983090884,0.03573425868156052,-0.45495682951418337
-0.0828335983090884,0.03575101310287618,-0.4546622784618739
-0.0828335983090884,0.035362190255331175,-0.4628014824345531
-0.0828335983090884,0.03581212755038554,-0.45470041096979474
-0.0828335983090884,0.03540511678850469,-0.4632079997112273
-0.0828335983090884,0.03585810634706117,-0.45490717135391034
-0.0828335983090884,0.035817284281190846,-0.45572666710346715
-0.0828335983090884,0.035910411797550085,-0.4543196941321156
-0.0828335983090884,0.03593567395080068,-0.454576094810964
-0.0828335983090884,0.03555036384477639,-0.4625217276491207
-0.0828335983090884,0.03605138001537796,-0.45341268006762847
-0.0828335983090884,0.03606582902752495,-0.45509488106001117
-0.0828335983090884,0.03613146120053456,-0.4538399057866005
-0.0828335983090884,0.03623960948178999,-0.45254103602764684
-0.0828335983090884,0.03622324386907422,-0.45398967752789365
-0.0828335983090884,0.036195954743151175,-0.45481035480712695
-0.0828335983090884,0.03573708991069764,-0.46400932674128736
-0.0828335983090884,0.03631181118988605,-0.4542950828428362
-0.0828335983090884,0.036333920184298006,-0.4540995335857412
-0.0828335983090884,0.0366456394469656,-0.45133325026398036
-0.0828335983090884,0.03648993428037169,-0.454533816594927
-0.0828335983090884,0.036526917859805774,-0.45429394625896335
-0.0828335983090884,0.03661550697102605,-0.4531656717341831
-0.0828335983090884,0.036160031823923175,-0.4634205767040165
-0.0828335983090884,0.03666658138085559,-0.45467871873485977
-0.0828335983090884,0.036788400717785975,-0.4532960840533862
-0.0828335983090884,0.03678989598420089,-0.453847722630056
-0.0828335983090884,0.03641722993952665,-0.4616770922908531
-0.0828335983090884,0.036968462849784646,-0.4513909344225614
-0.0828335983090884,0.036965991054047395,-0.45203928387939785
-0.0828335983090884,0.037136253702570995,-0.45160564930982267
-0.0828335983090884,0.03746076542420953,-0.4527723913415366
-0.0828335983090884,0.037060363599824786,-0.46113704061579097
-0.0828335983090884,0.03703737696174563,-0.46344754059628956
-0.0828335983090884,0.03762577322313364,-0.45381629010521884
-0.0828335983090884,0.03758888012483484,-0.45616836560666
-0.0828335983090884,0.03774478014764596,-0.45341601876818555
-0.0828335983090884,0.03789610022551307,-0.45421080186827584
-0.0828335983090884,0.03783630143832917,-0.45724578392039883
-0.0828335983090884,0.037768707436866465,-0.4597650574318929
-0.0828335983090884,0.038516737070805135,-0.4536554925280459
-0.0828335983090884,0.03854559674678919,-0.45416505188686085
-0.0828335983090884,0.038825812565578266,-0.45290361402226653
-0.0828335983090884,0.03877143536939699,-0.45829688441913463
-0.0828335983090884,0.039135851353970616,-0.4533493843058174
-0.0828335983090884,0.03918675913031795,-0.45340744237394326
-0.0828335983090884,0.039187668730303826,-0.4544914188417724
-0.0828335983090884,0.039394055620484356,-0.45367097111728666
-0.0828335983090884,0.039526784055983935,-0.45350210199357444
-0.0828335983090884,0.039653592942388474,-0.45291301836734765
-0.0828335983090884,0.03968249059124514,-0.4530946415004932
-0.0828335983090884,0.039719048997536914,-0.4537026043115356
-0.0828335983090884,0.0398289547270952,-0.45325715073183387
-0.0828335983090884,0.04014808885394115,-0.45301296078825487
-0.0828335983090884,0.04090085768471152,-0.4522928102555645
-0.0828335983090884,0.04087997338539452,-0.45336152840162636
-0.0828335983090884,0.041082836653882335,-0.45282350788834835
-0.0828335983090884,0.04119238218636086,-0.4532932630163645
-0.0828335983090884,0.04133958043677387,-0.4530067157110731
-0.0828335983090884,0.041364939026625525,-0.4525641849886328
-0.0828335983090884,0.041475401573520976,-0.45104374527302304
-0.0828335983090884,0.04149433018672454,-0.45113159457291385
-0.0828335983090884,0.041565039573582305,-0.4528108185096621
-0.0828335983090884,0.041595015160159135,-0.45313535794607973
-0.0828335983090884,0.04168374167298716,-0.45173381440146754
-0.0828335983090884,0.04201906507675235,-0.45268380556573057
-0.0828335983090884,0.0420486487150248,-0.4531407343729158
-0.0828335983090884,0.04216583676910736,-0.4513358730650697
-0.0828335983090884,0.04212235988464991,-0.4529886811840901
-0.0828335983090884,0.04254623906773035,-0.4523016568313186
-0.0828335983090884,0.04289229144866706,-0.45295573805027184
-0.0828335983090884,0.04312056441313167,-0.452534583307725
-0.0828335983090884,0.0433905673848449,-0.45294796954590355
-0.0828335983090884,0.04400909064734085,-0.452277893037928
-0.0828335983090884,0.04448194655459463,-0.4521680646108224
-0.0828335983090884,0.04452744337234463,-0.45245362750719587
-0.0828335983090884,0.04452713445375656,-0.45287305058168303
-0.0828335983090884,0.04459805328543378,-0.452967147222364
-0.0828335983090884,0.0448181787159318,-0.4522368146329543
-0.0828335983090884,0.044916730856001036,-0.4521406842051947
-0.0828335983090884,0.04504066865535483,-0.4523427306475333
-0.0828335983090884,0.04504202661755419,-0.4525332122286272
-0.0828335983090884,0.045177111181246676,-0.45211867822700946
-0.0828335983090884,0.045172002299105174,-0.4523835439828033
-0.0828335983090884,0.04522228560210341,-0.4525878582996459
-0.0828335983090884,0.045330668205839836,-0.45279672174835495
-0.0828335983090884,0.0454106277936224,-0.45206212992579453
-0.0828335983090884,0.0455221262767357,-0.4528333222169535
-0.0828335983090884,0.046018558548762446,-0.45083228789238206
-0.0828335983090884,0.04598892276482173,-0.4519012745742984
-0.0828335983090884,0.04606334140997134,-0.4506858527438844
-0.0828335983090884,0.045989707728164506,-0.45255680346925964
-0.0828335983090884,0.046054752042843705,-0.45191088572680016
-0.0828335983090884,0.04652708416180201,-0.4518025096779056
-0.0828335983090884,0.04653742682516407,-0.45179193140489593
-0.0828335983090884,0.04667562851343379,-0.4510562891400287
-0.0828335983090884,0.04700313403321493,-0.45169317276550175
-0.0828335983090884,0.04713975119364766,-0.45210527001094525
-0.0828335983090884,0.04721125583744596,-0.4514147578485312
-0.0828335983090884,0.047439217525501134,-0.45243980763253133
-0.0828335983090884,0.047591740323158174,-0.4515806459653523
-0.0828335983090884,0.047524049498056324,-0.4576923155896656
-0.0828335983090884,0.04789290514295736,-0.45395008979130463
-0.0828335983090884,0.047676801196968946,-0.45892122587179723
-0.0828335983090884,0.04802924056022424,-0.45233192651345777
-0.0828335983090884,0.04789896728258769,-0.4551425884748609
-0.0828335983090884,0.04786390404645642,-0.45635059322438243
-0.0828335983090884,0.0482568372873486,-0.4527258106747577
-0.0828335983090884,0.04863690555493282,-0.4514791881657293
-0.0828335983090884,0.04873489428336186,-0.45283932733410986
-0.0828335983090884,0.04902671033800823,-0.45176323789576145
-0.0828335983090884,0.049153421108072345,-0.4523612268782561
-0.0828335983090884,0.049265042591080915,-0.45166442384912475
-0.0828335983090884,0.04944067739450453,-0.45211423553882607
-0.0828335983090884,0.04959349048014483,-0.45148545188013667
-0.0828335983090884,0.04965840927202858,-0.45122931589804993
-0.0828335983090884,0.049780123942287466,-0.4526841340354933
-0.0828335983090884,0.0498845231787402,-0.4516155578405435
-0.0828335983090884,0.0499229867800819,-0.4513162546662036
-0.0828335983090884,0.05016131745409891,-0.4511136944233889
-0.0828335983090884,0.050162962984435344,-0.4513939070644603
-0.0828335983090884,0.050302886478410386,-0.4519098661822895
-0.0828335983090884,0.05090106564404189,-0.45255764315083047
-0.0828335983090884,0.05103238490270908,-0.450287789856293
-0.0828335983090884,0.051063395888415186,-0.450449177591977
-0.0828335983090884,0.05106435963945606,-0.45175802389158815
-0.0828335983090884,0.05145523110307816,-0.45075315986597275
-0.0828335983090884,0.051590072407259914,-0.4522630773797082
-0.0828335983090884,0.051831252550547616,-0.45148833992041804
-0.0828335983090884,0.05231215094446724,-0.4511194785112803
-0.0828335983090884,0.052590517892791996,-0.45226678695698724
-0.0828335983090884,0.05266197936571262,-0.45092141498569444
-0.0828335983090884,0.052685952548009465,-0.4513475610324543
-0.0828335983090884,0.0527611096854192,-0.45229567636388307
-0.0828335983090884,0.05288388282316678,-0.45065484157385416
-0.0828335983090884,0.05295261245848139,-0.45143960080547796
-0.0828335983090884,0.05298908335994784,-0.45132892327919777
-0.0828335983090884,0.05313960122821079,-0.45147676130780506
-0.0828335983090884,0.0533293327098424,-0.4516918905227079
-0.0828335983090884,0.05352246413554433,-0.45049327744363227
-0.0828335983090884,0.05385202334709738,-0.45147668839277644
-0.0828335983090884,0.05388881055246811,-0.45220827380980844
-0.0828335983090884,0.05443384060460277,-0.4517202976581361
-0.0828335983090884,0.05469608428017293,-0.451205306484481
-0.0828335983090884,0.054969343359502904,-0.4513522171373172
-0.0828335983090884,0.055177580436631526,-0.45118272247601837
-0.0828335983090884,0.05536198623479051,-0.4502343073427116
-0.0828335983090884,0.05558125312733202,-0.4501521478438685
-0.0828335983090884,0.055571566771611944,-0.4504064175110388
-0.0828335983090884,0.055619024754801336,-0.45100531140070577
-0.0828335983090884,0.05561890470789257,-0.4510573470434443
-0.0828335983090884,0.05573530558371645,-0.45121753366135975
-0.0828335983090884,0.05579340225727138,-0.451156947583811
-0.0828335983090884,0.05586418490822541,-0.4498642437078108
-0.0828335983090884,0.05596472094802209,-0.4500176978266556
-0.0828335983090884,0.05601152460987793,-0.44984964056984084
-0.0828335983090884,0.05600242102297828,-0.45195475916480393
-0.0828335983090884,0.05603555773019694,-0.45144661137012987
-0.0828335983090884,0.05600212537313187,-0.4521335472253743
-0.0828335983090884,0.05620698020643412,-0.4515108999476213
-0.0828335983090884,0.0563720538264897,-0.45035385347085466
-0.0828335983090884,0.056674497559025774,-0.45091438622028446
-0.0828335983090884,0.05680249768895089,-0.45124986920295473
-0.0828335983090884,0.0570304916339293,-0.44991760411071957
-0.0828335983090884,0.05687798696656019,-0.45361271763348315
-0.0828335983090884,0.05707976918708689,-0.4516276273813823
-0.0828335983090884,0.05696002244433684,-0.4548501822633494
-0.0828335983090884,0.05697571714051833,-0.45605481023595507
-0.0828335983090884,0.056918001796625414,-0.45739290354676354
-0.0828335983090884,0.05745854309983775,-0.4511640805553254
-0.0828335983090884,0.057433493301559876,-0.4518070065952133
-0.0828335983090884,0.05747729481612207,-0.451995483928173
-0.0828335983090884,0.05747010649596225,-0.4521392503313712
-0.0828335983090884,0.05783732372139034,-0.4501453783624082
-0.0828335983090884,0.05782074926797456,-0.4512478426946532
-0.0828335983090884,0.05809743201802623,-0.4511365159578684
-0.0828335983090884,0.058141979710293556,-0.4509971950602083
-0.0828335983090884,0.058373685709139464,-0.45093693455192496
-0.0828335983090884,0.058685416706641125,-0.45102422863019065
-0.0828335983090884,0.05865589491552137,-0.45197731003801556
-0.0828335983090884,0.05890263854823312,-0.4509636175115166
-0.0828335983090884,0.05902688212064544,-0.45121364597030156
-0.0828335983090884,0.059066246779853775,-0.45099134300252475
-0.0828335983090884,0.05920905177989222,-0.4509484534972654
-0.0828335983090884,0.05923857066311696,-0.4511202526887492
-0.0828335983090884,0.059420674167769874,-0.4513251114759823
-0.0828335983090884,0.05966623334315979,-0.45020928109212033
-0.0828335983090884,0.05964156857988498,-0.4519037109701072
-0.0828335983090884,0.05983592377989415,-0.45093367813510665
-0.0828335983090884,0.05982971557766392,-0.4510898672726509
-0.0828335983090884,0.06006117144639808,-0.45107583611983426
-0.0828335983090884,0.060069410260927034,-0.4509548238947988
-0.0828335983090884,0.06029233286570126,-0.44938905277081226
-0.0828335983090884,0.060393559601908356,-0.450032412832437
-0.0828335983090884,0.06046166050663211,-0.4509116197229811
-0.0828335983090884,0.060793963239875834,-0.4505346704698018
-0.0828335983090884,0.06088806022286095,-0.44999286481700984
-0.0828335983090884,0.06100131836994911,-0.450127423858986
-0.0828335983090884,0.061046282702412254,-0.4495179856427911
-0.0828335983090884,0.061094278074436376,-0.44898726305607606
-0.0828335983090884,0.06112441263914679,-0.450784300041685
-0.0828335983090884,0.061217793101374776,-0.45098542277256204
-0.0828335983090884,0.06137807781542341,-0.4493095751368658
-0.0828335983090884,0.061675552612944745,-0.4511369003081386
-0.0828335983090884,0.06235730162875998,-0.450752494629318
-0.0828335983090884,0.06298155154485824,-0.45145359554636927
-0.0828335983090884,0.06301387192688485,-0.4509884956230387
-0.0828335983090884,0.06311264895546159,-0.4504384798286967
-0.0828335983090884,0.06326969315154181,-0.448805483089325
-0.0828335983090884,0.06337160222405312,-0.45058944930250655
-0.0828335983090884,0.06405926063455063,-0.45045908427579806
-0.0828335983090884,0.06421172515020747,-0.450128425127463
-0.0828335983090884,0.0644173700447303,-0.45033723930954783
-0.0828335983090884,0.06466389962406144,-0.44914988259471245
-0.0828335983090884,0.06512450986835445,-0.4502464053614761
-0.0828335983090884,0.06510814919709747,-0.4511150200366536
-0.0828335983090884,0.06614282999639313,-0.449262511844286
-0.0828335983090884,0.06623949805993573,-0.44996822304923423
-0.0828335983090884,0.06655882649482325,-0.4481065103082982
-0.0828335983090884,0.0661898330705932,-0.45597190085879635
-0.0828335983090884,0.06650446387009208,-0.4500655895142883
-0.0828335983090884,0.06652054285267715,-0.4497629016819837
-0.0828335983090884,0.06656426245385999,-0.44997598902535707
-0.0828335983090884,0.0666449464881925,-0.4499683520102271
-0.0828335983090884,0.06673417706459801,-0.4483019157716048
-0.0828335983090884,0.06668270950696076,-0.44996894725705316
-0.0828335983090884,0.06674516931487612,-0.44995759159266585
-0.0828335983090884,0.06658192642041336,-0.4545963595819662
-0.0828335983090884,0.06667989825726954,-0.4532880602302062
-0.0828335983090884,0.06679356486105265,-0.4519571102351759
-0.0828335983090884,0.06712690026423627,-0.450747031845942
-0.0828335983090884,0.06740159150403294,-0.4488462985712742
-0.0828335983090884,0.0675063547756426,-0.4519340326250011
-0.0828335983090884,0.06776356293447908,-0.44865281915212196
-0.0828335983090884,0.06778708194658517,-0.44931468689395965
-0.0828335983090884,0.06796900757998578,-0.44971311594624086
-0.0828335983090884,0.06823334422122719,-0.45088011276468765
-0.0828335983090884,0.06850144760592852,-0.44963892085538426
-0.0828335983090884,0.06878943826354185,-0.44976964416179277
-0.0828335983090884,0.06885648662149835,-0.45017516658827217
-0.0828335983090884,0.06913908448757726,-0.44979299366340114
-0.0828335983090884,0.06961825764461564,-0.45073611479843606
-0.0828335983090884,0.0703101737835099,-0.44765627870020375
-0.0828335983090884,0.0710113766702824,-0.44944321935996145
-0.0828335983090884,0.07176099064274327,-0.4499650140876793
-0.0828335983090884,0.07182584651147096,-0.44952008078461525
-0.0828335983090884,0.07200815120129775,-0.4493731473117314
-0.0828335983090884,0.07214930000050288,-0.4494500950123852
-0.0828335983090884,0.07234578251115317,-0.44951384006498607
-0.0828335983090884,0.07238872511133812,-0.44923228163235307
-0.0828335983090884,0.0724001906472971,-0.44927709849910435
-0.0828335983090884,0.07286232348818959,-0.4506386593392906
-0.0828335983090884,0.07306669567523759,-0.44695003454857474
-0.0828335983090884,0.07293693328497124,-0.45052414754361136
-0.0828335983090884,0.07320155920344625,-0.44731924837006243
-0.0828335983090884,0.07325628734917297,-0.4473304109574521
-0.0828335983090884,0.0739122465296018,-0.4478098754504071
-0.0828335983090884,0.07412191041634589,-0.4478669545833516
-0.0828335983090884,0.07414106429054618,-0.44779649420765505
-0.0828335983090884,0.07439079179815718,-0.44975389851083675
-0.0828335983090884,0.0745581865635037,-0.44923760121566025
-0.0828335983090884,0.07455890764000803,-0.4494938013134226
-0.0828335983090884,0.0747089122693661,-0.4479844031974185
-0.0828335983090884,0.07486847124413126,-0.44820466611906695
-0.0828335983090884,0.07522931711451641,-0.4486565492183836
-0.0828335983090884,0.07510499883709307,-0.45472957252672447
-0.0828335983090884,0.07540357909648296,-0.45339512980860663
-0.0828335983090884,0.07554172256464807,-0.4519780550681139
-0.0828335983090884,0.07573001080070023,-0.4486206776399307
-0.0828335983090884,0.07573706256073229,-0.4492202192188465
-0.0828335983090884,0.07569724468725471,-0.4508104547484467
-0.0828335983090884,0.07580860653537992,-0.4492937604439087
-0.0828335983090884,0.07580419616313618,-0.44967952589152616
-0.0828335983090884,0.07602597645267861,-0.44915808389885803
-0.0828335983090884,0.07636878197241731,-0.44943699627917244
-0.0828335983090884,0.07641913294206923,-0.44889220243653116
-0.0828335983090884,0.07687574458998676,-0.44917505565553345
-0.0828335983090884,0.0771909477852131,-0.44972352525631387
-0.0828335983090884,0.07746431557368672,-0.4493740200548719
-0.0828335983090884,0.07772594434159481,-0.448559261705565
-0.0828335983090884,0.07767604802368183,-0.44994565770045714
-0.0828335983090884,0.07779064747139017,-0.449903614327159
-0.0828335983090884,0.07796374981834808,-0.45183200547475083
-0.0828335983090884,0.0784923527677931,-0.44737203150283733
-0.0828335983090884,0.0785678423927107,-0.44821757076671587
-0.0828335983090884,0.07868742043241136,-0.4491803440992398
-0.0828335983090884,0.07931951193048553,-0.4462277150012075
-0.0828335983090884,0.07934804880057308,-0.44667308292483965
-0.0828335983090884,0.07962540436566065,-0.4482306646087868
-0.0828335983090884,0.07959658668448724,-0.44886894603936844
-0.0828335983090884,0.07971329305760178,-0.44839453216784264
-0.0828335983090884,0.07976047597580388,-0.44815652058474287
-0.0828335983090884,0.07990596802434122,-0.44894454028362574
-0.0828335983090884,0.08009130796436796,-0.44909601155575285
-0.0828335983090884,0.08030715093868553,-0.4486316200783005
-0.0828335983090884,0.08075098714023078,-0.4486851927492739
-0.0828335983090884,0.08073974192533662,-0.44912849166172025
-0.0828335983090884,0.0814657169589032,-0.4487906126364819
-0.0828335983090884,0.08164775725826261,-0.4495305814121905
-0.0828335983090884,0.08207488145222591,-0.4478568038310976
-0.0828335983090884,0.0831149957696838,-0.44932082963124503
-0.0828335983090884,0.08322586869853664,-0.44861400182064726
-0.0828335983090884,0.08338241906415374,-0.4460657698620555
-0.0828335983090884,0.08361162374649964,-0.446723550381971
-0.0828335983090884,0.08368595773125534,-0.44731343941706236
-0.0828335983090884,0.0838259572068226,-0.4467703590450398
-0.0828335983090884,0.08407185149860914,-0.4484819890896822
-0.0828335983090884,0.08382869083498504,-0.4536202330769701
-0.0828335983090884,0.08419403650805922,-0.44767098670908245
-0.0828335983090884,0.08397345898786535,-0.452361820053372
-0.0828335983090884,0.08426679763564388,-0.4475194672639319
-0.0828335983090884,0.0844158534653253,-0.4455631328327695
-0.0828335983090884,0.08416073558017949,-0.45169472458422366
-0.0828335983090884,0.0843769998003856,-0.4487232261213022
-0.0828335983090884,0.08427578406894834,-0.451070982895743
-0.0828335983090884,0.08441175698365141,-0.448376572629004
-0.0828335983090884,0.08453102468743909,-0.449072113324682
-0.0828335983090884,0.08456327300321759,-0.4498572313973509
-0.0828335983090884,0.08480854653540164,-0.445974294771609
-0.0828335983090884,0.08478639648367511,-0.44812140127539424
-0.0828335983090884,0.0848867310970919,-0.4482840303555948
-0.0828335983090884,0.08530298672604947,-0.44851767567774986
-0.0828335983090884,0.08545493510047411,-0.449113388805068
-0.0828335983090884,0.08678503140523172,-0.44922628468542447
-0.0828335983090884,0.08695882312285126,-0.44805472607129837
-0.0828335983090884,0.08784011265117227,-0.4461985430173597
-0.0828335983090884,0.08836858188365296,-0.4480638670165762
-0.0828335983090884,0.08838697431910253,-0.4484173260914309
-0.0828335983090884,0.08890273834273169,-0.44756854531041107
-0.0828335983090884,0.08892161343640048,-0.44813477349682185
-0.0828335983090884,0.08920352070224677,-0.4490745299382576
-0.0828335983090884,0.089563888286286,-0.4486963542386424
-0.0828335983090884,0.08963428437011743,-0.4478324123805121
-0.0828335983090884,0.08962972757690488,-0.4486927779599559
-0.0828335983090884,0.08969460418161518,-0.44773900772545466
-0.0828335983090884,0.09005064513635913,-0.44803169890558936
-0.0828335983090884,0.09001821833504028,-0.4493199046172913
-0.0828335983090884,0.09066564488051909,-0.4467219240131878
-0.0828335983090884,0.09120296095435668,-0.44694597584794615
-0.0828335983090884,0.0913823810751136,-0.4493520313317766
-0.0828335983090884,0.09198394440725641,-0.44508812040330126
-0.0828335983090884,0.09212755702087946,-0.44701867190856465
-0.0828335983090884,0.09193361663970748,-0.4515239284768231
-0.0828335983090884,0.09215534943315098,-0.45274067082860636
-0.0828335983090884,0.09259116676556853,-0.4479239508089401
-0.0828335983090884,0.09286818099610739,-0.4448005898179314
-0.0828335983090884,0.09254850858602325,-0.45146956904078794
-0.0828335983090884,0.09286706331947361,-0.44517192849538534
-0.0828335983090884,0.09274510177563382,-0.44848910946902315
-0.0828335983090884,0.09289629529830552,-0.4459129573891476
-0.0828335983090884,0.0926918262635804,-0.4515450835299441
-0.0828335983090884,0.09287349829022873,-0.4489191522022118
-0.0828335983090884,0.09297486595190677,-0.45024073030987233
-0.0828335983090884,0.09323368413977537,-0.44790362904694325
-0.0828335983090884,0.09324743482949369,-0.44776123958236824
-0.0828335983090884,0.09327280127614827,-0.4490350169959938
-0.0828335983090884,0.09344555726660551,-0.4468116753498479
-0.0828335983090884,0.09390094926093487,-0.44880134380707015
-0.0828335983090884,0.09410150793112151,-0.44720364903918985
-0.0828335983090884,0.094080919620633,-0.44917916516408685
-0.0828335983090884,0.09432173157072424,-0.44796463980633805
-0.0828335983090884,0.09446714774233761,-0.44636623753419546
-0.0828335983090884,0.09442497487793956,-0.4478534049695364
-0.0828335983090884,0.09450616108095371,-0.4480800767645885
-0.0828335983090884,0.09461650165190563,-0.4481461682581967
-0.0828335983090884,0.09493703236891779,-0.4455171059979507
-0.0828335983090884,0.09483225473578072,-0.4485488169230986
-0.0828335983090884,0.0951090036639579,-0.44906149234355663
-0.0828335983090884,0.09540631770152473,-0.44798657295835476
-0.0828335983090884,0.09554507709057268,-0.44824713725296306
-0.0828335983090884,0.09599038161159468,-0.44771414617132266
-0.0828335983090884,0.0961588637763161,-0.44734247972558405
-0.0828335983090884,0.0963895351590041,-0.448220950988625
-0.0828335983090884,0.09648551317169786,-0.4480283217773561
-0.0828335983090884,0.09686260524280979,-0.4478726162340428
-0.0828335983090884,0.09702393332467886,-0.4479831320616098
-0.0828335983090884,0.09758567325495493,-0.4480351507297955
-0.0828335983090884,0.09759961879766058,-0.44817498223365326
-0.0828335983090884,0.0977201284393486,-0.44808511494944436
-0.0828335983090884,0.0980368876182343,-0.44658597445774545
-0.0828335983090884,0.09855759826142935,-0.4480228235776482
-0.0828335983090884,0.09861884501514455,-0.44880351202009516
-0.0828335983090884,0.0992747145621067,-0.4477703348923814
-0.0828335983090884,0.09934356161061761,-0.4468051106951602
-0.0828335983090884,0.0996239326680067,-0.44656320967972873
-0.0828335983090884,0.09959310615553817,-0.44779256899093467
-0.0828335983090884,0.0995607304775703,-0.4488589717344087
-0.0828335983090884,0.09963410451747881,-0.44870032681284205
-0.0828335983090884,0.09981372129895616,-0.4475895861960597
-0.0828335983090884,0.10000485975811985,-0.44884271708154544
-0.0828335983090884,0.10005360313157644,-0.44831569255441067
-0.0828335983090884,0.10029826186789835,-0.4456988943589437
-0.0828335983090884,0.100580337803815,-0.44764931338572334
-0.0828335983090884,0.10043587896604962,-0.4519842477401805
-0.0828335983090884,0.10094517917060279,-0.4443546955479684
-0.0828335983090884,0.10069762509921246,-0.4514018208478758
-0.0828335983090884,0.10094823194017315,-0.4507377339979114
-0.0828335983090884,0.10112500547218874,-0.44740794321412336
-0.0828335983090884,0.10102991620117714,-0.4495837855129239
-0.0828335983090884,0.10124104541926073,-0.4484601431191861
-0.0828335983090884,0.10165741429737282,-0.44447645432061744
-0.0828335983090884,0.10193905051027408,-0.4440973540424019
-0.0828335983090884,0.10196868597818178,-0.4472493773369647
-0.0828335983090884,0.10213582373716648,-0.44618201386099954
-0.0828335983090884,0.10228897703317934,-0.44524693836497775
-0.0828335983090884,0.10231674892575417,-0.44739387493449595
-0.0828335983090884,0.10257069332304558,-0.4465655270960349
-0.0828335983090884,0.1026720085827863,-0.4473772405442922
-0.0828335983090884,0.10326622366644474,-0.4463518659621242
-0.0828335983090884,0.10336373629329665,-0.4472272146637968
-0.0828335983090884,0.10341699901962648,-0.4472198470280934
-0.0828335983090884,0.10411301947943163,-0.44657173267170946
-0.0828335983090884,0.10464302848761739,-0.4467938890909628
-0.0828335983090884,0.10474526425355438,-0.44707766709027985
-0.0828335983090884,0.105255105568089,-0.44654032102391283
-0.0828335983090884,0.10580619330299709,-0.4453915994783103
-0.0828335983090884,0.1058628030291516,-0.44461581027440955
-0.0828335983090884,0.10596415138901753,-0.4473368632628274
-0.0828335983090884,0.10613298720304094,-0.4462286729167705
-0.0828335983090884,0.10617603841491355,-0.4471617968654551
-0.0828335983090884,0.10624882712328435,-0.44702565707826813
-0.0828335983090884,0.10633689863789732,-0.4482247269716162
-0.0828335983090884,0.10651642031608885,-0.4483670250591032
-0.0828335983090884,0.10673613719014893,-0.44638235973912066
-0.0828335983090884,0.10690017876537593,-0.4473286448031789
-0.0828335983090884,0.10696890298470152,-0.44617220404779656
-0.0828335983090884,0.1070271533419697,-0.44845854769974836
-0.0828335983090884,0.10716815221078665,-0.4466145058371684
-0.0828335983090884,0.10712542804536462,-0.4480266236593172
-0.0828335983090884,0.10818092452277331,-0.44678781583884647
-0.0828335983090884,0.10836347406394364,-0.4468039416617018
-0.0828335983090884,0.10861931276502584,-0.44689909911084946
-0.0828335983090884,0.1088203031713392,-0.44718828306176284
-0.0828335983090884,0.10887141617405438,-0.44732640478309865
-0.0828335983090884,0.10876456258804484,-0.45135241820162036
-0.0828335983090884,0.10901941216997532,-0.44674305834944394
-0.0828335983090884,0.10888271484267044,-0.4512220811791953
-0.0828335983090884,0.10927213868212717,-0.4469454519408974
-0.0828335983090884,0.10916111793497055,-0.4501710102874528
-0.0828335983090884,0.10946016605126443,-0.4463432393773584
-0.0828335983090884,0.10941062593364519,-0.44736045397465907
-0.0828335983090884,0.10957909077386532,-0.44676456310821067
-0.0828335983090884,0.10951261666850569,-0.44900943061428844
-0.0828335983090884,0.10977969261526815,-0.4479526400707551
-0.0828335983090884,0.10996947083227379,-0.44603754707627497
-0.0828335983090884,0.11030782731792217,-0.4467565052893964
-0.0828335983090884,0.11025344060474465,-0.4512437709921325
-0.0828335983090884,0.11056871508556552,-0.44730485137915743
-0.0828335983090884,0.11067179939119619,-0.44568487048287214
-0.0828335983090884,0.11105813580702113,-0.44475297467553987
-0.0828335983090884,0.11159919301593514,-0.4435566042170549
-0.0828335983090884,0.11174483588733294,-0.44393573975471756
-0.0828335983090884,0.11185250670496555,-0.4475064862857823
-0.0828335983090884,0.11225817945131553,-0.443721144770871
-0.0828335983090884,0.1123335789665459,-0.4471856089219479
-0.0828335983090884,0.11245903782776137,-0.4471934938241433
-0.0828335983090884,0.11275398629378075,-0.44496239521647496
-0.0828335983090884,0.11274853826686153,-0.44692866455695934
-0.0828335983090884,0.11286097686964691,-0.44805736700649346
-0.0828335983090884,0.1130774997385551,-0.4459154356943371
-0.0828335983090884,0.11307308657094055,-0.4480883137039272
-0.0828335983090884,0.11329331688194759,-0.44649637453717383
-0.0828335983090884,0.11329415710246012,-0.4469224994983414
-0.0828335983090884,0.11336985107174138,-0.44584646991544175
-0.0828335983090884,0.1134679042614882,-0.4461684713626528
-0.0828335983090884,0.11354976124981622,-0.4482064587637584
-0.0828335983090884,0.11392863065669992,-0.4474287853454895
-0.0828335983090884,0.11417221097914854,-0.4476507829518805
-0.0828335983090884,0.11452379589538762,-0.44689816970701646
-0.0828335983090884,0.11453081613235512,-0.4472837412243642
-0.0828335983090884,0.11459464833580944,-0.4468919842952642
-0.0828335983090884,0.11488337004668653,-0.4469749110587218
-0.0828335983090884,0.1150821771243227,-0.44694897812106005
-0.0828335983090884,0.11519303961406914,-0.447280021609833
-0.0828335983090884,0.11542921840225644,-0.4472168459537569
-0.0828335983090884,0.11598310987841666,-0.4457847110770038
-0.0828335983090884,0.11627362636346651,-0.44628074916216254
-0.0828335983090884,0.11664482867764749,-0.4459749843192098
-0.0828335983090884,0.11661048547985643,-0.44719852490588213
-0.0828335983090884,0.11662725383841854,-0.4470092518314326
-0.0828335983090884,0.11693809144324613,-0.4469716381553971
-0.0828335983090884,0.11720182251814987,-0.44678929847150484
-0.0828335983090884,0.1171956290504598,-0.4471221807523516
-0.0828335983090884,0.1172407263690134,-0.44708919394455005
-0.0828335983090884,0.1170993160755085,-0.45117312239869567
-0.0828335983090884,0.11707186170796202,-0.4520064447896097
-0.0828335983090884,0.11734035653848378,-0.4469560983786892
-0.0828335983090884,0.11743358731770895,-0.4458542297886825
-0.0828335983090884,0.11736869565878659,-0.4508519522065586
-0.0828335983090884,0.11754547422161013,-0.4486371492743461
-0.0828335983090884,0.11760391245928353,-0.4497182703881275
-0.0828335983090884,0.11784521163857431,-0.4456972736850261
-0.0828335983090884,0.11785221577773876,-0.4474940084244573
-0.0828335983090884,0.11804584431105825,-0.4462188642188497
-0.0828335983090884,0.11822789939182457,-0.4463486973952151
-0.0828335983090884,0.11831819963239218,-0.4468258060317196
-0.0828335983090884,0.11842083756103196,-0.4470340525676639
-0.0828335983090884,0.11846731509630554,-0.4470949971375918
-0.0828335983090884,0.11851619468848609,-0.4468280601191602
-0.0828335983090884,0.1187939940652554,-0.44427910161174966
-0.0828335983090884,0.11872563217904115,-0.447042445165143
-0.0828335983090884,0.11883974501321695,-0.44489012814790063
-0.0828335983090884,0.1188682791065034,-0.4453013296357913
-0.0828335983090884,0.11891498092784561,-0.44702439661521026
-0.0828335983090884,0.11892979804995718,-0.4473972384417978
-0.0828335983090884,0.11907389576326706,-0.4457927480768966
-0.0828335983090884,0.11909279798121646,-0.44668661542494786
-0.0828335983090884,0.1192885336352484,-0.44601160635932735
-0.0828335983090884,0.11946913190572622,-0.4474818625968096
-0.0828335983090884,0.11952284738985794,-0.4480802647597648
-0.0828335983090884,0.11967238442602432,-0.44556686741183493
-0.0828335983090884,0.11961319990008333,-0.44737999410455054
-0.0828335983090884,0.11963621417913864,-0.4480389307708671
-0.0828335983090884,0.11969922248906456,-0.4479455704041412
-0.0828335983090884,0.12001206042891827,-0.4459871465179026
-0.0828335983090884,0.12022589903024067,-0.44437733655902456
-0.0828335983090884,0.12019672412819765,-0.4472401626799154
-0.0828335983090884,0.12030115801294369,-0.44578428558106764
-0.0828335983090884,0.1202312948358302,-0.447218324421426
-0.0828335983090884,0.12047509987144325,-0.4466870552225086
-0.0828335983090884,0.12052271603943243,-0.4469786439758414
-0.0828335983090884,0.12061441614551144,-0.4462942403892489
-0.0828335983090884,0.12067978145753111,-0.44689340551396006
-0.0828335983090884,0.12067405266730327,-0.44708300343947216
-0.0828335983090884,0.12068845287273439,-0.4470225513791403
-0.0828335983090884,0.121033780688838,-0.4436225417446158
-0.0828335983090884,0.1209587733803549,-0.44711401441995524
-0.0828335983090884,0.12119496553461662,-0.447030320803386
-0.0828335983090884,0.12128708398244925,-0.446994063923709
-0.0828335983090884,0.12148595923948871,-0.4432732261166449
-0.0828335983090884,0.12147323432454947,-0.44563029573374013
-0.0828335983090884,0.12160594060266668,-0.4454923923626437
-0.0828335983090884,0.12161694825070558,-0.4471289550266057
-0.0828335983090884,0.12177641597864375,-0.4471068191233501
-0.0828335983090884,0.12221046264498667,-0.44718141465848393
-0.0828335983090884,0.12266456391495764,-0.4473267826770061
-0.0828335983090884,0.12280490625623816,-0.4461976044647113
-0.0828335983090884,0.12298807545239818,-0.44357265136704443
-0.0828335983090884,0.12291146048783427,-0.4468347568661907
-0.0828335983090884,0.12335718379817127,-0.445648751606026
-0.0828335983090884,0.1232864323969983,-0.4470999993196055
-0.0828335983090884,0.12345284568629385,-0.44705514657299894
-0.0828335983090884,0.12351394816986382,-0.44686100835576303
-0.0828335983090884,0.12372344877056815,-0.4453728294727475
-0.0828335983090884,0.12362121139229425,-0.44754214371260936
-0.0828335983090884,0.12423841052087481,-0.4451385575447786
-0.0828335983090884,0.1244965646177516,-0.44791758668634774
-0.0828335983090884,0.12466072697834313,-0.4451593995897301
-0.0828335983090884,0.12465243428641068,-0.4478756150624196
-0.0828335983090884,0.12487771434047817,-0.44636540127809976
-0.0828335983090884,0.12511935973527893,-0.4477321007905439
-0.0828335983090884,0.12539221875830636,-0.446840335313102
-0.0828335983090884,0.12549414691322777,-0.4459898803518685
-0.0828335983090884,0.12544938896778957,-0.4483706218235907
-0.0828335983090884,0.12538446604164116,-0.4510768406592804
-0.0828335983090884,0.12566656228381032,-0.4471581851371531
-0.0828335983090884,0.12546428784468322,-0.45169340461057195
-0.0828335983090884,0.1255459572172411,-0.4505779143114457
-0.0828335983090884,0.12560757604746406,-0.4494617467041686
-0.0828335983090884,0.12589784001167464,-0.4459928691275857
-0.0828335983090884,0.12595455466239358,-0.44630276009482106
-0.0828335983090884,0.12604940708773665,-0.44640217032152996
-0.0828335983090884,0.12635610839757452,-0.4460309016336383
-0.0828335983090884,0.12631112243442014,-0.44751019118955104
-0.0828335983090884,0.12634750302129827,-0.44712973016343205
-0.0828335983090884,0.12671670647291627,-0.4453549606718812
-0.0828335983090884,0.1268251989546358,-0.4468489786126486
-0.0828335983090884,0.12691928769590244,-0.44508844592019325
-0.0828335983090884,0.1270543079443851,-0.4467484426808506
-0.0828335983090884,0.1273163992462455,-0.4450228915900087
-0.0828335983090884,0.1279075516208132,-0.444494580465407
-0.0828335983090884,0.12810878865665118,-0.44537541918639945
-0.0828335983090884,0.12807256337251738,-0.4475919145205624
-0.0828335983090884,0.12870825275788086,-0.446642356399567
-0.0828335983090884,0.128950352560912,-0.44604228973267496
-0.0828335983090884,0.12898942726467438,-0.4467180607365496
-0.0828335983090884,0.1292679572184017,-0.4455592718483973
-0.0828335983090884,0.12938782418567843,-0.4441094130579015
-0.0828335983090884,0.1292585056037133,-0.4476093558814065
-0.0828335983090884,0.12938339350391567,-0.4465954555519646
-0.0828335983090884,0.1294067764643171,-0.44750110564893475
-0.0828335983090884,0.1295068409127856,-0.44643275581944974
-0.0828335983090884,0.1295533705041549,-0.4469583840372935
-0.0828335983090884,0.1296218206248123,-0.44665726399887873
-0.0828335983090884,0.12976930772978054,-0.44640303185346775
-0.0828335983090884,0.13003544628593128,-0.44694048721124646
-0.0828335983090884,0.13088744652666895,-0.4449115271331016
-0.0828335983090884,0.13096875259812485,-0.446225690500761
-0.0828335983090884,0.13138680900877447,-0.4432335274748134
-0.0828335983090884,0.13157549225825915,-0.4435241829935912
-0.0828335983090884,0.1316428423682645,-0.4443846010703174
-0.0828335983090884,0.13155192152521406,-0.44642180634633716
-0.0828335983090884,0.13176158840907295,-0.44660370121227616
-0.0828335983090884,0.1318935137944109,-0.44724919173386574
-0.0828335983090884,0.1320020608059726,-0.4471578788414537
-0.0828335983090884,0.1325435766521473,-0.4459535286398306
-0.0828335983090884,0.13285345163157972,-0.4435295093925213
-0.0828335983090884,0.13287482606673945,-0.44724752225868164
-0.0828335983090884,0.1329762342239302,-0.44567329254718424
-0.0828335983090884,0.13299521803988928,-0.4457120128938605
-0.0828335983090884,0.1332699930441455,-0.44819156136388816
-0.0828335983090884,0.13341823745315046,-0.4469701478870539
-0.0828335983090884,0.1334694496982164,-0.4469400839510345
-0.0828335983090884,0.13352071328012194,-0.4467053247106133
-0.0828335983090884,0.13351241838962957,-0.44694593247976244
-0.0828335983090884,0.1334423246254239,-0.44936271545009154
-0.0828335983090884,0.1334360716233394,-0.4504785126239361
-0.0828335983090884,0.13366264425047591,-0.44619344589178506
-0.0828335983090884,0.1336996092390499,-0.4510637373242389
-0.0828335983090884,0.13428503938073108,-0.4458155081449683
-0.0828335983090884,0.1343177320500677,-0.4460871969608428
-0.0828335983090884,0.13436990256772458,-0.4462730797342319
-0.0828335983090884,0.13448109369167932,-0.44491277769935267
-0.0828335983090884,0.13451493518088864,-0.4446091060097786
-0.0828335983090884,0.13456109322053295,-0.4469469465154695
-0.0828335983090884,0.13474721982296978,-0.44442302981052406
-0.0828335983090884,0.13463404918954375,-0.44683189527605094
-0.0828335983090884,0.1354016376900175,-0.4462338734926515
-0.0828335983090884,0.1355162298835374,-0.4458782460269582
-0.0828335983090884,0.1358839238149943,-0.44729346941814063
-0.0828335983090884,0.1363821541216287,-0.44473677020410773
-0.0828335983090884,0.13647080940215003,-0.4466581312395233
-0.0828335983090884,0.13758685153970096,-0.446552914496248
-0.0828335983090884,0.1376184349823949,-0.44606805162474783
-0.0828335983090884,0.13769123855196372,-0.4466066044138893
-0.0828335983090884,0.13769564721949654,-0.44677040001052426
-0.0828335983090884,0.1377637669576636,-0.4467543266344256
-0.0828335983090884,0.13808468838430363,-0.4459051983445821
-0.0828335983090884,0.13824353072010415,-0.44656237776746593
-0.0828335983090884,0.13839170043626117,-0.4440675939374626
-0.0828335983090884,0.1384818986601749,-0.44469217123385785
-0.0828335983090884,0.1385520339682998,-0.445054550032688
-0.0828335983090884,0.13858144779522272,-0.4446278643398802
-0.0828335983090884,0.13865644958051282,-0.4443087554780798
-0.0828335983090884,0.1386128892030442,-0.4469489864102636
-0.0828335983090884,0.13883365978819667,-0.4438756156364547
-0.0828335983090884,0.1388093317521844,-0.4458994244770049
-0.0828335983090884,0.1388179933812665,-0.4458869371914145
-0.0828335983090884,0.1401679406115044,-0.44582855172147506
-0.0828335983090884,0.14014542282983625,-0.4470798585426452
-0.0828335983090884,0.14068584764550549,-0.4461747032932839
-0.0828335983090884,0.1406902914411113,-0.4462786094175442
-0.0828335983090884,0.14103381202425463,-0.4437115049143913
-0.0828335983090884,0.14096468622485375,-0.4459180715800377
-0.0828335983090884,0.14095263208818964,-0.44649283519417093
-0.0828335983090884,0.1409389324267688,-0.4481255282841533
-0.0828335983090884,0.14107494591914851,-0.4468740597256027
-0.0828335983090884,0.14125157474471664,-0.44680840384619397
-0.0828335983090884,0.14123270941410837,-0.44933762766396673
-0.0828335983090884,0.14148101389213333,-0.4458502448306628
-0.0828335983090884,0.14171247815441693,-0.44623173481559286
-0.0828335983090884,0.14182984161238865,-0.4450053412260587
-0.0828335983090884,0.14158193808173525,-0.450541084786271
-0.0828335983090884,0.1418164081371014,-0.45113694543416394
-0.0828335983090884,0.1422392582222331,-0.44354440471812395
-0.0828335983090884,0.1422196387588242,-0.4464754955726011
-0.0828335983090884,0.1423276027990735,-0.4459440712800641
-0.0828335983090884,0.14244975058727674,-0.44394403836107565
-0.0828335983090884,0.14248869601294126,-0.44439279833161366
-0.0828335983090884,0.1423954974623537,-0.4463107305232978
-0.0828335983090884,0.14251967108768276,-0.4456296601329275
-0.0828335983090884,0.1426581606598778,-0.44404250995393324
-0.0828335983090884,0.1428645587964716,-0.4468056576543271
-0.0828335983090884,0.1433334471311383,-0.4461367744130734
-0.0828335983090884,0.14339133165469686,-0.44594320766154116
-0.0828335983090884,0.14338321638682838,-0.44622303922799944
-0.0828335983090884,0.14364472365756642,-0.4465610811343932
-0.0828335983090884,0.14392133668416304,-0.4458319000036121
-0.0828335983090884,0.14416430778831368,-0.44395334535395836
-0.0828335983090884,0.14411308539320494,-0.44655603234265595
-0.0828335983090884,0.14416875350223726,-0.44554569669799987
-0.0828335983090884,0.14418020864161823,-0.4457360224256476
-0.0828335983090884,0.14466535425145788,-0.44473037689896094
-0.0828335983090884,0.1446414442392817,-0.4464247125475391
-0.0828335983090884,0.14503062614807175,-0.4447933599072476
-0.0828335983090884,0.14524141497581367,-0.4458301332666046
-0.0828335983090884,0.1453591050842464,-0.44429700725041266
-0.0828335983090884,0.14528077445969423,-0.4463527354399406
-0.0828335983090884,0.1452688787820444,-0.4469449111895566
-0.0828335983090884,0.1453611220202768,-0.4469284015233989
-0.0828335983090884,0.14557740715083034,-0.4459484519405943
-0.0828335983090884,0.14570238161670707,-0.44388006632971866
-0.0828335983090884,0.14598362859590328,-0.4458634043638857
-0.0828335983090884,0.14609873242261903,-0.4435692006143597
-0.0828335983090884,0.14612816862860867,-0.4469058338040328
-0.0828335983090884,0.1462019151163277,-0.44609928269730864
-0.0828335983090884,0.14634109020572936,-0.4465026962272784
-0.0828335983090884,0.14642729224225723,-0.4458721463950164
-0.0828335983090884,0.1469487867831312,-0.44418408594738545
-0.0828335983090884,0.14712920187802483,-0.44628453365307985
-0.0828335983090884,0.14732155529479557,-0.44664033520327295
-0.0828335983090884,0.1475137023912369,-0.4458194838252083
-0.0828335983090884,0.14752866063822104,-0.4462705958257206
-0.0828335983090884,0.14773882182850354,-0.44506088432609814
-0.0828335983090884,0.14776840635939847,-0.44669819058751914
-0.0828335983090884,0.14806406067887273,-0.4441479487886041
-0.0828335983090884,0.14815380838251418,-0.44465718553190126
-0.0828335983090884,0.14817905099394185,-0.44593955954616193
-0.0828335983090884,0.14828413794886922,-0.44670397523156374
-0.0828335983090884,0.14856315254380906,-0.4465092753586757
-0.0828335983090884,0.14860992129544373,-0.44715998509429233
-0.0828335983090884,0.14891608538122889,-0.446523605283888
-0.0828335983090884,0.14893001806323877,-0.4494035042055292
-0.0828335983090884,0.14902865387591163,-0.4481275055626906
-0.0828335983090884,0.14917633930863566,-0.4461759033212791
-0.0828335983090884,0.14924818514858024,-0.44647232644709933
-0.0828335983090884,0.149390987610261,-0.44404697738986454
-0.0828335983090884,0.14954986027568076,-0.44528306466411255
-0.0828335983090884,0.14960900389515208,-0.4458843690659514
-0.0828335983090884,0.14959655115394588,-0.4466559768599372
-0.0828335983090884,0.14971452152074394,-0.4460062261103655
-0.0828335983090884,0.14955274895313572,-0.4507689248883364
-0.0828335983090884,0.14977175726169706,-0.44671144027596965
-0.0828335983090884,0.14985649020261402,-0.45135499310301413
-0.0828335983090884,0.15029049558674282,-0.44475079498064307
-0.0828335983090884,0.15031479963637173,-0.44593808733666446
-0.0828335983090884,0.15033151554341287,-0.4459921742970139
-0.0828335983090884,0.1505077903198716,-0.44599753871504366
-0.0828335983090884,0.15055150843777088,-0.44582876203933847
-0.0828335983090884,0.15061758576176149,-0.445861167179421
-0.0828335983090884,0.15093741007034303,-0.44712402970117227
-0.0828335983090884,0.15097542775885342,-0.4467907413726438
-0.0828335983090884,0.15104486671973752,-0.44673231803626784
-0.0828335983090884,0.15116375388362246,-0.44440149640864723
-0.0828335983090884,0.15139698540822968,-0.4443919346963071
-0.0828335983090884,0.15185754282872935,-0.44546780593515606
-0.0828335983090884,0.15183366311804533,-0.44672565310054907
-0.0828335983090884,0.15197921448999643,-0.4450229104168518
-0.0828335983090884,0.15199562699383823,-0.44545164373866986
-0.0828335983090884,0.15206822152498312,-0.44711714448063755
-0.0828335983090884,0.15218998433086514,-0.44683268742088744
-0.0828335983090884,0.1522519042268639,-0.4461054208183004
-0.0828335983090884,0.1522769943653862,-0.44590160098054915
-0.0828335983090884,0.15249453599940227,-0.44346922263605293
-0.0828335983090884,0.15254198919411882,-0.4459182407984591
-0.0828335983090884,0.15255078482627873,-0.4461469065663439
-0.0828335983090884,0.15264726849952812,-0.44701687944944424
-0.0828335983090884,0.1528884994029352,-0.4447832896891213
-0.0828335983090884,0.1531229999317844,-0.4432032670518812
-0.0828335983090884,0.1533761696118888,-0.44440010250210793
-0.0828335983090884,0.153384358034562,-0.44450996720705127
-0.0828335983090884,0.15331931454737113,-0.4464802559438613
-0.0828335983090884,0.1538524746147107,-0.4441387516426652
-0.0828335983090884,0.15402021335703084,-0.44514566967200403
-0.0828335983090884,0.1540613002421399,-0.44687481215734565
-0.0828335983090884,0.15428514451250075,-0.4443498567108892
-0.0828335983090884,0.15415822328933018,-0.4472737054578841
-0.0828335983090884,0.15472856009638478,-0.4436847852701383
-0.0828335983090884,0.1547835034067846,-0.446638141207762
-0.0828335983090884,0.15486901740011225,-0.4458998430311114
-0.0828335983090884,0.15521096168749735,-0.44465549407192684
-0.0828335983090884,0.1551420170936289,-0.45287969642809817
-0.0828335983090884,0.15557458701577148,-0.446508084982037
-0.0828335983090884,0.1558517311315861,-0.44483680529767694
-0.0828335983090884,0.15617136411116406,-0.4442673840488283
-0.0828335983090884,0.15608033446339947,-0.44713240758838657
-0.0828335983090884,0.15615521622217626,-0.4471696201270394
-0.0828335983090884,0.1563403432809931,-0.4446645622443479
-0.0828335983090884,0.15634923282979782,-0.4461206263206824
-0.0828335983090884,0.1563948281644016,-0.4459432407572068
-0.0828335983090884,0.1563551185873961,-0.44681159206593724
-0.0828335983090884,0.15650840891830012,-0.4464820050954552
-0.0828335983090884,0.15654397228865027,-0.4458982272499261
-0.0828335983090884,0.15627758078085416,-0.4516832929407965
-0.0828335983090884,0.15651851100243064,-0.44713951978142785
-0.0828335983090884,0.15634883199431787,-0.4508863992485671
-0.0828335983090884,0.1565758417395327,-0.4465924998585145
-0.0828335983090884,0.15663840820661296,-0.44624313899567675
-0.0828335983090884,0.15682373873147895,-0.44664099006738567
-0.0828335983090884,0.1569979507485445,-0.4438113145884364
-0.0828335983090884,0.15687271727871335,-0.44642555964116415
-0.0828335983090884,0.15689691415579043,-0.44727097062095356
-0.0828335983090884,0.15711631837782003,-0.4460498082716933
-0.0828335983090884,0.15710316455331846,-0.4465069746974326
-0.0828335983090884,0.15710673919004814,-0.44948252218178464
-0.0828335983090884,0.15742383068088583,-0.44462634669016526
-0.0828335983090884,0.15750326904023515,-0.4454544189937216
-0.0828335983090884,0.15750460169918032,-0.44672401579730425
-0.0828335983090884,0.15760179949364972,-0.4452923009872286
-0.0828335983090884,0.1579302832499298,-0.4459633403999155
-0.0828335983090884,0.15830919248500394,-0.44469696827136906
-0.0828335983090884,0.1583299427868613,-0.4449544650783465
-0.0828335983090884,0.15834730298672822,-0.44690324754790967
-0.0828335983090884,0.15818491859597683,-0.45167802287814157
-0.0828335983090884,0.15876715179218306,-0.4460986547888562
-0.0828335983090884,0.15881773391578297,-0.44820779133831845
-0.0828335983090884,0.1590323136928482,-0.4463396766549838
-0.0828335983090884,0.15903791830555045,-0.4470560196108109
-0.0828335983090884,0.159125539549874,-0.44695648461485205
-0.0828335983090884,0.15930632066799347,-0.4442052731353857
-0.0828335983090884,0.15953810509608626,-0.44300440520022655
-0.0828335983090884,0.1595814048682562,-0.44687642155049156
-0.0828335983090884,0.15989042051184377,-0.4428762848282676
-0.0828335983090884,0.16007183109116246,-0.44537473370079694
-0.0828335983090884,0.1600116609984423,-0.4467522752595512
-0.0828335983090884,0.16034132797359363,-0.4438272853182271
-0.0828335983090884,0.1602107810204336,-0.4470957431385002
-0.0828335983090884,0.16024362524746175,-0.446991525695154
-0.0828335983090884,0.1604391558653469,-0.4466476032143821
-0.0828335983090884,0.16072709795776818,-0.44683361102861874
-0.0828335983090884,0.1608513925101202,-0.4447577670396743
-0.0828335983090884,0.16093611761943497,-0.4468288140165788
-0.0828335983090884,0.16104579036072497,-0.4456502754329824
-0.0828335983090884,0.16107104490365484,-0.44632334883835423
-0.0828335983090884,0.1611575750212079,-0.4467672807625028
-0.0828335983090884,0.1611874159096817,-0.44636692761778596
-0.0828335983090884,0.16117644229788392,-0.4466699628817366
-0.0828335983090884,0.16127735430938242,-0.4461084896287909
-0.0828335983090884,0.16146458323103535,-0.4460900218854508
-0.0828335983090884,0.16156052031313867,-0.4459688582078441
-0.0828335983090884,0.1617698884367148,-0.44597557206562666
-0.0828335983090884,0.16187371792848926,-0.44614521089323556
-0.0828335983090884,0.16208110488246383,-0.44337263994137666
-0.0828335983090884,0.1619481324789329,-0.4464114912879938
-0.0828335983090884,0.16234551016853394,-0.4431318179347302
-0.0828335983090884,0.16204603851077487,-0.4515545177033198
-0.0828335983090884,0.16230867646189898,-0.44672887604705336
-0.0828335983090884,0.1623634303047914,-0.4467539513017341
-0.0828335983090884,0.16236456341677993,-0.44677614917576663
-0.0828335983090884,0.16260808598651366,-0.4455028894348265
-0.0828335983090884,0.16273778088027324,-0.4467297171574866
-0.0828335983090884,0.16314943177504287,-0.44427610972768905
-0.0828335983090884,0.16301436942653036,-0.44698897294868767
-0.0828335983090884,0.16282740560292638,-0.4508714803922318
-0.0828335983090884,0.1631603883832199,-0.44656678206089406
-0.0828335983090884,0.1632801527548231,-0.44645984031552555
-0.0828335983090884,0.16338986908801326,-0.44475869978649774
-0.0828335983090884,0.16340712020428305,-0.44588076393086046
-0.0828335983090884,0.16353997780483645,-0.44389163655993685
-0.0828335983090884,0.16323272193444666,-0.4504542879524792
-0.0828335983090884,0.16344843594136121,-0.4466799455387481
-0.0828335983090884,0.1635421310858862,-0.44609094519578535
-0.0828335983090884,0.16357162976634124,-0.4469727286754558
-0.0828335983090884,0.16380371855192122,-0.4452048607443419
-0.0828335983090884,0.1637943084791591,-0.44677332161167566
-0.0828335983090884,0.16401431638262495,-0.44597178559559186
-0.0828335983090884,0.16406212786285027,-0.45071105422028557
-0.0828335983090884,0.16436249571831799,-0.4449343298025429
-0.0828335983090884,0.16433201048473903,-0.4458869948295758
-0.0828335983090884,0.16454656806121748,-0.4449018672948192
-0.0828335983090884,0.16464253367345252,-0.4458966931986888
-0.0828335983090884,0.1647583255986613,-0.44650689429224555
-0.0828335983090884,0.16495080747674037,-0.44343498969277856
-0.0828335983090884,0.16463340860782752,-0.4503412941958045
-0.0828335983090884,0.1649534973017568,-0.4456923697763817
-0.0828335983090884,0.16480130767344336,-0.4504151488296705
-0.0828335983090884,0.16489421641348703,-0.4504012609474378
-0.0828335983090884,0.16510497375263058,-0.44692153987648664
-0.0828335983090884,0.16528530682176598,-0.44586012209472664
-0.0828335983090884,0.1655437370752727,-0.4431624864968207
-0.0828335983090884,0.16547094521875777,-0.44700554196746245
-0.0828335983090884,0.16535112154943088,-0.4499197338178936
-0.0828335983090884,0.16556612162530454,-0.44618600233515093
-0.0828335983090884,0.1655623979828011,-0.4469068893109022
-0.0828335983090884,0.16568638570719013,-0.4453444764740563
-0.0828335983090884,0.16576293548637594,-0.4464799822692719
-0.0828335983090884,0.16598466644441034,-0.4462525428326586
-0.0828335983090884,0.16580744620058713,-0.4498477727906815
-0.0828335983090884,0.16602268833154196,-0.4468205668349395
-0.0828335983090884,0.16617389048379574,-0.44662730214090285
-0.0828335983090884,0.16626615927531854,-0.44574929205637026
-0.0828335983090884,0.1660764225909489,-0.4497862607972733
-0.0828335983090884,0.1665068996890523,-0.4466118218878532
-0.0828335983090884,0.16641266129084334,-0.44945530946423473
-0.0828335983090884,0.16640677814364258,-0.45041459137618955
-0.0828335983090884,0.16680725302614283,-0.44593593720796
-0.0828335983090884,0.16692862875577905,-0.4467100797197757
-0.0828335983090884,0.166994899450087,-0.4455352164838281
-0.0828335983090884,0.16703864070165922,-0.44612038044088403
-0.0828335983090884,0.1670766001841518,-0.44584848953303713
-0.0828335983090884,0.16707091269823027,-0.4464356735679057
-0.0828335983090884,0.16732573633860706,-0.44264514553650636
-0.0828335983090884,0.16722525898221932,-0.4470458439675732
-0.0828335983090884,0.16733413192028246,-0.44630440885701955
-0.0828335983090884,0.16736213949905457,-0.44583079078223287
-0.0828335983090884,0.16757278200924478,-0.44255795937549997
-0.0828335983090884,0.167696155351116,-0.4465232582444048
-0.0828335983090884,0.1677615294978844,-0.44619857888764697
-0.0828335983090884,0.16782993306323568,-0.4464718584660835
-0.0828335983090884,0.1679096719668637,-0.44690330902872655
-0.0828335983090884,0.16809626912735579,-0.4445769623971622
-0.0828335983090884,0.1682064819755984,-0.44670478084987086
-0.0828335983090884,0.16821204184055719,-0.44665496425256157
-0.0828335983090884,0.16822746616110262,-0.4467607929024027
-0.0828335983090884,0.1682943517831904,-0.4470656457437344
-0.0828335983090884,0.1683545282340089,-0.4466609843216839
-0.0828335983090884,0.16837435130758932,-0.44714284912810576
-0.0828335983090884,0.16846967572498167,-0.4462534371263571
-0.0828335983090884,0.1683449813607698,-0.4505465718813236
-0.0828335983090884,0.16861049744128404,-0.44677689346209093
-0.0828335983090884,0.16866235821946446,-0.44711799312391276
-0.0828335983090884,0.16889476891843355,-0.4432816259720095
-0.0828335983090884,0.1688783806741953,-0.443966575494624
-0.0828335983090884,0.16882059606552272,-0.44635623550826264
-0.0828335983090884,0.16900719258973723,-0.44618967306960433
-0.0828335983090884,0.169030693449813,-0.44627709019142014
-0.0828335983090884,0.1691017625158576,-0.4452766588585507
-0.0828335983090884,0.16925868660717117,-0.4425134426507809
-0.0828335983090884,0.16910928966170619,-0.4464040413235685
-0.0828335983090884,0.16899343146154283,-0.45053724322737637
-0.0828335983090884,0.1694069224067866,-0.44353434766538774
-0.0828335983090884,0.16943764184413226,-0.4454467163266539
-0.0828335983090884,0.16953175258348654,-0.44549670531464014
-0.0828335983090884,0.16951893689114042,-0.4458468890263592
-0.0828335983090884,0.16928694909737294,-0.45186963432141
-0.0828335983090884,0.16961946097345784,-0.4460165757998699
-0.0828335983090884,0.16976357189490449,-0.445341101549209
-0.0828335983090884,0.16953459857667807,-0.45167570758985015
-0.0828335983090884,0.169851738589863,-0.4458710144684499
-0.0828335983090884,0.16987225325030098,-0.445905935436556
-0.0828335983090884,0.16966221507426588,-0.4502620769172324
-0.0828335983090884,0.1696849349060901,-0.4500062109581692
-0.0828335983090884,0.16995810707031503,-0.44631150917856016
-0.0828335983090884,0.16996736189572115,-0.44978961333918255
-0.0828335983090884,0.17028311582007644,-0.4456852938943515
-0.0828335983090884,0.17032491359917,-0.4499432488820986
-0.0828335983090884,0.17045876541844562,-0.45005181208031086
-0.0828335983090884,0.17044014217076411,-0.45110028227647136
-0.0828335983090884,0.17072847688747506,-0.44608883402662497
-0.0828335983090884,0.1707527940924273,-0.4460909201891921
-0.0828335983090884,0.1705704867788373,-0.45004897171782715
-0.0828335983090884,0.17058892194238975,-0.44991592015246906
-0.0828335983090884,0.17070441559420504,-0.4499544928213534
-0.0828335983090884,0.17083053942150775,-0.45026513729044265
-0.0828335983090884,0.1709458809181859,-0.44954374417948406
-0.0828335983090884,0.17099949629383,-0.4502815068064439
-0.0828335983090884,0.17120155323728828,-0.4499570879522351
-0.0828335983090884,0.17146882565456728,-0.44610708140831506
-0.0828335983090884,0.1712417447315091,-0.4513297931522083
-0.0828335983090884,0.1716012364757626,-0.4462004759232444
-0.0828335983090884,0.1716674144024658,-0.4499723228842203
-0.0828335983090884,0.17179320658869449,-0.4500589648241646
-0.0828335983090884,0.17180089602420806,-0.44994305700363557
-0.0828335983090884,0.17191727774309487,-0.45028722422871614
-0.0828335983090884,0.17227479622327402,-0.4458397752254124
-0.0828335983090884,0.17221414681855637,-0.44969810381731296
-0.0828335983090884,0.17252987377466797,-0.4462734275714553
-0.0828335983090884,0.17238290167644507,-0.45132142627681543
-0.0828335983090884,0.17253417565511933,-0.44902448506840026
-0.0828335983090884,0.17250760424987113,-0.4500009510131173
-0.0828335983090884,0.17276788158820286,-0.4449408521841458
-0.0828335983090884,0.17251645714499508,-0.4502875131875069
-0.0828335983090884,0.1726709260626985,-0.4498457710465644
-0.0828335983090884,0.17289060751690638,-0.4458637073147601
-0.0828335983090884,0.17312039552609804,-0.44440703889641264
-0.0828335983090884,0.17289894337586462,-0.44980920031350324
-0.0828335983090884,0.17330999746402978,-0.4458746376253969
-0.0828335983090884,0.1731999364011675,-0.44974357559960554
-0.0828335983090884,0.1732392809443991,-0.4499983251716104
-0.0828335983090884,0.17338050990429768,-0.45007788017693173
-0.0828335983090884,0.1738354993661405,-0.442500590215402
-0.0828335983090884,0.17378134697801678,-0.44379240049795554
-0.0828335983090884,0.1738414469285072,-0.44620078833738064
-0.0828335983090884,0.17381958912545212,-0.44879584181436205
-0.0828335983090884,0.1738105404863516,-0.45010318438462177
-0.0828335983090884,0.17422679011423597,-0.4428211558361589
-0.0828335983090884,0.17413166520482318,-0.44571318074268995
-0.0828335983090884,0.1741353771328102,-0.4463348097481179
-0.0828335983090884,0.1740363521367226,-0.4502537322751029
-0.0828335983090884,0.17417285384190567,-0.4499669161576382
-0.0828335983090884,0.17450692844148413,-0.44610916710097126
-0.0828335983090884,0.17472588687035415,-0.4433158918386177
-0.0828335983090884,0.17467712061673749,-0.4458598669229789
-0.0828335983090884,0.17460933469758116,-0.4472448050027168
-0.0828335983090884,0.17458072319021825,-0.45084363868785554
-0.0828335983090884,0.17483145022493973,-0.44618242181560475
-0.0828335983090884,0.17490590803430178,-0.4462142910710099
-0.0828335983090884,0.17496766741676154,-0.4459744840073163
-0.0828335983090884,0.17478791794795373,-0.44993962160658807
-0.0828335983090884,0.17539672727634692,-0.4423656325131408
-0.0828335983090884,0.17545911879041381,-0.4424822847484242
-0.0828335983090884,0.17541719103895767,-0.44583291731693864
-0.0828335983090884,0.1752867929023578,-0.45002410589413444
-0.0828335983090884,0.17536503667005815,-0.4499775015600397
-0.0828335983090884,0.1755009922368645,-0.44924923586945337
-0.0828335983090884,0.1757056183212429,-0.4460209197874473
-0.0828335983090884,0.1756113822200516,-0.44972823148800567
-0.0828335983090884,0.17624476084510962,-0.44522448173849904
-0.0828335983090884,0.1761171436162305,-0.449466660472459
-0.0828335983090884,0.17617843230921942,-0.4495634023790751
-0.0828335983090884,0.17665276497077262,-0.4458458706692173
-0.0828335983090884,0.17646135420070064,-0.4506149380012917
-0.0828335983090884,0.1768087461981162,-0.446285264470267
-0.0828335983090884,0.17707060558038232,-0.4447389822138298
-0.0828335983090884,0.17684261401972373,-0.4498150153953631
-0.0828335983090884,0.17708668959723278,-0.4460038733737661
-0.0828335983090884,0.17708276295436384,-0.446206603283972
-0.0828335983090884,0.17704913609104847,-0.4499954099256546
-0.0828335983090884,0.17714172811630657,-0.44920351618218296
-0.0828335983090884,0.17751302678255,-0.44379023350083135
-0.0828335983090884,0.1774225357221312,-0.44961774354987716
-0.0828335983090884,0.17774938873679136,-0.4461885483635233
-0.0828335983090884,0.17755527666029797,-0.45007136697794836
-0.0828335983090884,0.1779950418512185,-0.44632897260520976
-0.0828335983090884,0.17782868741175592,-0.4501314871436345
-0.0828335983090884,0.17786371837846965,-0.44963722651441784
-0.0828335983090884,0.17817835878138394,-0.4460274742434926
-0.0828335983090884,0.1783115354920848,-0.44886385123755834
-0.0828335983090884,0.17835244716020343,-0.44974738652197016
-0.0828335983090884,0.17847456121737293,-0.449909998215009
-0.0828335983090884,0.17907901301281184,-0.4462097965015531
-0.0828335983090884,0.1791752437432872,-0.4459678064176483
-0.0828335983090884,0.17904959608931464,-0.44987644199626087
-0.0828335983090884,0.1792621141542469,-0.4463593700861629
-0.0828335983090884,0.17912566622049358,-0.4499124613093807
-0.0828335983090884,0.17931198025808776,-0.44673112385559566
-0.0828335983090884,0.17929096049718993,-0.4498687167848294
-0.0828335983090884,0.17952804221095808,-0.4490231789671195
-0.0828335983090884,0.17966072300571537,-0.4464146083392475
-0.0828335983090884,0.17952845329193953,-0.449564263261095
-0.0828335983090884,0.1795697282590107,-0.4492554013559578
-0.0828335983090884,0.1799067965020214,-0.44638726505991777
-0.0828335983090884,0.179974150505267,-0.44700529998766736
-0.0828335983090884,0.18002684396732221,-0.44980094074676913
-0.0828335983090884,0.18015873670665483,-0.4496541915316138
-0.0828335983090884,0.18036910004404622,-0.4492315370566079
-0.0828335983090884,0.18042075806755303,-0.448814387492189
-0.0828335983090884,0.18038889300367794,-0.4498401112226182
-0.0828335983090884,0.1804504671701596,-0.44955548623986574
-0.0828335983090884,0.18104101862124225,-0.44690582296742876
-0.0828335983090884,0.18114151902747766,-0.4461966805459362
-0.0828335983090884,0.18099193280115866,-0.44959783318958
-0.0828335983090884,0.18111142861841595,-0.45020279285960796
-0.0828335983090884,0.18123210685310967,-0.4500851703103168
-0.0828335983090884,0.18136573516375923,-0.4500225903451126
-0.0828335983090884,0.18163303169655276,-0.44674604908079185
-0.0828335983090884,0.18152590693498344,-0.4490928134142298
-0.0828335983090884,0.1817314905767035,-0.4488937205954186
-0.0828335983090884,0.18198155221794748,-0.4450869378604828
-0.0828335983090884,0.18198764552983232,-0.44920945865728024
-0.0828335983090884,0.1822350319880636,-0.4498475231430555
-0.0828335983090884,0.18243158483543337,-0.44625892194623373
-0.0828335983090884,0.18255150652988714,-0.44636676593180824
-0.0828335983090884,0.1826831605949349,-0.4457214754334405
-0.0828335983090884,0.1828091784473675,-0.4440905249495942
-0.0828335983090884,0.18268658982192076,-0.449061061805266
-0.0828335983090884,0.18305580130847748,-0.44241255836232407
-0.0828335983090884,0.18283895469010036,-0.44705254061360433
-0.0828335983090884,0.18312980811024152,-0.4424701501930449
-0.0828335983090884,0.18316286380103183,-0.4422901374136329
-0.0828335983090884,0.18319929531915305,-0.4432577497419946
-0.0828335983090884,0.18326674952803876,-0.4426960335921364
-0.0828335983090884,0.18307119864779195,-0.44919457968937354
-0.0828335983090884,0.18311560307041339,-0.4497964215217676
-0.0828335983090884,0.18314963598964495,-0.4498987642594129
-0.0828335983090884,0.183417935824226,-0.44679027402370797
-0.0828335983090884,0.18355512793815143,-0.4464341484498213
-0.0828335983090884,0.1836853749283378,-0.44636337108485125
-0.0828335983090884,0.18361073158661292,-0.44951935266592824
-0.0828335983090884,0.18373392897684057,-0.44904772371675616
-0.0828335983090884,0.18371332310120037,-0.44949366306403005
-0.0828335983090884,0.18391255141311857,-0.44985824037658284
-0.0828335983090884,0.1840113747089304,-0.44978454826360237
-0.0828335983090884,0.18413393994219562,-0.4491799886226745
-0.0828335983090884,0.18433757461326183,-0.44701942148195795
-0.0828335983090884,0.1842817349017081,-0.4488314672185253
-0.0828335983090884,0.18440200880353963,-0.44794158782536564
-0.0828335983090884,0.1847091088904871,-0.4470609341342471
-0.0828335983090884,0.18481269762485672,-0.446478091399851
-0.0828335983090884,0.1850291743232237,-0.44740173346177303
-0.0828335983090884,0.18490339040670498,-0.4499916308630205
-0.0828335983090884,0.1850336359455802,-0.4491649661673144
-0.0828335983090884,0.18517386183090107,-0.44714188342412964
-0.0828335983090884,0.18504379205189264,-0.44999535617896613
-0.0828335983090884,0.1852364029943056,-0.44888215017103805
-0.0828335983090884,0.18541633672511315,-0.4474851270661623
-0.0828335983090884,0.1854314212898769,-0.4472174898141692
-0.0828335983090884,0.18548633646979723,-0.44702349512945894
-0.0828335983090884,0.1854791473043231,-0.44756741396102995
-0.0828335983090884,0.18564022197560376,-0.448747560101949
-0.0828335983090884,0.1857406796341344,-0.44756173311169634
-0.0828335983090884,0.1857468257749195,-0.4488164939907804
-0.0828335983090884,0.18581622682703455,-0.4490563632710983
-0.0828335983090884,0.18579520000205435,-0.4499965028519818
-0.0828335983090884,0.1858716446026662,-0.4488496500334147
-0.0828335983090884,0.18592731453303496,-0.44906906991328
-0.0828335983090884,0.18593458193770004,-0.44923293591721114
-0.0828335983090884,0.1859620067486881,-0.4493922712746914
-0.0828335983090884,0.1860874619553507,-0.44877572476896943
-0.0828335983090884,0.18629025265781943,-0.44988508098494495
-0.0828335983090884,0.18640600703505236,-0.4499889956060699
-0.0828335983090884,0.18656140105309646,-0.4491774285369769
-0.0828335983090884,0.18675438148903784,-0.44773758737493924
-0.0828335983090884,0.1870818604194816,-0.4447055607444803
-0.0828335983090884,0.18698408048679765,-0.44711074885253266
-0.0828335983090884,0.18685484445401043,-0.45015447964169486
-0.0828335983090884,0.1868676087921296,-0.45009074939609334
-0.0828335983090884,0.18721007975218446,-0.44514600069749666
-0.0828335983090884,0.18712417758956013,-0.4475946082371638
-0.0828335983090884,0.18734027334392522,-0.4470938548281339
-0.0828335983090884,0.18742118981345773,-0.44577876305558356
-0.0828335983090884,0.18733435348678085,-0.44778747073417907
-0.0828335983090884,0.18736975413636894,-0.44878858445785796
-0.0828335983090884,0.18756685872131487,-0.4469015676565486
-0.0828335983090884,0.18769106623366638,-0.44650190509467436
-0.0828335983090884,0.18756880229046388,-0.4500093253004819
-0.0828335983090884,0.18786069099136482,-0.45026242864094357
-0.0828335983090884,0.1879813454089015,-0.44883024238678065
-0.0828335983090884,0.18807231695938342,-0.44720375383655153
-0.0828335983090884,0.18804713082405827,-0.4477941001655929
-0.0828335983090884,0.18814441239517615,-0.447633603431747
-0.0828335983090884,0.188249062273899,-0.44776060542923035
-0.0828335983090884,0.1882117488960922,-0.4487201936137624
-0.0828335983090884,0.18825088491093475,-0.4487530864529416
-0.0828335983090884,0.1882523407890135,-0.44951761255075423
-0.0828335983090884,0.18829265609062631,-0.4488037385762622
-0.0828335983090884,0.18827818472165822,-0.4501185547004465
-0.0828335983090884,0.1883811538769537,-0.4495286096077153
-0.0828335983090884,0.18843617868539236,-0.449026956341698
-0.0828335983090884,0.18889520272601765,-0.4478287662407775
-0.0828335983090884,0.18888693046482935,-0.450282579102748
-0.0828335983090884,0.18903576683983261,-0.44737618118891087
-0.0828335983090884,0.18901452876381014,-0.44888668586918923
-0.0828335983090884,0.18901127636034798,-0.4492164232041229
-0.0828335983090884,0.1891061085175155,-0.45016325762200304
-0.0828335983090884,0.1895325853493941,-0.4487041612748991
-0.0828335983090884,0.1895602961774565,-0.44871772420339473
-0.0828335983090884,0.18970570796961583,-0.4491968825859465
-0.0828335983090884,0.19011044628455304,-0.4423053736184766
-0.0828335983090884,0.19020305317179853,-0.4424274290021466
-0.0828335983090884,0.18998631359261542,-0.4489253967074721
-0.0828335983090884,0.19038083729610045,-0.4424954274978609
-0.0828335983090884,0.19020006157929065,-0.4479001502797014
-0.0828335983090884,0.1901763697431311,-0.44891186626174384
-0.0828335983090884,0.1902907908930503,-0.44757095635528044
-0.0828335983090884,0.1905381643277176,-0.4427277269027845
-0.0828335983090884,0.1902777591177768,-0.4483985730050904
-0.0828335983090884,0.19030511765961164,-0.44882766031151794
-0.0828335983090884,0.19054449016815142,-0.44410852386035726
-0.0828335983090884,0.19037230764645813,-0.4479325837245173
-0.0828335983090884,0.1903717204035293,-0.4479764012952726
-0.0828335983090884,0.1904011525158026,-0.4483813262994695
-0.0828335983090884,0.1904568782258888,-0.448735389597565
-0.0828335983090884,0.19038741691517028,-0.4502906163519036
-0.0828335983090884,0.19055785489277363,-0.4475813652581597
-0.0828335983090884,0.19052482037316532,-0.4486510637743978
-0.0828335983090884,0.19080899388761088,-0.4432828323654089
-0.0828335983090884,0.19054353190079776,-0.44870524557677527
-0.0828335983090884,0.1906795271358424,-0.4480601164554224
-0.0828335983090884,0.19066685683664106,-0.44868155309165847
-0.0828335983090884,0.19075821037184848,-0.4475215391404387
-0.0828335983090884,0.1907674342678254,-0.44870310520185835
-0.0828335983090884,0.19089529088678378,-0.44800522166669055
-0.0828335983090884,0.1907852204090682,-0.4505246537143893
-0.0828335983090884,0.19089506054551422,-0.4486806703555154
-0.0828335983090884,0.19107164695195178,-0.4452118617331478
-0.0828335983090884,0.19084684596382565,-0.44991625177425143
-0.0828335983090884,0.19094862459110334,-0.4481308912857579
-0.0828335983090884,0.19099788968491638,-0.44814182427968174
-0.0828335983090884,0.19105803404649252,-0.4472441137955847
-0.0828335983090884,0.1910763253743117,-0.44780365047760007
-0.0828335983090884,0.1909456358554187,-0.4508145585884695
-0.0828335983090884,0.1911776466398776,-0.44657396519414116
-0.0828335983090884,0.19111186091557578,-0.44823585656917525
-0.0828335983090884,0.19113906270021103,-0.4481533730236995
-0.0828335983090884,0.19116303268508386,-0.447892135986721
-0.0828335983090884,0.19137562022317794,-0.4458118758146764
-0.0828335983090884,0.19128163398936182,-0.4480233348506487
-0.0828335983090884,0.19118460776841,-0.45059177033852715
-0.0828335983090884,0.19131466295465452,-0.4485236070923425
-0.0828335983090884,0.19134965208078364,-0.44839365500320144
-0.0828335983090884,0.19137638199517545,-0.4486717125790915
-0.0828335983090884,0.19139251016835596,-0.44850519210513373
-0.0828335983090884,0.19147368175209967,-0.4482214581994217
-0.0828335983090884,0.19153941481365716,-0.4482161628832376
-0.0828335983090884,0.19144899984452307,-0.45033860759868427
-0.0828335983090884,0.19156261103360844,-0.44840705772585876
-0.0828335983090884,0.19160870384823697,-0.4479693335897333
-0.0828335983090884,0.19165250221214808,-0.4480815723598681
-0.0828335983090884,0.19164999192154325,-0.44919078791080413
-0.0828335983090884,0.19171831437378165,-0.4481277923662238
-0.0828335983090884,0.19177047333970246,-0.44791714476322575
-0.0828335983090884,0.19175330520814196,-0.4483227522437676
-0.0828335983090884,0.1918716360463882,-0.4484558128404357
-0.0828335983090884,0.1917939045324431,-0.45026556347320845
-0.0828335983090884,0.1919648310967555,-0.4480884920338068
-0.0828335983090884,0.19197469973306644,-0.448791267730527
-0.0828335983090884,0.1920114112966772,-0.44808097280193226
-0.0828335983090884,0.19194585288944732,-0.4494469208412796
-0.0828335983090884,0.19201321319599474,-0.45054778492887315
-0.0828335983090884,0.1923128858503778,-0.4472550921786346
-0.0828335983090884,0.19230055782413433,-0.4480241450756469
-0.0828335983090884,0.19230624556161446,-0.4482670344167291
-0.0828335983090884,0.19240158622851006,-0.44773128401653256
-0.0828335983090884,0.19229834431526305,-0.4500143671843756
-0.0828335983090884,0.19236520341202115,-0.4487740716509683
-0.0828335983090884,0.19247028814824563,-0.4489956203990765
-0.0828335983090884,0.19256403304389952,-0.4492582957419382
-0.0828335983090884,0.1925540936096598,-0.44957501591838916
-0.0828335983090884,0.1926584677281219,-0.44765510172130574
-0.0828335983090884,0.19283719653272763,-0.4495684161603172
-0.0828335983090884,0.19292763620430414,-0.44866509286217243
-0.0828335983090884,0.19287338149675748,-0.44981741589810736
-0.0828335983090884,0.19298795438599942,-0.44790051878578724
-0.0828335983090884,0.1929980538050925,-0.4484963372450349
-0.0828335983090884,0.19309109719806564,-0.4502238651775359
-0.0828335983090884,0.19325610103814284,-0.44790552712314186
-0.0828335983090884,0.19316538083264237,-0.4497304161336593
-0.0828335983090884,0.19329243044662367,-0.4481249289655235
-0.0828335983090884,0.19328950203050416,-0.4490433734058754
-0.0828335983090884,0.19320901092995413,-0.45083148168785464
-0.0828335983090884,0.1933978350808194,-0.4479825983539591
-0.0828335983090884,0.19325483927487794,-0.4510578506445977
-0.0828335983090884,0.19341765757665985,-0.4478971613593915
-0.0828335983090884,0.19338991727259316,-0.4485853072254946
-0.0828335983090884,0.19339378389936657,-0.4497539341418587
-0.0828335983090884,0.19342772271712366,-0.44924762610375774
-0.0828335983090884,0.19343281167893023,-0.44942046817672093
-0.0828335983090884,0.193505154075495,-0.4485028839162921
-0.0828335983090884,0.19343647509739867,-0.44996766072257643
-0.0828335983090884,0.19364691648514656,-0.44589434737657724
-0.0828335983090884,0.1936608449115126,-0.4481220660811513
-0.0828335983090884,0.19358613612466705,-0.4502705952190398
-0.0828335983090884,0.19367100246588426,-0.449071344981939
-0.0828335983090884,0.1937792928275765,-0.4501457050691302
-0.0828335983090884,0.19392347439495372,-0.44779016945188876
-0.0828335983090884,0.19390051650949786,-0.44908978865899574
-0.0828335983090884,0.19394876606187453,-0.44826235722576313
-0.0828335983090884,0.19396680301005798,-0.44825554106243976
-0.0828335983090884,0.19392764706511234,-0.45026835274956933
-0.0828335983090884,0.19405472594602863,-0.4484777630589094
-0.0828335983090884,0.19410929807968705,-0.44763863876766646
-0.0828335983090884,0.1940731545212257,-0.4495505521853607
-0.0828335983090884,0.19417823649377436,-0.44874886394712443
-0.0828335983090884,0.19421904375966703,-0.4484904774378023
-0.0828335983090884,0.19429100708549124,-0.4493217517849686
-0.0828335983090884,0.19436416189723082,-0.44872449921109453
-0.0828335983090884,0.19425948175108187,-0.45091269487567137
-0.0828335983090884,0.1944974636046619,-0.4484372276136003
-0.0828335983090884,0.1945257705317324,-0.4478926424283117
-0.0828335983090884,0.19457372341831347,-0.44858054357387167
-0.0828335983090884,0.19466376029365343,-0.4481237499931689
-0.0828335983090884,0.19465812144987585,-0.44968390301350675
-0.0828335983090884,0.19459008794408747,-0.4510608503367607
-0.0828335983090884,0.19484238858191597,-0.44805758564473086
-0.0828335983090884,0.1948697295721053,-0.4507369744592803
-0.0828335983090884,0.19504848614995673,-0.4494875469772995
-0.0828335983090884,0.19514775276409926,-0.44781248420723774
-0.0828335983090884,0.19508556160757962,-0.44961601762282516
-0.0828335983090884,0.1951913237251704,-0.44787603007218013
-0.0828335983090884,0.1951694919936704,-0.45081567950334756
-0.0828335983090884,0.19530789023283734,-0.44835043108597733
-0.0828335983090884,0.19531231584581163,-0.44866156725331174
-0.0828335983090884,0.1952553271836041,-0.4511484572123255
-0.0828335983090884,0.19535260446131306,-0.45027636971214924
-0.0828335983090884,0.1953549326739242,-0.45056693755575383
-0.0828335983090884,0.1956636793815818,-0.4487011933824552
-0.0828335983090884,0.19572572785877823,-0.45082358380056986
-0.0828335983090884,0.19596786964509214,-0.4476448303296563
-0.0828335983090884,0.19588935668108198,-0.4506763323945554
-0.0828335983090884,0.19598693360935726,-0.4505040865975484
-0.0828335983090884,0.196152543254826,-0.4491025164299231
-0.0828335983090884,0.19653206536047269,-0.44248624717336116
-0.0828335983090884,0.19629165908510102,-0.44791780277885485
-0.0828335983090884,0.1966660669427288,-0.4423777666107708
-0.0828335983090884,0.1967410228537779,-0.4424870518360656
-0.0828335983090884,0.19655336957933572,-0.4464807906195214
-0.0828335983090884,0.19652813893764304,-0.447513265453198
-0.0828335983090884,0.19635330327240685,-0.4514313694073356
-0.0828335983090884,0.19655823569541847,-0.4484679397692659
-0.0828335983090884,0.19688272343235105,-0.4427664972973868
-0.0828335983090884,0.19659661166621697,-0.44867181859256133
-0.0828335983090884,0.1965928630983367,-0.4515286210489227
-0.0828335983090884,0.19700522318983033,-0.44334577993468416
-0.0828335983090884,0.19711262870593482,-0.4441549334589718
-0.0828335983090884,0.1968461173284425,-0.4499971619119407
-0.0828335983090884,0.19714242958132205,-0.44513689783410626
-0.0828335983090884,0.197123958586915,-0.44990766691375483
-0.0828335983090884,0.1974583105516689,-0.45038803535609906
-0.0828335983090884,0.19740952892627986,-0.45174940833554467
-0.0828335983090884,0.19757402987710518,-0.4486061248632567
-0.0828335983090884,0.1976399681858253,-0.4517274790272822
-0.0828335983090884,0.19774189892691785,-0.45005025375117375
-0.0828335983090884,0.19787348983572878,-0.45030713970180436
-0.0828335983090884,0.19842153175111846,-0.4484348709672296
-0.0828335983090884,0.1984799999210051,-0.4520897910543041
-0.0828335983090884,0.19914877236863776,-0.45204754193332447
-0.0828335983090884,0.1993323456232608,-0.44883678683572875
-0.0828335983090884,0.1994502327827008,-0.4470294656652213
-0.0828335983090884,0.19929646548616653,-0.45106849761862067
-0.0828335983090884,0.19936334695185365,-0.4513697043711288
-0.0828335983090884,0.19938327842954917,-0.45209181395249054
-0.0828335983090884,0.1994763707707886,-0.45059639804737206
-0.0828335983090884,0.19970028334347217,-0.44846275264851565
-0.0828335983090884,0.19973436120672264,-0.44953230564815183
-0.0828335983090884,0.199998850869898,-0.44834994663269756
-0.0828335983090884,0.20017449092659678,-0.4484755411002288
-0.0828335983090884,0.20006127121888695,-0.451450832749565
-0.0828335983090884,0.20057900684289978,-0.45260921443520863
-0.0828335983090884,0.20065236861305952,-0.4519662757508972
-0.0828335983090884,0.20083587841882153,-0.4509714525652125
-0.0828335983090884,0.20142128526593026,-0.4481202836707848
-0.0828335983090884,0.2014605502978523,-0.4482624590912401
-0.0828335983090884,0.2017632976549906,-0.44621199041053644
-0.0828335983090884,0.20176608000492902,-0.44787243931696785
-0.0828335983090884,0.20185483804907883,-0.44755971972780517
-0.0828335983090884,0.20174829941360164,-0.4513821927303068
-0.0828335983090884,0.20202726518725211,-0.4523314911507732
-0.0828335983090884,0.20231269178900615,-0.44726899830071587
-0.0828335983090884,0.20258030226647022,-0.4486384747625052
-0.0828335983090884,0.20277062745080066,-0.445178541065712
-0.0828335983090884,0.20294163779658608,-0.44247212254284773
-0.0828335983090884,0.20321636789691144,-0.4425551723618433
-0.0828335983090884,0.2035681653640561,-0.4428563358132729
-0.0828335983090884,0.2036153191103616,-0.44339935644175144
-0.0828335983090884,0.20341747411960057,-0.44819977041113507
-0.0828335983090884,0.2036453480150278,-0.4442040627928089
-0.0828335983090884,0.20400298830297856,-0.4496393018773202
-0.0828335983090884,0.20434415736107608,-0.44829032582145395
-0.0828335983090884,0.20455879321917672,-0.4494494035973261
-0.0828335983090884,0.20522471140229598,-0.4467654084040864
-0.0828335983090884,0.20650776910698648,-0.44843063556006363
-0.0828335983090884,0.2073712491913975,-0.44595526301944743
-0.0828335983090884,0.20907244648170617,-0.442482591608722
-0.0828335983090884,0.20890633708924886,-0.4487015916001428
-0.0828335983090884,0.20950699969332492,-0.4426159139824564
-0.0828335983090884,0.20951338043583834,-0.4450712221875093
-0.0828335983090884,0.21001522450242074,-0.4429546084289542
-0.0828335983090884,0.21009974628552697,-0.4433895315460739
-0.0828335983090884,0.21018764476496146,-0.444116330591533
-0.0828335983090884,0.21130089522972448,-0.4494434476583204
-0.0828335983090884,0.2113084046299255,-0.4496818787808476
-0.10566851429364829,-0.026438677221273143,-0.29427042411648147
-0.10566851429364829,-0.023250253356834834,-0.2930719495794876
-0.10566851429364829,-0.02312528906266486,-0.2931108373992913
-0.10566851429364829,-0.02276197416349211,-0.29292046572927
-0.10566851429364829,-0.020652434977419525,-0.2917404348617779
-0.10566851429364829,-0.019902607650782275,-0.29190337386273707
-0.10566851429364829,-0.0197693627233143,-0.2926077031872215
-0.10566851429364829,-0.018887906407816027,-0.2911527339810398
-0.10566851429364829,-0.01635074470767363,-0.29041024598142584
-0.10566851429364829,-0.015299842772572708,-0.2906605706565967
-0.10566851429364829,-0.014704118695663005,-0.28987314004209747
-0.10566851429364829,-0.012191850585590715,-0.2903946532095416
-0.10566851429364829,-0.010110012849749762,-0.28863286411087985
-0.10566851429364829,-0.009816206654490666,-0.28849774038117404
-0.10566851429364829,-0.009203315578165542,-0.2889496048428157
-0.10566851429364829,-0.005771572952099315,-0.2870951868245487
-0.10566851429364829,-0.004196974465276292,-0.28713268529416336
-0.10566851429364829,-0.00424364460313054,-0.28822569462984243
-0.10566851429364829,-0.003893901298815658,-0.286812697059677
-0.10566851429364829,-0.0024128668648001443,-0.28660594364779113
-0.10566851429364829,-0.0015546906173427265,-0.28631259405088005
-0.10566851429364829,-0.0006697992960455028,-0.28656382201369174
-0.10566851429364829,7.051683411446116e-05,-0.28605177814081323
-0.10566851429364829,0.0020917429652108945,-0.28539908042149154
-0.10566851429364829,0.0031988120685334936,-0.286116179127154
-0.10566851429364829,0.0034603774944212996,-0.28521995836605024
-0.10566851429364829,0.004737735108855865,-0.28497227331776753
-0.10566851429364829,0.00554444676790555,-0.28459549483120544
-0.10566851429364829,0.00784356312349243,-0.28455115088981103
-0.10566851429364829,0.00812844073152948,-0.28389928939692965
-0.10566851429364829,0.00820650887351412,-0.28428497961667015
-0.10566851429364829,0.008780969908011728,-0.2839230225243847
-0.10566851429364829,0.009469057586703564,-0.28382120068621514
-0.10566851429364829,0.009805664761115569,-0.2831348069294053
-0.10566851429364829,0.009918635883659599,-0.28448325180374656
-0.10566851429364829,0.010536465703038317,-0.28378224482180847
-0.10566851429364829,0.011032985024629956,-0.28379341590037244
-0.10566851429364829,0.011278862003555636,-0.28353193197904886
-0.10566851429364829,0.011275807037033632,-0.2856318077330327
-0.10566851429364829,0.011842855790468482,-0.2820577397905623
-0.10566851429364829,0.012367481806492917,-0.2794577114959076
-0.10566851429364829,0.012373073010950753,-0.2831432531009535
-0.10566851429364829,0.012576207984185486,-0.2832178612534787
-0.10566851429364829,0.01306993418959463,-0.2787644309922754
-0.10566851429364829,0.013000446353444457,-0.2803468875757355
-0.10566851429364829,0.012997180067044922,-0.2811516230699346
-0.10566851429364829,0.013928643980548217,-0.27792535740893676
-0.10566851429364829,0.013948883413450547,-0.2783094193194222
-0.10566851429364829,0.01450837280875791,-0.27800187075244365
-0.10566851429364829,0.01468862275905342,-0.2828214121421854
-0.10566851429364829,0.015232521232734584,-0.28342693498721216
-0.10566851429364829,0.015739700721135026,-0.2829476002476241
-0.10566851429364829,0.01698333975175829,-0.2830130167094255
-0.10566851429364829,0.016994009665065722,-0.2841475454733643
-0.10566851429364829,0.017224643717564037,-0.2821304254490982
-0.10566851429364829,0.017844344110603667,-0.2819552096069085
-0.10566851429364829,0.01778828986630367,-0.283741089583546
-0.10566851429364829,0.018017780359917697,-0.28221043605807167
-0.10566851429364829,0.018237125377456552,-0.28113916156589414
-0.10566851429364829,0.018310507374303023,-0.281769236194651
-0.10566851429364829,0.01853231915187672,-0.28266974645632004
-0.10566851429364829,0.018578371901986517,-0.2819721721333584
-0.10566851429364829,0.018606094013160122,-0.28204108731419264
-0.10566851429364829,0.019126972421479274,-0.28021057355879436
-0.10566851429364829,0.019054220769280785,-0.2819340452825322
-0.10566851429364829,0.01909755321647099,-0.282063219249093
-0.10566851429364829,0.01913377320519636,-0.28273933480142494
-0.10566851429364829,0.01924291685421623,-0.2815816156797507
-0.10566851429364829,0.019445710222747964,-0.2793993247662106
-0.10566851429364829,0.019650858008962158,-0.27867098128060475
-0.10566851429364829,0.019706470072400294,-0.27781733070967385
-0.10566851429364829,0.01957039163782383,-0.2832442291436944
-0.10566851429364829,0.01998148559920533,-0.27796362359088256
-0.10566851429364829,0.019928677646825377,-0.28149962254503536
-0.10566851429364829,0.020329428240046517,-0.27817653625086775
-0.10566851429364829,0.02032392273645153,-0.2817706970469855
-0.10566851429364829,0.021112725378483656,-0.2811964513922362
-0.10566851429364829,0.021249998577125055,-0.2831989066046081
-0.10566851429364829,0.021293059163615027,-0.28250127091692656
-0.10566851429364829,0.021352862843510886,-0.2817150336468648
-0.10566851429364829,0.02169229056788562,-0.2817002839695012
-0.10566851429364829,0.02213187223225169,-0.28150781854054524
-0.10566851429364829,0.022163724901255587,-0.28208143454503376
-0.10566851429364829,0.022451548124398868,-0.28248228705319717
-0.10566851429364829,0.02282912717707639,-0.2810741927920621
-0.10566851429364829,0.02291758261825652,-0.2813560006741864
-0.10566851429364829,0.023188059642391255,-0.28095605638611726
-0.10566851429364829,0.023183748698405483,-0.28136765149176013
-0.10566851429364829,0.023548836086139068,-0.2816989029828129
-0.10566851429364829,0.0239094678855976,-0.2806730155375259
-0.10566851429364829,0.02389464204322346,-0.2820543001689228
-0.10566851429364829,0.024073442967659994,-0.2807248233777426
-0.10566851429364829,0.024156432518297494,-0.2822170281788677
-0.10566851429364829,0.024430085237829885,-0.28086666627868356
-0.10566851429364829,0.024679599514138575,-0.28279601463671633
-0.10566851429364829,0.024793979756421725,-0.28258938544461354
-0.10566851429364829,0.024943842044601462,-0.2805304578053764
-0.10566851429364829,0.024956020560832088,-0.28271664862779944
-0.10566851429364829,0.025289768933028412,-0.27773990318365
-0.10566851429364829,0.02545020296111796,-0.2777972972138657
-0.10566851429364829,0.02535081278199926,-0.28040311267475043
-0.10566851429364829,0.02539754686508681,-0.2800471777901323
-0.10566851429364829,0.02560610516830887,-0.2785168719322045
-0.10566851429364829,0.02572739525295582,-0.279266568398542
-0.10566851429364829,0.025750568384521947,-0.28099774382508347
-0.10566851429364829,0.025811230917196778,-0.2803473378775525
-0.10566851429364829,0.025888974178979545,-0.2803043477783576
-0.10566851429364829,0.026063081456999225,-0.2780506743793725
-0.10566851429364829,0.02626467663542706,-0.2806162178254861
-0.10566851429364829,0.02658043452984777,-0.2811544424133359
-0.10566851429364829,0.026612811430446085,-0.28165837913480607
-0.10566851429364829,0.026722462698598855,-0.2814801787912162
-0.10566851429364829,0.026834415184004923,-0.2808193311791683
-0.10566851429364829,0.026806697518919134,-0.2818269410839268
-0.10566851429364829,0.026904761235443338,-0.2811421007352447
-0.10566851429364829,0.02692518944458451,-0.28227742240738257
-0.10566851429364829,0.027051301019615868,-0.28025637380612894
-0.10566851429364829,0.02722176458356205,-0.281899699523856
-0.10566851429364829,0.027253549495347626,-0.28182180689323194
-0.10566851429364829,0.027433456174021716,-0.27998690905715706
-0.10566851429364829,0.028017612969205897,-0.2798740910029703
-0.10566851429364829,0.0281598878261997,-0.2813667214656002
-0.10566851429364829,0.02831846188028026,-0.2804091094055554
-0.10566851429364829,0.028263388430670444,-0.28156687917197604
-0.10566851429364829,0.028567363221833654,-0.27995616478874885
-0.10566851429364829,0.028671543468328644,-0.2812724931609346
-0.10566851429364829,0.02885100648180596,-0.2791982464591928
-0.10566851429364829,0.028771125122622688,-0.28171828422629913
-0.10566851429364829,0.02888705082645642,-0.28192061306584076
-0.10566851429364829,0.028957503860714807,-0.2823864840167777
-0.10566851429364829,0.0290955839932056,-0.27973111848280635
-0.10566851429364829,0.029009531958397162,-0.2817236630622823
-0.10566851429364829,0.02915836700597413,-0.2807020175127412
-0.10566851429364829,0.029489868913154308,-0.28091658697145544
-0.10566851429364829,0.02950800431921083,-0.280805837716484
-0.10566851429364829,0.02966529214220263,-0.28054559048818384
-0.10566851429364829,0.02969845965651796,-0.28129392834396727
-0.10566851429364829,0.029700690592930103,-0.28196883159714015
-0.10566851429364829,0.02982350770023193,-0.2818633896475683
-0.10566851429364829,0.029871405258336148,-0.2809322206583665
-0.10566851429364829,0.03029206321617203,-0.2776186091919621
-0.10566851429364829,0.030487365949223133,-0.2776597452503281
-0.10566851429364829,0.030347605133769155,-0.2815177688573677
-0.10566851429364829,0.030364164573527093,-0.28209328131606687
-0.10566851429364829,0.030485247353461614,-0.2803445866802784
-0.10566851429364829,0.03064975073201131,-0.27789721529753436
-0.10566851429364829,0.030610827845196396,-0.2794026007532109
-0.10566851429364829,0.030649868201696004,-0.2824643116130732
-0.10566851429364829,0.03078880208297971,-0.28012786079857527
-0.10566851429364829,0.030959012895020694,-0.2783476637541434
-0.10566851429364829,0.03095173095573607,-0.2801577739802979
-0.10566851429364829,0.031179660352677573,-0.2799464039875355
-0.10566851429364829,0.031179285207135192,-0.2809882564573469
-0.10566851429364829,0.03138594429817124,-0.2814018767633132
-0.10566851429364829,0.03149312703934565,-0.2803552639998455
-0.10566851429364829,0.031612132551326756,-0.28176305670647656
-0.10566851429364829,0.032031183487914,-0.27948229873784297
-0.10566851429364829,0.03205063332712098,-0.27960961797721773
-0.10566851429364829,0.032034297360660095,-0.28042457909193563
-0.10566851429364829,0.03210357796756099,-0.2797139225880528
-0.10566851429364829,0.03208264852899102,-0.2809873412893351
-0.10566851429364829,0.03220084334337036,-0.28034370886958043
-0.10566851429364829,0.03217294040978029,-0.2814436949586895
-0.10566851429364829,0.03235708903586019,-0.28006213553351134
-0.10566851429364829,0.03249097721216783,-0.27914573175076624
-0.10566851429364829,0.032453488287157,-0.2805983083803077
-0.10566851429364829,0.0325084897209508,-0.27993257912542174
-0.10566851429364829,0.0324699908662684,-0.2817464613959928
-0.10566851429364829,0.032526946816420266,-0.2816805294171539
-0.10566851429364829,0.032663714768496305,-0.2793883776550742
-0.10566851429364829,0.032685717660358965,-0.27923307285856086
-0.10566851429364829,0.03271355597721596,-0.2815111352963217
-0.10566851429364829,0.033059196617321804,-0.2789689744326646
-0.10566851429364829,0.03301235607700441,-0.2805907301236973
-0.10566851429364829,0.033132639491478356,-0.2814136415960649
-0.10566851429364829,0.033227427335900846,-0.2803286980699126
-0.10566851429364829,0.03321289644172569,-0.2818054983707918
-0.10566851429364829,0.0332033522144272,-0.2823788702919093
-0.10566851429364829,0.03333035945148546,-0.2808036034831227
-0.10566851429364829,0.03347857553331576,-0.27962643365394574
-0.10566851429364829,0.03347323426357028,-0.279810292538343
-0.10566851429364829,0.03376782691253787,-0.2788288619780238
-0.10566851429364829,0.03371089351407314,-0.28158809532832746
-0.10566851429364829,0.033949213704407864,-0.27754831026029975
-0.10566851429364829,0.033782091136542444,-0.2809423283150465
-0.10566851429364829,0.03392799289463751,-0.27830277667111847
-0.10566851429364829,0.03406086476897757,-0.27989944910141973
-0.10566851429364829,0.03432117427314413,-0.27746441332824934
-0.10566851429364829,0.034258899784253616,-0.27972589841763956
-0.10566851429364829,0.03427407079649949,-0.2799606525723219
-0.10566851429364829,0.0344949376864709,-0.277766924484499
-0.10566851429364829,0.03453154992445548,-0.28163825114897484
-0.10566851429364829,0.03456914005098366,-0.2811919945591742
-0.10566851429364829,0.03468238676952534,-0.28082799674415143
-0.10566851429364829,0.034662123895550435,-0.2813493315631677
-0.10566851429364829,0.03481114587338044,-0.27920535258875856
-0.10566851429364829,0.03485722721994765,-0.27947089190866886
-0.10566851429364829,0.03489962712847675,-0.2787995606540511
-0.10566851429364829,0.03483399946418595,-0.28147488825734013
-0.10566851429364829,0.03486073940085734,-0.2811968197528841
-0.10566851429364829,0.034914889287650464,-0.28022659141026773
-0.10566851429364829,0.035155960842865076,-0.2791795382944928
-0.10566851429364829,0.03504372148921524,-0.2814362802654592
-0.10566851429364829,0.0350366330141775,-0.2822829164212898
-0.10566851429364829,0.035145759636556625,-0.2810115386853737
-0.10566851429364829,0.03521148771528132,-0.2814581000096395
-0.10566851429364829,0.03535371406898735,-0.2808092544344617
-0.10566851429364829,0.03573551727634532,-0.27882697705025833
-0.10566851429364829,0.03569242737373973,-0.2814155596761639
-0.10566851429364829,0.03575718721020027,-0.28063623686502187
-0.10566851429364829,0.03567335598650419,-0.2824959775070483
-0.10566851429364829,0.035869193035728546,-0.2810233574665875
-0.10566851429364829,0.03649939579209234,-0.27737503381500905
-0.10566851429364829,0.03642244725639111,-0.28185536348830525
-0.10566851429364829,0.03668257843077688,-0.281239995338677
-0.10566851429364829,0.03689404957930757,-0.2790731293461622
-0.10566851429364829,0.03714888411708622,-0.27741357174505565
-0.10566851429364829,0.03717016656931291,-0.27818574978470506
-0.10566851429364829,0.03737268829677977,-0.2791186513452169
-0.10566851429364829,0.03749489365526239,-0.2776344448675091
-0.10566851429364829,0.037886731099459496,-0.2781200787115712
-0.10566851429364829,0.037856005961746104,-0.28107866718113
-0.10566851429364829,0.03807251373721194,-0.28009946041147205
-0.10566851429364829,0.038547497229221926,-0.2792503544891538
-0.10566851429364829,0.03878385426652001,-0.2809753039653665
-0.10566851429364829,0.038989343677582125,-0.27860875998790513
-0.10566851429364829,0.03912665808905236,-0.2795388505487536
-0.10566851429364829,0.039251845527148305,-0.2786441557189117
-0.10566851429364829,0.03946426261690826,-0.28051008185576143
-0.10566851429364829,0.03994721097128915,-0.2793289249047302
-0.10566851429364829,0.040085848237580206,-0.27716229437523926
-0.10566851429364829,0.04012782116470909,-0.27725567896058606
-0.10566851429364829,0.04008942953035115,-0.2785060749385027
-0.10566851429364829,0.040533382780880534,-0.2779253457447685
-0.10566851429364829,0.04110196461077766,-0.278541618175785
-0.10566851429364829,0.041126226129733684,-0.27889459548144435
-0.10566851429364829,0.041190838868453344,-0.27785989122048804
-0.10566851429364829,0.04148255856310204,-0.27742975127235137
-0.10566851429364829,0.041651972422799256,-0.2802145767165801
-0.10566851429364829,0.04225697370862004,-0.27900932964988123
-0.10566851429364829,0.04237172639834101,-0.27849921819114104
-0.10566851429364829,0.042408999116723474,-0.2779040031657038
-0.10566851429364829,0.04262603082640413,-0.2784525677527626
-0.10566851429364829,0.04279550712653793,-0.2770407549787293
-0.10566851429364829,0.0431000746021371,-0.2770860998326156
-0.10566851429364829,0.043184851091347176,-0.27688901419977446
-0.10566851429364829,0.043013969805287544,-0.28094353319967486
-0.10566851429364829,0.04306449851178221,-0.28059784778435143
-0.10566851429364829,0.04418874630413315,-0.27798668387378717
-0.10566851429364829,0.044427267948685595,-0.2772730339837928
-0.10566851429364829,0.04481253449438108,-0.27848649089274924
-0.10566851429364829,0.044962217902759755,-0.278466619422999
-0.10566851429364829,0.04551672883545657,-0.27762584662586487
-0.10566851429364829,0.04549028454154741,-0.2783677609470151
-0.10566851429364829,0.0456395961886818,-0.27898554580886764
-0.10566851429364829,0.046140265367871164,-0.27792274034459297
-0.10566851429364829,0.04662820435882452,-0.28081041413045826
-0.10566851429364829,0.047042869428961166,-0.2765992298819585
-0.10566851429364829,0.04711009488586228,-0.27681793564354873
-0.10566851429364829,0.04715236629056785,-0.27655661484884647
-0.10566851429364829,0.04734440422100795,-0.2777658418239703
-0.10566851429364829,0.04780758067466466,-0.2779137171409242
-0.10566851429364829,0.047909718498362355,-0.2771068365280575
-0.10566851429364829,0.04833031721391995,-0.2780247832934531
-0.10566851429364829,0.04852177002234321,-0.27887436414243066
-0.10566851429364829,0.048708613624326935,-0.27764015201643427
-0.10566851429364829,0.04891314202516028,-0.27770580518146426
-0.10566851429364829,0.04951289314530878,-0.27795829041535786
-0.10566851429364829,0.04964440192541848,-0.27742259893311366
-0.10566851429364829,0.049719187505024146,-0.2776885533488158
-0.10566851429364829,0.049774240599934225,-0.27879982049259844
-0.10566851429364829,0.049843982401802156,-0.278016174067753
-0.10566851429364829,0.04995987656379314,-0.27686346729590067
-0.10566851429364829,0.05039141090357571,-0.27590068750960167
-0.10566851429364829,0.050413197563952815,-0.2774549153464638
-0.10566851429364829,0.05062359564853762,-0.2763144478038052
-0.10566851429364829,0.05058193375344046,-0.27932865732294926
-0.10566851429364829,0.050770935350190144,-0.27629984466583524
-0.10566851429364829,0.05083078614491716,-0.27649898770577097
-0.10566851429364829,0.050950525797257805,-0.27755882664528825
-0.10566851429364829,0.051016126516086654,-0.27630598236489534
-0.10566851429364829,0.05091823533377419,-0.27939654970160316
-0.10566851429364829,0.0510174564717651,-0.2774576941612398
-0.10566851429364829,0.05130784403601721,-0.2774975429999325
-0.10566851429364829,0.05139723618620823,-0.2773472532315657
-0.10566851429364829,0.05150127909248765,-0.27643577174759276
-0.10566851429364829,0.05152110337373112,-0.27767526685415594
-0.10566851429364829,0.05166275214999844,-0.27682529403124795
-0.10566851429364829,0.05209074184858149,-0.2775780643472861
-0.10566851429364829,0.05229332921696882,-0.27743256749214357
-0.10566851429364829,0.05236049672002689,-0.2772967207966107
-0.10566851429364829,0.05256079231401328,-0.27748390671577
-0.10566851429364829,0.052581739502415625,-0.27745533294555175
-0.10566851429364829,0.05323205879862074,-0.27726769921002703
-0.10566851429364829,0.05347755335937343,-0.27733421626375954
-0.10566851429364829,0.05354982675383921,-0.2773467324100974
-0.10566851429364829,0.05358910946511976,-0.27730578893593244
-0.10566851429364829,0.05372125193124812,-0.2775506996073838
-0.10566851429364829,0.053808504714403925,-0.27751501095322534
-0.10566851429364829,0.05394062283268214,-0.27727504214524923
-0.10566851429364829,0.05399903177874765,-0.27746490247145633
-0.10566851429364829,0.054057975335331104,-0.2774160117725666
-0.10566851429364829,0.05407469430312279,-0.28025770687550566
-0.10566851429364829,0.05444258341514353,-0.27666538919102757
-0.10566851429364829,0.05444757555106956,-0.27727180504330234
-0.10566851429364829,0.0546121392556186,-0.27666079896614254
-0.10566851429364829,0.05484238084009337,-0.2768554112441256
-0.10566851429364829,0.05490912627843426,-0.27610019934344354
-0.10566851429364829,0.05492126629269158,-0.2771635479995332
-0.10566851429364829,0.05517039520604513,-0.27725288554580274
-0.10566851429364829,0.0552491909079626,-0.27718023740282627
-0.10566851429364829,0.05556580832612711,-0.2758215418981823
-0.10566851429364829,0.05596380191264193,-0.27713104138346767
-0.10566851429364829,0.05606406991435324,-0.277260093088515
-0.10566851429364829,0.05607242045009603,-0.27718061050474646
-0.10566851429364829,0.05634186145236215,-0.27711837350870283
-0.10566851429364829,0.05650658087615165,-0.27527684944981545
-0.10566851429364829,0.05688546656062815,-0.2791508027284334
-0.10566851429364829,0.057033343925201554,-0.27682044921393567
-0.10566851429364829,0.05704304460076859,-0.2769125933615019
-0.10566851429364829,0.05768869491273318,-0.27685741378107953
-0.10566851429364829,0.058426932439427134,-0.2772763976678163
-0.10566851429364829,0.058635857716691324,-0.27651574671148527
-0.10566851429364829,0.05926398193955097,-0.2765370096246221
-0.10566851429364829,0.05933010974618591,-0.27806984488639225
-0.10566851429364829,0.06014925446395684,-0.2765614654331432
-0.10566851429364829,0.060323975771675156,-0.27940095969268036
-0.10566851429364829,0.060631299862453567,-0.27405211577759997
-0.10566851429364829,0.060530269044154775,-0.27661870273256844
-0.10566851429364829,0.06044063334779762,-0.2798231764501378
-0.10566851429364829,0.060746045157217474,-0.2761676069733722
-0.10566851429364829,0.06090066035030547,-0.2747978747918827
-0.10566851429364829,0.06102491349482443,-0.2745242629053521
-0.10566851429364829,0.061187297012106484,-0.2772813122024583
-0.10566851429364829,0.061533702103349616,-0.27538249515661706
-0.10566851429364829,0.06225186629393091,-0.27511110972453207
-0.10566851429364829,0.06233245836487171,-0.27557066170747013
-0.10566851429364829,0.06232530023508186,-0.27590692686943175
-0.10566851429364829,0.06256127612581608,-0.27555728046471806
-0.10566851429364829,0.06271091613792285,-0.2762684922531995
-0.10566851429364829,0.06272862009322125,-0.27613985184973916
-0.10566851429364829,0.06277658912116704,-0.2751887603172158
-0.10566851429364829,0.0633897845429851,-0.2774539950082763
-0.10566851429364829,0.06372435698714052,-0.27618655085295585
-0.10566851429364829,0.06540395363634696,-0.27598515626904074
-0.10566851429364829,0.06576861529726247,-0.2757219637557811
-0.10566851429364829,0.06589619226027627,-0.2787236837752621
-0.10566851429364829,0.06679446781007228,-0.2761121505852192
-0.10566851429364829,0.0669377032935338,-0.27696479826388265
-0.10566851429364829,0.06689829910356204,-0.27852982133658327
-0.10566851429364829,0.0671533902566691,-0.2779278894361783
-0.10566851429364829,0.06740009711773927,-0.27582484384309525
-0.10566851429364829,0.0677489291479208,-0.27584652388676845
-0.10566851429364829,0.0679933032076828,-0.2758089927576565
-0.10566851429364829,0.06804201816726765,-0.2757845908693443
-0.10566851429364829,0.06837414723323455,-0.27600716716586426
-0.10566851429364829,0.06844866908315568,-0.27502735911392057
-0.10566851429364829,0.06861559853593281,-0.2763994335828397
-0.10566851429364829,0.06973168009005568,-0.2764256212669816
-0.10566851429364829,0.0698273550714313,-0.27546081196272304
-0.10566851429364829,0.07009151947488575,-0.2729680847837565
-0.10566851429364829,0.0700568636769122,-0.27439327205111746
-0.10566851429364829,0.06995450553795388,-0.27733467754795577
-0.10566851429364829,0.07014835479648178,-0.27386358900260294
-0.10566851429364829,0.06994474368005728,-0.27796670393501277
-0.10566851429364829,0.07038595646374568,-0.27463430114835125
-0.10566851429364829,0.07042546983182445,-0.2757734733780471
-0.10566851429364829,0.07176355359167715,-0.2761358369123175
-0.10566851429364829,0.07178700933030717,-0.27824618374799553
-0.10566851429364829,0.07212593647390968,-0.2751283062495574
-0.10566851429364829,0.0721860219971858,-0.27540774934314943
-0.10566851429364829,0.07232397500633367,-0.27565753059622183
-0.10566851429364829,0.07258935101333112,-0.27593676268386275
-0.10566851429364829,0.07261690360292862,-0.2756401895581386
-0.10566851429364829,0.07274543194584285,-0.2756518354078845
-0.10566851429364829,0.07351733550174962,-0.27540826094071974
-0.10566851429364829,0.07444939095500896,-0.2752501993607391
-0.10566851429364829,0.07474642195629133,-0.2773279681232689
-0.10566851429364829,0.07518487293346826,-0.2727457608201498
-0.10566851429364829,0.07505190764716015,-0.2754769511112299
-0.10566851429364829,0.07564344323070092,-0.2740581032091629
-0.10566851429364829,0.07603658796249804,-0.27703624065679977
-0.10566851429364829,0.07635286012571879,-0.2778345146744976
-0.10566851429364829,0.0768477095955868,-0.2753047661059891
-0.10566851429364829,0.07705362075871651,-0.27490597002492484
-0.10566851429364829,0.07723760649430289,-0.2720231915917475
-0.10566851429364829,0.07714075953194169,-0.27457448812230556
-0.10566851429364829,0.07756849245324518,-0.2749502714842065
-0.10566851429364829,0.07760380282513474,-0.27632407484348626
-0.10566851429364829,0.07802596988646206,-0.2727859704292958
-0.10566851429364829,0.07825536745426412,-0.27509952717823793
-0.10566851429364829,0.07903569952001648,-0.27760737073956226
-0.10566851429364829,0.08040504171622731,-0.2746851573391542
-0.10566851429364829,0.08107989993927932,-0.2747749697171918
-0.10566851429364829,0.08166914608954186,-0.2731958431109828
-0.10566851429364829,0.0815912167317557,-0.27735700052669277
-0.10566851429364829,0.08165705602237461,-0.27735342424800624
-0.10566851429364829,0.08176076200202832,-0.2759668283743407
-0.10566851429364829,0.08193098728072533,-0.2735556593898499
-0.10566851429364829,0.08246435842144266,-0.27800125990673225
-0.10566851429364829,0.08275729816424124,-0.2748022917589236
-0.10566851429364829,0.08310125909904675,-0.27379587489270135
-0.10566851429364829,0.08368260464270266,-0.27433743609247657
-0.10566851429364829,0.08390939755546045,-0.2765694724169509
-0.10566851429364829,0.08416223037184573,-0.27456427138089706
-0.10566851429364829,0.0843770139785621,-0.27460724194364194
-0.10566851429364829,0.0853273994999988,-0.2747805521462408
-0.10566851429364829,0.08522660192469868,-0.2773871528735141
-0.10566851429364829,0.08549967169341086,-0.27403151024806555
-0.10566851429364829,0.08629245909206656,-0.271604720954918
-0.10566851429364829,0.08717230912239488,-0.27756697966354826
-0.10566851429364829,0.08753131280100215,-0.27521386336310877
-0.10566851429364829,0.0875455893612919,-0.278055831987567
-0.10566851429364829,0.08806078027792436,-0.2710326996210618
-0.10566851429364829,0.08807036750594804,-0.2715389253501457
-0.10566851429364829,0.08824215697097305,-0.27394774940234484
-0.10566851429364829,0.08831880476505548,-0.27405748113779715
-0.10566851429364829,0.08823598031015965,-0.2759785155097703
-0.10566851429364829,0.08858804484668106,-0.27656400971890804
-0.10566851429364829,0.08917272326698009,-0.2724335454729216
-0.10566851429364829,0.0890982500071604,-0.27579532719412814
-0.10566851429364829,0.08934886938266055,-0.2738318037365143
-0.10566851429364829,0.08942340159628906,-0.274228619583518
-0.10566851429364829,0.0896294646670655,-0.2772663419640297
-0.10566851429364829,0.09082220151540447,-0.27415473631726806
-0.10566851429364829,0.09089316691132282,-0.2731619688429565
-0.10566851429364829,0.0910159217427542,-0.2749313906680878
-0.10566851429364829,0.0916722918413754,-0.2742059334976717
-0.10566851429364829,0.09223705802310182,-0.2746546519352883
-0.10566851429364829,0.09274208188277021,-0.2733129041961576
-0.10566851429364829,0.0935893630876588,-0.2744299820750484
-0.10566851429364829,0.09373602579174213,-0.27378897360503224
-0.10566851429364829,0.09417667815881411,-0.27757131608959823
-0.10566851429364829,0.09490964993256859,-0.27415487288137164
-0.10566851429364829,0.09501412533607348,-0.2741522828222683
-0.10566851429364829,0.09547063758126137,-0.27398430449678984
-0.10566851429364829,0.09553218882888015,-0.2742648037016511
-0.10566851429364829,0.09549397235026877,-0.2762547913975493
-0.10566851429364829,0.0954644890626466,-0.27768223551822535
-0.10566851429364829,0.09560846254624931,-0.27742043759937796
-0.10566851429364829,0.09633929832815571,-0.2739074229743573
-0.10566851429364829,0.09638214761478117,-0.27706172639178955
-0.10566851429364829,0.0964982995562057,-0.2756343734472918
-0.10566851429364829,0.09686164261211683,-0.2729202653910137
-0.10566851429364829,0.09718491260801666,-0.2741152074805655
-0.10566851429364829,0.09740372546298691,-0.27364621299617126
-0.10566851429364829,0.09746727943980715,-0.27416550357006236
-0.10566851429364829,0.09756589222126243,-0.2740191486983265
-0.10566851429364829,0.09756514121446659,-0.27411868967724823
-0.10566851429364829,0.09769664644156238,-0.2743216732418731
-0.10566851429364829,0.09779086848696246,-0.2736896763243371
-0.10566851429364829,0.09813476162323402,-0.2706461796548968
-0.10566851429364829,0.09800148616715186,-0.2738720329859042
-0.10566851429364829,0.09848807434626726,-0.27280585241890887
-0.10566851429364829,0.09925225786068467,-0.27367182052655725
-0.10566851429364829,0.09957328963224435,-0.27060854209078933
-0.10566851429364829,0.099560138032983,-0.27418837201048757
-0.10566851429364829,0.09959577003718313,-0.27435406256819933
-0.10566851429364829,0.10012418217332704,-0.2700979392287552
-0.10566851429364829,0.10069717198975701,-0.2740213274224205
-0.10566851429364829,0.10104611140155739,-0.27336033306753926
-0.10566851429364829,0.10110825004309289,-0.273107570652558
-0.10566851429364829,0.10168115867792876,-0.2735654358171322
-0.10566851429364829,0.10207925985136483,-0.27406271302246
-0.10566851429364829,0.10287302568949525,-0.27271701899166173
-0.10566851429364829,0.1032362999857559,-0.27321850932565706
-0.10566851429364829,0.10351238530604161,-0.2729010350995101
-0.10566851429364829,0.10457063764875911,-0.27307634574503026
-0.10566851429364829,0.10476422148634308,-0.27372289873308503
-0.10566851429364829,0.10483811563360515,-0.27254582274354683
-0.10566851429364829,0.10494563688187371,-0.27110820841655586
-0.10566851429364829,0.10551087824791709,-0.2738364733359824
-0.10566851429364829,0.10564682342502596,-0.2731973033856304
-0.10566851429364829,0.1056311415656241,-0.2736622788301571
-0.10566851429364829,0.1057127237374165,-0.2730449340972336
-0.10566851429364829,0.1057614974642813,-0.27505165414143007
-0.10566851429364829,0.10588366027901297,-0.2731175529420038
-0.10566851429364829,0.10597523016273486,-0.2766980005435742
-0.10566851429364829,0.10634848624666457,-0.2766983421676144
-0.10566851429364829,0.10678261220116753,-0.2728351673999943
-0.10566851429364829,0.10717073809053607,-0.2735268827498209
-0.10566851429364829,0.10724311315825363,-0.27251546865772686
-0.10566851429364829,0.1073931861889598,-0.2764167096382358
-0.10566851429364829,0.10765195003606023,-0.27319330372374473
-0.10566851429364829,0.10761447152333137,-0.2750581430057377
-0.10566851429364829,0.10770677861070997,-0.2735721753728116
-0.10566851429364829,0.10832395374721944,-0.2735133512531786
-0.10566851429364829,0.10831862717117038,-0.27369209286247737
-0.10566851429364829,0.10872982762314704,-0.2735934320640401
-0.10566851429364829,0.10919450617608789,-0.2729328199832019
-0.10566851429364829,0.10944645808024353,-0.27349341826582924
-0.10566851429364829,0.10968749035896236,-0.27334000974852424
-0.10566851429364829,0.11020691983528222,-0.27244535343752313
-0.10566851429364829,0.11060653845754216,-0.2727171440110361
-0.10566851429364829,0.11101129088615093,-0.2732400795932217
-0.10566851429364829,0.11109398742972061,-0.2739069122731065
-0.10566851429364829,0.1114515244555284,-0.27405763977003356
-0.10566851429364829,0.11191451487289103,-0.27276335804820717
-0.10566851429364829,0.11193898048420516,-0.2741169396609124
-0.10566851429364829,0.11218829456696713,-0.27365725829492965
-0.10566851429364829,0.11275797057321686,-0.27382162116332665
-0.10566851429364829,0.11337232297431057,-0.26936429228497033
-0.10566851429364829,0.1136772253982051,-0.26985022973831696
-0.10566851429364829,0.11383577972790374,-0.2731920026334603
-0.10566851429364829,0.11397255517784201,-0.27221805198298316
-0.10566851429364829,0.11400289659595966,-0.27386148326551485
-0.10566851429364829,0.11404387044400036,-0.2739656545898447
-0.10566851429364829,0.11417420180906751,-0.2727512498427678
-0.10566851429364829,0.11439787920616518,-0.27386224829152805
-0.10566851429364829,0.11446274822483385,-0.27394083404235126
-0.10566851429364829,0.11468939283470299,-0.2697114335999695
-0.10566851429364829,0.11464035554273658,-0.2741093081275029
-0.10566851429364829,0.11502091789116815,-0.2740227412322821
-0.10566851429364829,0.11508679271911885,-0.27381822099768377
-0.10566851429364829,0.11512682207079282,-0.2738856481905889
-0.10566851429364829,0.11515900837642268,-0.27400480226980595
-0.10566851429364829,0.11526140601818248,-0.27325020309475884
-0.10566851429364829,0.11551506125798182,-0.2740130852798285
-0.10566851429364829,0.11560978750080039,-0.27354288899241763
-0.10566851429364829,0.11569986244900815,-0.2718168159036836
-0.10566851429364829,0.1156186496212827,-0.27378367243686264
-0.10566851429364829,0.1157008405757114,-0.27259019000521395
-0.10566851429364829,0.11563002432956385,-0.27404918237969395
-0.10566851429364829,0.11603632943760316,-0.2724125048730803
-0.10566851429364829,0.11616499222621682,-0.2722287639661413
-0.10566851429364829,0.11599249192952156,-0.276433792908098
-0.10566851429364829,0.11628041154249506,-0.27247258731361373
-0.10566851429364829,0.11634357824492249,-0.27328567154006395
-0.10566851429364829,0.11635329331184414,-0.27355877534070994
-0.10566851429364829,0.11636584957605982,-0.27334369210934684
-0.10566851429364829,0.11637853976913172,-0.27341150519958296
-0.10566851429364829,0.11642408298131937,-0.2742222021026194
-0.10566851429364829,0.11650277149934447,-0.27406479342374407
-0.10566851429364829,0.11652349548083964,-0.27410541789042175
-0.10566851429364829,0.11643444967439402,-0.2761409194572624
-0.10566851429364829,0.11656189421303441,-0.27361590411284725
-0.10566851429364829,0.11672110455616447,-0.27268195848434074
-0.10566851429364829,0.11676581095814971,-0.272825124899795
-0.10566851429364829,0.11685455936824385,-0.2721989668875693
-0.10566851429364829,0.11682014811906309,-0.27493814341349193
-0.10566851429364829,0.11706893765021735,-0.2741923208893184
-0.10566851429364829,0.11727922251651823,-0.2727741918890849
-0.10566851429364829,0.11747125853029444,-0.2721434327377934
-0.10566851429364829,0.11749408332523538,-0.2724962404394145
-0.10566851429364829,0.11744812279960228,-0.27386501969942695
-0.10566851429364829,0.11749314952936948,-0.2735882696184354
-0.10566851429364829,0.11740242899220549,-0.27608461037572246
-0.10566851429364829,0.11755885168476916,-0.2736743391356111
-0.10566851429364829,0.1176896508869539,-0.2732429014190466
-0.10566851429364829,0.1177607732785393,-0.27324813141416
-0.10566851429364829,0.11792639855226406,-0.274044422179647
-0.10566851429364829,0.11804120532374746,-0.27235796781406846
-0.10566851429364829,0.11830025508415211,-0.27220941698847095
-0.10566851429364829,0.11863074594951079,-0.27327386297656053
-0.10566851429364829,0.118673414423656,-0.27445153929624755
-0.10566851429364829,0.1187792362642848,-0.2724445898323829
-0.10566851429364829,0.11875114958362672,-0.27323939555947485
-0.10566851429364829,0.11876732249458828,-0.2730957839576731
-0.10566851429364829,0.11902858516221881,-0.27409687733255184
-0.10566851429364829,0.11911873007385258,-0.27369893874425233
-0.10566851429364829,0.11915718570774314,-0.273580689330392
-0.10566851429364829,0.11939212616725942,-0.2726354745840159
-0.10566851429364829,0.11950153209157062,-0.2720974279159844
-0.10566851429364829,0.119532844591232,-0.272642832897932
-0.10566851429364829,0.12083955730630845,-0.27300527093568283
-0.10566851429364829,0.1209613521196406,-0.2734577426322691
-0.10566851429364829,0.12120276554497253,-0.2732769397979861
-0.10566851429364829,0.12137327218765492,-0.27172689453926246
-0.10566851429364829,0.12188376437465545,-0.2726085486613936
-0.10566851429364829,0.12199735236048755,-0.27276158392626276
-0.10566851429364829,0.12230730190599831,-0.2728070327484358
-0.10566851429364829,0.12245946247953945,-0.2720860090093202
-0.10566851429364829,0.12265750176688703,-0.27317079125773325
-0.10566851429364829,0.12318515651706637,-0.27386315113547444
-0.10566851429364829,0.12336470640506116,-0.27164262489168656
-0.10566851429364829,0.12391239279716296,-0.2732002544378841
-0.10566851429364829,0.12424102881070831,-0.272404507917535
-0.10566851429364829,0.12434734184904501,-0.2725392436361475
-0.10566851429364829,0.1245364500831049,-0.2724572592500783
-0.10566851429364829,0.12474308988599273,-0.27063834095314415
-0.10566851429364829,0.12484201256019038,-0.27171197845995537
-0.10566851429364829,0.12479378711641308,-0.27400033741160745
-0.10566851429364829,0.12565034409435316,-0.27260597864190333
-0.10566851429364829,0.12619035580636423,-0.26942398611526924
-0.10566851429364829,0.12623292984267598,-0.27425257740843245
-0.10566851429364829,0.12630658881920964,-0.27612482156893764
-0.10566851429364829,0.1265131448302761,-0.273249004848542
-0.10566851429364829,0.12653939313084142,-0.2759207389297346
-0.10566851429364829,0.12664233977293293,-0.2761954177514892
-0.10566851429364829,0.12708218699156618,-0.2689758731813183
-0.10566851429364829,0.12707853368074665,-0.27333961678483637
-0.10566851429364829,0.12720687022779753,-0.2735014784758687
-0.10566851429364829,0.12776266138472844,-0.2714171161177047
-0.10566851429364829,0.1277109270408846,-0.27327882004716547
-0.10566851429364829,0.12777952995863648,-0.273280015942614
-0.10566851429364829,0.12783446043976407,-0.2730552270632832
-0.10566851429364829,0.12815400445361444,-0.27448018906974264
-0.10566851429364829,0.1288364697613417,-0.2729686300234539
-0.10566851429364829,0.12896438197483645,-0.2727468865054944
-0.10566851429364829,0.12925729424872107,-0.27068644037610845
-0.10566851429364829,0.1295777559958653,-0.2734652473494791
-0.10566851429364829,0.12961983748363254,-0.27347416347947
-0.10566851429364829,0.13008698864174267,-0.26956333919496533
-0.10566851429364829,0.13031102717497858,-0.27347389692196733
-0.10566851429364829,0.13091185040185735,-0.2734620646206873
-0.10566851429364829,0.1310390201707067,-0.27231815985207736
-0.10566851429364829,0.13151040220702065,-0.27435949017637845
-0.10566851429364829,0.1316836940979776,-0.2723489509177814
-0.10566851429364829,0.13192037381033792,-0.27146360547805104
-0.10566851429364829,0.1319792770245812,-0.2710318573824112
-0.10566851429364829,0.132437325560605,-0.2707901199466706
-0.10566851429364829,0.13228233999424582,-0.27418073686786726
-0.10566851429364829,0.13261406661656366,-0.2721669947930789
-0.10566851429364829,0.13323313023767783,-0.27566994452900645
-0.10566851429364829,0.1335383935303411,-0.27571552217424716
-0.10566851429364829,0.13386945493359115,-0.2741633224235052
-0.10566851429364829,0.13418841495901138,-0.27177890252502257
-0.10566851429364829,0.1344564283355865,-0.2757448154803187
-0.10566851429364829,0.13480906195694448,-0.27251045151787173
-0.10566851429364829,0.13496517958095164,-0.27470062053922895
-0.10566851429364829,0.13514717290709083,-0.2734369702908341
-0.10566851429364829,0.13519045628409926,-0.2733187738427573
-0.10566851429364829,0.13536684208967004,-0.2742842439869604
-0.10566851429364829,0.13686002438783657,-0.2700707972652477
-0.10566851429364829,0.13688576635583816,-0.2711993587373996
-0.10566851429364829,0.13691511069540774,-0.2710761531946079
-0.10566851429364829,0.13687625451159655,-0.27235759283338645
-0.10566851429364829,0.13703631877331166,-0.2717184803105847
-0.10566851429364829,0.13722285488035954,-0.27067279354893303
-0.10566851429364829,0.13733094812844232,-0.27257056340942
-0.10566851429364829,0.13729385755098894,-0.2737139287000447
-0.10566851429364829,0.13756303276585813,-0.27009136446306453
-0.10566851429364829,0.13736266859784865,-0.2749201333242669
-0.10566851429364829,0.13821557740787804,-0.27307012104190403
-0.10566851429364829,0.13825892942791168,-0.2727339949825608
-0.10566851429364829,0.13830985932795115,-0.2736784370395867
-0.10566851429364829,0.13842656276472481,-0.27313327423076317
-0.10566851429364829,0.13885021483820037,-0.27312604250928807
-0.10566851429364829,0.13897885493286521,-0.27308904758433983
-0.10566851429364829,0.13911046668299715,-0.2742433696762725
-0.10566851429364829,0.1396475905775969,-0.2744009528742671
-0.10566851429364829,0.13972315367192725,-0.2751830038122209
-0.10566851429364829,0.14013440091474197,-0.2716147474402689
-0.10566851429364829,0.14000615023760968,-0.27523740645778155
-0.10566851429364829,0.14011758507411975,-0.274650777028842
-0.10566851429364829,0.14015146968344344,-0.27419689582087586
-0.10566851429364829,0.1405597593550304,-0.27171590696612496
-0.10566851429364829,0.14082719929430543,-0.26893492089353555
-0.10566851429364829,0.14067063342611905,-0.27352116266544096
-0.10566851429364829,0.1407641455007742,-0.2720452258880858
-0.10566851429364829,0.14121589365601442,-0.2692896746762999
-0.10566851429364829,0.14123584822682342,-0.2746690026626967
-0.10566851429364829,0.14143457473330776,-0.27385667022070154
-0.10566851429364829,0.1414406572259695,-0.27444354476070504
-0.10566851429364829,0.14176875872322545,-0.2702096728677812
-0.10566851429364829,0.14186263852051545,-0.27078741388963723
-0.10566851429364829,0.14190601863133173,-0.27322497826874353
-0.10566851429364829,0.1419448088044267,-0.27416516050052403
-0.10566851429364829,0.1420180321712822,-0.27324426210796476
-0.10566851429364829,0.1419864859482819,-0.27393218477404674
-0.10566851429364829,0.14195564284976253,-0.27466556972795486
-0.10566851429364829,0.1421903293586162,-0.27031160624972433
-0.10566851429364829,0.14205551542562356,-0.2751231976132063
-0.10566851429364829,0.14221879265125287,-0.27262477771911986
-0.10566851429364829,0.14217622766876664,-0.2738561570089328
-0.10566851429364829,0.1421828815834268,-0.27428004973231535
-0.10566851429364829,0.1429025443845966,-0.27370079524717483
-0.10566851429364829,0.143439461555336,-0.27242776168059374
-0.10566851429364829,0.14375748344605144,-0.2695869066062401
-0.10566851429364829,0.1437105156148587,-0.27163272581562925
-0.10566851429364829,0.14392644468883245,-0.27144196921940245
-0.10566851429364829,0.14389911413000425,-0.2738581850803469
-0.10566851429364829,0.14389603784215071,-0.2751068218229663
-0.10566851429364829,0.14402051362045498,-0.27323530564822973
-0.10566851429364829,0.14404047140697468,-0.27312601739112136
-0.10566851429364829,0.14427657006861588,-0.27308645431819434
-0.10566851429364829,0.1445683285465181,-0.2707507441990064
-0.10566851429364829,0.14468741964043308,-0.2730763567347198
-0.10566851429364829,0.1450712598397197,-0.2731679017498291
-0.10566851429364829,0.14524306201038045,-0.27015325437879767
-0.10566851429364829,0.14527107651746307,-0.2716734800517435
-0.10566851429364829,0.1451593301894098,-0.274592068316948
-0.10566851429364829,0.14602577984420448,-0.26973119850807736
-0.10566851429364829,0.14627232985272826,-0.27276734473085096
-0.10566851429364829,0.14617047297744634,-0.27482432278641594
-0.10566851429364829,0.14631969591726884,-0.27189243906616717
-0.10566851429364829,0.14627868443158373,-0.273682356338444
-0.10566851429364829,0.14641004052653683,-0.27152334585170257
-0.10566851429364829,0.14646918389728683,-0.2733606732244463
-0.10566851429364829,0.1466266410212345,-0.2732752775177282
-0.10566851429364829,0.14668569700366707,-0.27215189097778864
-0.10566851429364829,0.14674094498843795,-0.27444224656665117
-0.10566851429364829,0.14691922127506327,-0.27224018061301514
-0.10566851429364829,0.1468960254905884,-0.2750154914638448
-0.10566851429364829,0.1471368212441088,-0.27134199710140017
-0.10566851429364829,0.1470909664712936,-0.27337224251253545
-0.10566851429364829,0.14745167036931567,-0.27052790794174064
-0.10566851429364829,0.1474303357131374,-0.273750522515898
-0.10566851429364829,0.14770254865278132,-0.2717430600863732
-0.10566851429364829,0.14821814401651365,-0.27253335935556766
-0.10566851429364829,0.1483836386838771,-0.271512705512281
-0.10566851429364829,0.14881444688478682,-0.2699587276088119
-0.10566851429364829,0.14874398324916957,-0.271851419569513
-0.10566851429364829,0.14876652379538646,-0.27297186552840835
-0.10566851429364829,0.149036103641292,-0.27156840100013185
-0.10566851429364829,0.14901406265346295,-0.27419858101068306
-0.10566851429364829,0.14934978680257688,-0.2738622648699352
-0.10566851429364829,0.1497981931786348,-0.27210504431150684
-0.10566851429364829,0.14985909861678243,-0.2734806865226008
-0.10566851429364829,0.1499947221249459,-0.27342892812194364
-0.10566851429364829,0.15011916716137202,-0.27103387069357615
-0.10566851429364829,0.15017866542976246,-0.27386787440410704
-0.10566851429364829,0.1501373790655342,-0.27509779543725255
-0.10566851429364829,0.15047228043300948,-0.2722347820862932
-0.10566851429364829,0.15061609554877697,-0.274729530439414
-0.10566851429364829,0.1507173339759743,-0.2734155982505061
-0.10566851429364829,0.15088969455787857,-0.2715251548351051
-0.10566851429364829,0.1515379744284191,-0.2711514513475437
-0.10566851429364829,0.15198719540167996,-0.2715824415097538
-0.10566851429364829,0.15217130346604793,-0.27129242058175046
-0.10566851429364829,0.15220929289818114,-0.27131989236460535
-0.10566851429364829,0.15231737500394835,-0.2722169761677047
-0.10566851429364829,0.15245861501364327,-0.2707208717202364
-0.10566851429364829,0.15239750910453126,-0.27447090816729114
-0.10566851429364829,0.15249618841633272,-0.27425742650278734
-0.10566851429364829,0.1527558494339702,-0.26966696232761733
-0.10566851429364829,0.1525726023139958,-0.27538784559218793
-0.10566851429364829,0.15267569428073247,-0.27365034326629617
-0.10566851429364829,0.15285529971424774,-0.27178311570531494
-0.10566851429364829,0.15335017192688316,-0.2717444674314046
-0.10566851429364829,0.15352967828771005,-0.271525078430487
-0.10566851429364829,0.15400715062026765,-0.26924758472860977
-0.10566851429364829,0.15388763423922175,-0.2725857530960035
-0.10566851429364829,0.1539263386631611,-0.27255119285580487
-0.10566851429364829,0.15408446925415598,-0.2695305656950241
-0.10566851429364829,0.15407799691373072,-0.27079842852856484
-0.10566851429364829,0.15420224463139517,-0.26998376588710893
-0.10566851429364829,0.15401090603727663,-0.2742291072261811
-0.10566851429364829,0.15416217457211082,-0.27427343195787524
-0.10566851429364829,0.15445734008779655,-0.2729863010503202
-0.10566851429364829,0.1545477543425605,-0.27284207269018235
-0.10566851429364829,0.1545254693523652,-0.27424333161226366
-0.10566851429364829,0.1548814524490234,-0.2726403522014085
-0.10566851429364829,0.15504666349939678,-0.2715081902914079
-0.10566851429364829,0.15500454021368099,-0.2730968992836794
-0.10566851429364829,0.15533678542772986,-0.2714473117868787
-0.10566851429364829,0.15571299971253186,-0.2702496991269766
-0.10566851429364829,0.15590148944500973,-0.2716079721990598
-0.10566851429364829,0.15603972248159065,-0.27214247217123155
-0.10566851429364829,0.15608264026897156,-0.27245676040713335
-0.10566851429364829,0.1561900854152876,-0.2746950215476913
-0.10566851429364829,0.15648543449652563,-0.26939490837423613
-0.10566851429364829,0.15649619790620992,-0.27425704335314893
-0.10566851429364829,0.15688542621486465,-0.274341631544925
-0.10566851429364829,0.15731850991714486,-0.27071455904619257
-0.10566851429364829,0.15762721372523414,-0.2728003372423786
-0.10566851429364829,0.15761534319275808,-0.2746694717144931
-0.10566851429364829,0.158095048071522,-0.2715236472781398
-0.10566851429364829,0.15798566435397096,-0.27371713515039103
-0.10566851429364829,0.15847308705415072,-0.27216285744402524
-0.10566851429364829,0.15851900400229899,-0.2716619937892538
-0.10566851429364829,0.15937891029914297,-0.27015086799592086
-0.10566851429364829,0.15946531912519776,-0.2738067591811854
-0.10566851429364829,0.15961922239985826,-0.27423923363349606
-0.10566851429364829,0.15970892091243763,-0.27310440719246665
-0.10566851429364829,0.15988125897948585,-0.27004389210961466
-0.10566851429364829,0.15980479281704302,-0.2741029058567038
-0.10566851429364829,0.15993586619276062,-0.2722236114276434
-0.10566851429364829,0.16033594788096792,-0.2702045046002812
-0.10566851429364829,0.16038943375734635,-0.2733361753482739
-0.10566851429364829,0.16041283845928248,-0.2734220441435146
-0.10566851429364829,0.16052693396995837,-0.2734701583826612
-0.10566851429364829,0.16077260771448498,-0.2690498942131668
-0.10566851429364829,0.16090015143345174,-0.27342372636438117
-0.10566851429364829,0.1612543885171946,-0.27159239146486003
-0.10566851429364829,0.16147455633698504,-0.2688472976495467
-0.10566851429364829,0.16162696648271496,-0.2726759690299929
-0.10566851429364829,0.16175445890950058,-0.27209557922088334
-0.10566851429364829,0.16197699052023976,-0.2708636828113961
-0.10566851429364829,0.16194630625161704,-0.27185378830747287
-0.10566851429364829,0.16180555198734312,-0.27670418768677535
-0.10566851429364829,0.16196775987631648,-0.27669850696180787
-0.10566851429364829,0.16222483965085982,-0.27417637241246345
-0.10566851429364829,0.16246665385105266,-0.27165308883157085
-0.10566851429364829,0.16247091736996405,-0.27197674427013896
-0.10566851429364829,0.1627473954670187,-0.2703084787320563
-0.10566851429364829,0.16284448980791572,-0.2695210634215716
-0.10566851429364829,0.16249817378497125,-0.2769246656407608
-0.10566851429364829,0.16294456959104123,-0.2728047734998209
-0.10566851429364829,0.16317822718282088,-0.2728866916875899
-0.10566851429364829,0.16336601371223217,-0.26918515276475463
-0.10566851429364829,0.163460840952158,-0.2767184931744827
-0.10566851429364829,0.16370463719440043,-0.2719540050614655
-0.10566851429364829,0.16368904721302735,-0.27425901627751764
-0.10566851429364829,0.1638809119708592,-0.2719593694794953
-0.10566851429364829,0.16427182790945102,-0.2733671787032776
-0.10566851429364829,0.1644144020061361,-0.2719921457691174
-0.10566851429364829,0.16455880238682893,-0.2730454395801423
-0.10566851429364829,0.1647562281987098,-0.26995832369528694
-0.10566851429364829,0.16510145492628187,-0.27174134781548503
-0.10566851429364829,0.1651701398940451,-0.2719612693944914
-0.10566851429364829,0.16555958363277176,-0.2695846085588359
-0.10566851429364829,0.16563943450833207,-0.2716790302649802
-0.10566851429364829,0.165420484798326,-0.2768069322953971
-0.10566851429364829,0.16544308497683896,-0.2767563238800171
-0.10566851429364829,0.16673535474370815,-0.26924136388948494
-0.10566851429364829,0.16662171756205843,-0.2736385232700482
-0.10566851429364829,0.16667165402164946,-0.27275968343686396
-0.10566851429364829,0.1667300779171337,-0.2716655708431066
-0.10566851429364829,0.16693426741562545,-0.27220552412907256
-0.10566851429364829,0.166909928438926,-0.2728356391852194
-0.10566851429364829,0.1670522386326253,-0.27166967065204334
-0.10566851429364829,0.16772250374016104,-0.2764991549164777
-0.10566851429364829,0.1677637601361676,-0.27655556664623293
-0.10566851429364829,0.16791328061674377,-0.2736930280397456
-0.10566851429364829,0.16831122602156362,-0.272908008981575
-0.10566851429364829,0.16850748704722995,-0.2702101499566601
-0.10566851429364829,0.1684497785242282,-0.2727965565630375
-0.10566851429364829,0.16838014814817587,-0.276505604957672
-0.10566851429364829,0.1687936643627313,-0.27239167859802127
-0.10566851429364829,0.16885006872065417,-0.2713296683741889
-0.10566851429364829,0.1689249328347095,-0.2765991832239118
-0.10566851429364829,0.16901129041805446,-0.276274583455595
-0.10566851429364829,0.16965041253840685,-0.27335698769975714
-0.10566851429364829,0.1697817203073382,-0.27175194906278394
-0.10566851429364829,0.16959843801316754,-0.27620941412078087
-0.10566851429364829,0.17028280404075502,-0.2685376665612939
-0.10566851429364829,0.17001597655765652,-0.2758881744796165
-0.10566851429364829,0.17023122895876044,-0.27284961267578806
-0.10566851429364829,0.17039952178335788,-0.2704042951886193
-0.10566851429364829,0.17077433536253733,-0.26841449462914324
-0.10566851429364829,0.17048700518913326,-0.27612434278408476
-0.10566851429364829,0.17092096248167707,-0.2693523869232671
-0.10566851429364829,0.17078311407071012,-0.2723311212132138
-0.10566851429364829,0.17118486133451072,-0.2707535001108455
-0.10566851429364829,0.1711387585465475,-0.2716885966634909
-0.10566851429364829,0.17144617443570476,-0.2697484557868607
-0.10566851429364829,0.17209850364287607,-0.27220554469077274
-0.10566851429364829,0.172272525902053,-0.2760953365700939
-0.10566851429364829,0.17250211673473176,-0.2724915676782979
-0.10566851429364829,0.17272674121357734,-0.270661593687535
-0.10566851429364829,0.1730058868422112,-0.26835490587422417
-0.10566851429364829,0.1729808531596666,-0.2715653076373939
-0.10566851429364829,0.17329071518246744,-0.27246269958597324
-0.10566851429364829,0.17331853602766809,-0.2726386127446744
-0.10566851429364829,0.17354275816006437,-0.27171592996676874
-0.10566851429364829,0.1734838719404173,-0.2763216719877694
-0.10566851429364829,0.17399178544277502,-0.27278107986191397
-0.10566851429364829,0.17416407856107752,-0.27426949125805067
-0.10566851429364829,0.17452617682803773,-0.27206659182334836
-0.10566851429364829,0.1747881108173726,-0.27069810124776217
-0.10566851429364829,0.17478616745438452,-0.27279742830117465
-0.10566851429364829,0.17475923109900537,-0.27553089078643683
-0.10566851429364829,0.17509296362266377,-0.2730154413101095
-0.10566851429364829,0.17518369270498185,-0.2717020850560052
-0.10566851429364829,0.1755036267786642,-0.27161303971723433
-0.10566851429364829,0.17537630335587578,-0.2759089465893811
-0.10566851429364829,0.17564066112830876,-0.27093141178117636
-0.10566851429364829,0.17548683106797014,-0.2755317129147905
-0.10566851429364829,0.17586920602007272,-0.2710247496945281
-0.10566851429364829,0.17566803381938056,-0.27581024129763304
-0.10566851429364829,0.17569198277143014,-0.2755786916179967
-0.10566851429364829,0.17635423267190653,-0.2723049354433967
-0.10566851429364829,0.17657900135810617,-0.2715361686234868
-0.10566851429364829,0.17667528509526706,-0.2735276061075191
-0.10566851429364829,0.17717463121986204,-0.27012502697857704
-0.10566851429364829,0.17716916463389917,-0.27396578639626396
-0.10566851429364829,0.17768217068855693,-0.27144887056697253
-0.10566851429364829,0.1778665428328373,-0.2715417814401696
-0.10566851429364829,0.17803623373032232,-0.26876821289454683
-0.10566851429364829,0.17801875053285587,-0.27079333368567177
-0.10566851429364829,0.1780114882261118,-0.2726339115456438
-0.10566851429364829,0.17833501758103995,-0.2683292010034664
-0.10566851429364829,0.17849618771232387,-0.2717549253344991
-0.10566851429364829,0.17905208809880563,-0.2694044677745254
-0.10566851429364829,0.1791208839885708,-0.2720530389088218
-0.10566851429364829,0.1791091519179314,-0.2758048229788688
-0.10566851429364829,0.17918395063876666,-0.27526720227054846
-0.10566851429364829,0.17962157377358245,-0.27147694477842765
-0.10566851429364829,0.1799541656659527,-0.27295034824914016
-0.10566851429364829,0.18036147809448402,-0.26814976544971303
-0.10566851429364829,0.18012360770375915,-0.27515482081130715
-0.10566851429364829,0.18049046175995845,-0.26829905717346897
-0.10566851429364829,0.1803497241640928,-0.27155091885902793
-0.10566851429364829,0.18054013849586392,-0.2724821181653834
-0.10566851429364829,0.18056169869518687,-0.27602925337546685
-0.10566851429364829,0.1808268723236335,-0.27341759966868256
-0.10566851429364829,0.18093345378642237,-0.27289462136817466
-0.10566851429364829,0.18099362393867824,-0.27251654930259833
-0.10566851429364829,0.180839240297787,-0.27570131070766685
-0.10566851429364829,0.18126504640575997,-0.27132385590333713
-0.10566851429364829,0.181516009756999,-0.27139736568424044
-0.10566851429364829,0.1816003196255984,-0.27166464263214524
-0.10566851429364829,0.1818615581216937,-0.27325627684246406
-0.10566851429364829,0.18179216818227928,-0.27532561505099834
-0.10566851429364829,0.1819230062945028,-0.27300048241438657
-0.10566851429364829,0.18221663260119866,-0.27010984493897966
-0.10566851429364829,0.1823231315605473,-0.273629328141827
-0.10566851429364829,0.18262341639901952,-0.27105925761610267
-0.10566851429364829,0.18257552942346614,-0.27252757181483866
-0.10566851429364829,0.1827081585638547,-0.27181884630671643
-0.10566851429364829,0.18299072960002388,-0.2710109622965476
-0.10566851429364829,0.18301258377621277,-0.2729087070265074
-0.10566851429364829,0.18311101878390293,-0.27220411398896566
-0.10566851429364829,0.18336743111029638,-0.27347219465287614
-0.10566851429364829,0.18342804768123958,-0.2723614498247019
-0.10566851429364829,0.18335706384289308,-0.27511413130446477
-0.10566851429364829,0.18357467651933623,-0.2752307992999791
-0.10566851429364829,0.1844667238971574,-0.27421844104374865
-0.10566851429364829,0.18457993289856123,-0.2734270715375603
-0.10566851429364829,0.18516527602304972,-0.272278094848657
-0.10566851429364829,0.18513643539204194,-0.27356156460099434
-0.10566851429364829,0.18527896286197804,-0.27172422125484474
-0.10566851429364829,0.1852517389920471,-0.27493511722747976
-0.10566851429364829,0.18532110250050116,-0.2737507294235326
-0.10566851429364829,0.185446518211404,-0.2716401939824833
-0.10566851429364829,0.18573760961220062,-0.2724863982743843
-0.10566851429364829,0.18570974752835634,-0.2747709884428874
-0.10566851429364829,0.18596505236198282,-0.2725449368945286
-0.10566851429364829,0.18633678859637273,-0.27240433183791973
-0.10566851429364829,0.18635899489152744,-0.2721419601026579
-0.10566851429364829,0.18630606381607306,-0.27368222010857407
-0.10566851429364829,0.18638331209647968,-0.27214404626522504
-0.10566851429364829,0.18644786792746454,-0.2723466938348779
-0.10566851429364829,0.18651683711117706,-0.2732117179952364
-0.10566851429364829,0.18663218623408168,-0.27158375426965
-0.10566851429364829,0.18666165247800634,-0.27397489202474273
-0.10566851429364829,0.18704580571115936,-0.2732054165832821
-0.10566851429364829,0.1871970702587442,-0.2738073718023812
-0.10566851429364829,0.18736815090139533,-0.2725873104065283
-0.10566851429364829,0.18734533512968674,-0.27337385374914974
-0.10566851429364829,0.18735615385614823,-0.2732802406236534
-0.10566851429364829,0.18750939404986988,-0.27265138318176285
-0.10566851429364829,0.18756440203221253,-0.27183159533308715
-0.10566851429364829,0.1874986402495999,-0.27328626069277573
-0.10566851429364829,0.1878152709126313,-0.2721784548660381
-0.10566851429364829,0.1878223085458715,-0.2732782360119697
-0.10566851429364829,0.18790189871124735,-0.2734858778542134
-0.10566851429364829,0.18798745833283512,-0.2730214568189303
-0.10566851429364829,0.18800597360431887,-0.27282601412044605
-0.10566851429364829,0.18810637250688889,-0.2738889949151394
-0.10566851429364829,0.1881542005260849,-0.27350138967305265
-0.10566851429364829,0.18827598228981265,-0.2738223848493575
-0.10566851429364829,0.18827083655408464,-0.2746155783280566
-0.10566851429364829,0.18855856976114208,-0.2729766340337983
-0.10566851429364829,0.18880304790681046,-0.27362275404719266
-0.10566851429364829,0.18891836827429223,-0.2732311250749547
-0.10566851429364829,0.18898441835531726,-0.2727646790964037
-0.10566851429364829,0.18908270502520758,-0.2715814334664606
-0.10566851429364829,0.1891873726154422,-0.27048440702351706
-0.10566851429364829,0.18912926711173358,-0.27193031040638826
-0.10566851429364829,0.18926002974229994,-0.27171895221507536
-0.10566851429364829,0.18930980122492735,-0.2737209462541568
-0.10566851429364829,0.1893320625450705,-0.2734105768907261
-0.10566851429364829,0.18962675958064318,-0.26820564898935756
-0.10566851429364829,0.1897773987687735,-0.26826832095875214
-0.10566851429364829,0.1898372874254396,-0.2680327498982191
-0.10566851429364829,0.1899417796664321,-0.26933539045994137
-0.10566851429364829,0.1897743664865574,-0.27386526425954044
-0.10566851429364829,0.1900600345464532,-0.26854502891522986
-0.10566851429364829,0.18974071264690232,-0.2750338778914851
-0.10566851429364829,0.18994626739961643,-0.27194988159561945
-0.10566851429364829,0.1901376463034299,-0.27267038008866196
-0.10566851429364829,0.19012849473088783,-0.2740559799845544
-0.10566851429364829,0.19040984641780753,-0.27163986615765257
-0.10566851429364829,0.19037992369287307,-0.2746088892668012
-0.10566851429364829,0.19054844382684474,-0.2740955835368768
-0.10566851429364829,0.1907147311656664,-0.2741242245051434
-0.10566851429364829,0.19086948523356587,-0.27207480144895185
-0.10566851429364829,0.19081613532351954,-0.2748364705851437
-0.10566851429364829,0.19100695193297362,-0.27368637218221475
-0.10566851429364829,0.1910900898632762,-0.2727126793702925
-0.10566851429364829,0.19163820536071166,-0.27454929651842064
-0.10566851429364829,0.19274998290403428,-0.2747888929334696
-0.10566851429364829,0.1929968984037134,-0.27195874696115535
-0.10566851429364829,0.193088591200122,-0.2743980714240118
-0.10566851429364829,0.19330473248289973,-0.2723291356806175
-0.10566851429364829,0.1934399917623106,-0.27451585209726664
-0.10566851429364829,0.19365169262995863,-0.2723819284654272
-0.10566851429364829,0.19398834698195,-0.2740322482765426
-0.10566851429364829,0.19402134474816182,-0.2741547181490319
-0.10566851429364829,0.19414726644285052,-0.2718740364688721
-0.10566851429364829,0.19408762392952866,-0.27438880371059604
-0.10566851429364829,0.1945186424246795,-0.2749345461817325
-0.10566851429364829,0.1947253409941606,-0.27131500828400457
-0.10566851429364829,0.19468235762053326,-0.2725344352227693
-0.10566851429364829,0.19485385596801957,-0.27249564495794626
-0.10566851429364829,0.1949943651803106,-0.27194417777515084
-0.10566851429364829,0.19506794872661704,-0.27512279369011966
-0.10566851429364829,0.19521063118806828,-0.27393420789193007
-0.10566851429364829,0.19519521939966347,-0.27436693335868995
-0.10566851429364829,0.19521754145132414,-0.2740239799238694
-0.10566851429364829,0.19517539275116014,-0.27492646810403837
-0.10566851429364829,0.1954350418811118,-0.2728405709262306
-0.10566851429364829,0.19560709530599518,-0.2741219303566761
-0.10566851429364829,0.19599731633655756,-0.2738364227038446
-0.10566851429364829,0.19612881909702454,-0.27218065349664083
-0.10566851429364829,0.19604472188505404,-0.27444813904258913
-0.10566851429364829,0.19624796894400742,-0.27445566964418366
-0.10566851429364829,0.1967865772932635,-0.2747049300821607
-0.10566851429364829,0.19698542847747863,-0.27229292836458696
-0.10566851429364829,0.196888149329355,-0.2752244215734091
-0.10566851429364829,0.1969474246828315,-0.275231498912902
-0.10566851429364829,0.197225606938828,-0.27235648549772173
-0.10566851429364829,0.19719537910891088,-0.27433121628778234
-0.10566851429364829,0.19726336587659302,-0.27408597014303937
-0.10566851429364829,0.19767839223136824,-0.2680493940303187
-0.10566851429364829,0.19752421074180654,-0.27391880866575186
-0.10566851429364829,0.19764126841226104,-0.2722822219632987
-0.10566851429364829,0.19786726573104846,-0.26822031029387455
-0.10566851429364829,0.1977067161595005,-0.27359744725965024
-0.10566851429364829,0.19784684916277911,-0.27442283193960204
-0.10566851429364829,0.19792138287648592,-0.27390042197835573
-0.10566851429364829,0.19822470556549823,-0.2683188755683842
-0.10566851429364829,0.19796043694844956,-0.2746312526262135
-0.10566851429364829,0.19808347375618843,-0.27225864982630843
-0.10566851429364829,0.198193616842741,-0.27402820914581394
-0.10566851429364829,0.1985488546486453,-0.268593573979977
-0.10566851429364829,0.19860464221093688,-0.2704924502666435
-0.10566851429364829,0.1984990070740478,-0.2754172517886973
-0.10566851429364829,0.19861565928002572,-0.27423747985048774
-0.10566851429364829,0.19873232908440153,-0.2740130741820506
-0.10566851429364829,0.19874692718500733,-0.27512702256572735
-0.10566851429364829,0.1991091849234077,-0.26933036180570796
-0.10566851429364829,0.19899179163473663,-0.27440428365930547
-0.10566851429364829,0.1992834606547236,-0.27266142508896324
-0.10566851429364829,0.19969118699019991,-0.2720545017789787
-0.10566851429364829,0.19958097542797523,-0.2743376968199301
-0.10566851429364829,0.19972858394561577,-0.27421619708231276
-0.10566851429364829,0.19973141277554143,-0.2747699739786511
-0.10566851429364829,0.19980250064350896,-0.2750927963913815
-0.10566851429364829,0.1999456308335961,-0.2739298193500743
-0.10566851429364829,0.2003185557061523,-0.2728660864720347
-0.10566851429364829,0.20022550485396176,-0.2747390614248351
-0.10566851429364829,0.20035869151734897,-0.2726954999710651
-0.10566851429364829,0.20037307067028373,-0.27271092719548856
-0.10566851429364829,0.20080079211821264,-0.27458171598711734
-0.10566851429364829,0.20101775301805824,-0.27273882216924344
-0.10566851429364829,0.2010402349091215,-0.27404717506183823
-0.10566851429364829,0.20149348044178775,-0.2731148337882513
-0.10566851429364829,0.20143374441009376,-0.2752830204288325
-0.10566851429364829,0.20149115664368764,-0.2745425747012571
-0.10566851429364829,0.20233402155194782,-0.27397881211632075
-0.10566851429364829,0.20240854846498468,-0.27261947139299425
-0.10566851429364829,0.20244176887656626,-0.2729806040663564
-0.10566851429364829,0.2024109341181492,-0.2741765729339158
-0.10566851429364829,0.2025074260416963,-0.2741016865807651
-0.10566851429364829,0.20291297443543088,-0.2726879284761808
-0.10566851429364829,0.20308300281081498,-0.2740312999329164
-0.10566851429364829,0.20323652802959258,-0.2738856781450329
-0.10566851429364829,0.20366854231322823,-0.2751556301172578
-0.10566851429364829,0.20412395608573344,-0.2738698237651281
-0.10566851429364829,0.20418083553432298,-0.27315811033999404
-0.10566851429364829,0.20413590969513776,-0.2747682413667454
-0.10566851429364829,0.20468140784569006,-0.2683005149193846
-0.10566851429364829,0.20442287420898705,-0.27400933549761786
-0.10566851429364829,0.20445831301414083,-0.2734113543896967
-0.10566851429364829,0.20473663434928308,-0.26815913248377915
-0.10566851429364829,0.20489036533899524,-0.2683013195820891
-0.10566851429364829,0.20464378843154846,-0.2737142043202501
-0.10566851429364829,0.20518539089198892,-0.26862772258778517
-0.10566851429364829,0.20544946389327554,-0.26940481813581735
-0.10566851429364829,0.20535971120156019,-0.2747259571658252
-0.10566851429364829,0.2056897797529839,-0.27051302863440474
-0.10566851429364829,0.20567036705303515,-0.2733120243543312
-0.10566851429364829,0.20578194054096696,-0.27182577664050256
-0.10566851429364829,0.20734285836820449,-0.2741477024673358
-0.10566851429364829,0.20734130181012528,-0.2742573294924789
-0.10566851429364829,0.2079255878371994,-0.2732920803204214
-0.10566851429364829,0.20808135237095327,-0.2741871711027323
-0.10566851429364829,0.2081274973553135,-0.27378010303676675
-0.10566851429364829,0.20865826457505088,-0.27444635532448164
-0.10566851429364829,0.20887689880659305,-0.27474287772609524
-0.10566851429364829,0.2090091105648184,-0.27317225276321155
-0.10566851429364829,0.209784779335885,-0.2737631332183709
-0.10566851429364829,0.20991320408115774,-0.27355846859497707
-0.10566851429364829,0.2102614145590778,-0.2745104761289131
-0.10566851429364829,0.2105241197382999,-0.2740284669873534
-0.10566851429364829,0.21054499088250125,-0.27428013530054246
-0.10566851429364829,0.2108774439483117,-0.27396050990360915
-0.10566851429364829,0.2109860731988504,-0.27185929322532654
-0.10566851429364829,0.21123432386326058,-0.2683218567228109
-0.10566851429364829,0.21130641198263078,-0.2740222247614377
-0.10566851429364829,0.2117871830187796,-0.2684199772634357
-0.10566851429364829,0.21219796077227981,-0.2742480588976673
-0.10566851429364829,0.21250355271856033,-0.2687668088564652
-0.10566851429364829,0.2126172734439748,-0.2694645854573554
-0.10566851429364829,0.21270325331331996,-0.2705555569592139
-0.10566851429364829,0.21257178091932696,-0.27439927167774636
-0.10566851429364829,0.21277715470485709,-0.2749135768550082
-0.10566851429364829,0.21281260592987053,-0.2742476590669811
-0.10566851429364829,0.21324307861914962,-0.27476775897295397
-0.10566851429364829,0.21345596885938498,-0.27437500891687255
-0.10566851429364829,0.2135614928162014,-0.27485396988204847
-0.10566851429364829,0.2136241929322525,-0.2748557856363096
-0.10566851429364829,0.21416861846455942,-0.2726914017217257
-0.10566851429364829,0.21461525573986265,-0.27444552130352723
-0.10566851429364829,0.21510522498256923,-0.2743233841753386
-0.10566851429364829,0.21524102111426552,-0.2751137231094378
-0.10566851429364829,0.21534588496607598,-0.27498738689148067
-0.10566851429364829,0.21537197899995322,-0.2751798885712896
-0.10566851429364829,0.2155252237094648,-0.27559527194716826
-0.10566851429364829,0.21610937865325172,-0.27484166006629385
-0.10566851429364829,0.21658907376648595,-0.27487609587021067
-0.10566851429364829,0.216629755878986,-0.2746844794646937
-0.10566851429364829,0.21706506417569402,-0.2744651168634195
-0.10566851429364829,0.21744183487878738,-0.2683296222280641
-0.10566851429364829,0.21715614000439146,-0.2745135304622008
-0.10566851429364829,0.21831391408368295,-0.2685368113423695
-0.10566851429364829,0.2184172969805102,-0.2716349995164676
-0.10566851429364829,0.21841460871635976,-0.2755392335177661
-0.10566851429364829,0.21934387160449687,-0.2689440421829206
-0.10566851429364829,0.21953208998493356,-0.26943039213267517
-0.10566851429364829,0.21973418451307744,-0.27035803883809534
-0.10566851429364829,0.22242443246147167,-0.2763878957507814
-0.10566851429364829,0.2228154108266411,-0.27668369264946957
-0.10566851429364829,0.2266000303452332,-0.27712470713708054
-0.10566851429364829,0.23312737534219952,-0.2786475548586987
0.056229133046245446,-0.006150666723975968,-0.29703741508653464
0.056229133046245446,-0.005839681741272472,-0.29984431152807506
0.056229133046245446,-0.005648917026550034,-0.29981713570972846
0.056229133046245446,-0.00544468571702136,-0.30075016576793256
0.056229133046245446,-0.005055300954920107,-0.29951120243163837
0.056229133046245446,-0.0050694461524844305,-0.2999554833003692
0.056229133046245446,-0.004724640963251563,-0.30061992076135297
0.056229133046245446,-0.00441481197350468,-0.3003263879705857
0.056229133046245446,-0.004131561231582896,-0.2993290686098981
0.056229133046245446,-0.004068689815005532,-0.3002580613758384
0.056229133046245446,-0.003918555417101333,-0.29966878037680705
0.056229133046245446,-0.0038303717081047215,-0.2995318749493315
0.056229133046245446,-0.0038254743494343484,-0.30034144786096234
0.056229133046245446,-0.00377399351240946,-0.2994182508143015
0.056229133046245446,-0.0024734701641309347,-0.2961994676252639
0.056229133046245446,-0.0023816221694771093,-0.29971077989332173
0.056229133046245446,-0.0021476133421187617,-0.29838104621565054
0.056229133046245446,-0.001755952807067777,-0.29925375338988774
0.056229133046245446,-0.0015231471503034718,-0.2949095654409625
0.056229133046245446,-0.0015721474448947958,-0.2996436204082115
0.056229133046245446,-0.0014590187674527362,-0.29969911724940473
0.056229133046245446,-0.0007868845615698842,-0.2992141722343706
0.056229133046245446,-0.000374504455239023,-0.29947675635625726
0.056229133046245446,-0.00031522786505762054,-0.29879070610571984
0.056229133046245446,-4.9933842383876464e-05,-0.29798493174338236
0.056229133046245446,0.0008541640275389357,-0.29626454752755904
0.056229133046245446,0.0010092815609137641,-0.2973224639720765
0.056229133046245446,0.0013715771533893886,-0.29702020314850186
0.056229133046245446,0.001352062589981405,-0.29771054761520105
0.056229133046245446,0.002236653998782579,-0.2970317528032578
0.056229133046245446,0.0026099383379363395,-0.29344645478645814
0.056229133046245446,0.0027219406959521596,-0.2974610098017711
0.056229133046245446,0.0027370723728312434,-0.2995395363685176
0.056229133046245446,0.003398122923046233,-0.2976960626460108
0.056229133046245446,0.003883287090027868,-0.2943357234487466
0.056229133046245446,0.004067321076526581,-0.2930367920629169
0.056229133046245446,0.004232841973456712,-0.2970222625279767
0.056229133046245446,0.004682282194912764,-0.29699382452850154
0.056229133046245446,0.004819283435205726,-0.29712369348685097
0.056229133046245446,0.004813078741427654,-0.2982965826098124
0.056229133046245446,0.0054588286758376695,-0.2936965465038537
0.056229133046245446,0.005714329201073801,-0.2936965465038537
0.056229133046245446,0.005736424698060532,-0.2967487360410141
0.056229133046245446,0.006157621146455988,-0.29743707008928993
0.056229133046245446,0.006714876067616199,-0.296501968555593
0.056229133046245446,0.006889986726474957,-0.2989255596677131
0.056229133046245446,0.0070502889482500115,-0.2989255596677131
0.056229133046245446,0.007444596622601801,-0.29890923766666966
0.056229133046245446,0.007587034510872578,-0.29643338932014385
0.056229133046245446,0.007768496814418869,-0.29858859439532565
0.056229133046245446,0.009032391985582394,-0.2993078577416061
0.056229133046245446,0.009610739021664295,-0.29780118718325477
0.056229133046245446,0.010846535448515384,-0.2939458427614123
0.056229133046245446,0.01089416200459803,-0.29546653095206704
0.056229133046245446,0.010910145797744897,-0.2954424381679146
0.056229133046245446,0.011214027121358005,-0.2940824902180355
0.056229133046245446,0.01159918288539383,-0.2937536075648316
0.056229133046245446,0.011995556212156575,-0.2923637939591758
0.056229133046245446,0.012394017535394515,-0.29860563181340455
0.056229133046245446,0.013070459386756085,-0.29360458887166513
0.056229133046245446,0.012937119964148685,-0.2984462348335522
0.056229133046245446,0.012966573497117082,-0.2984144592128615
0.056229133046245446,0.01300466538465792,-0.29859183460241895
0.056229133046245446,0.013505416943777151,-0.29103280751360744
0.056229133046245446,0.013593712172780537,-0.2936292158017353
0.056229133046245446,0.013841666204177082,-0.29456877487828836
0.056229133046245446,0.013928226989319843,-0.2987422077219683
0.056229133046245446,0.014364650628178542,-0.29222592641927453
0.056229133046245446,0.015105612941479859,-0.2938051316611516
0.056229133046245446,0.014870017540545939,-0.2991263072348058
0.056229133046245446,0.01519416104509023,-0.2958709426214932
0.056229133046245446,0.015160498277106037,-0.2967969468849187
0.056229133046245446,0.015319465253059352,-0.29498433980598143
0.056229133046245446,0.016226036803423598,-0.29391129802620747
0.056229133046245446,0.016342364160404334,-0.29877527142472127
0.056229133046245446,0.017041169006353492,-0.29947425852638376
0.056229133046245446,0.01754670297219844,-0.2971971522690209
0.056229133046245446,0.017500759788122967,-0.2993023713294979
0.056229133046245446,0.018321890001882366,-0.2979552531704516
0.056229133046245446,0.018694236927484773,-0.29384665509280017
0.056229133046245446,0.019210273364807497,-0.29083385843333054
0.056229133046245446,0.019314365923725856,-0.29980169048311406
0.056229133046245446,0.020160213753793954,-0.2932272314567062
0.056229133046245446,0.020683315363579285,-0.29293762038215077
0.056229133046245446,0.020543827502790928,-0.29643561548294073
0.056229133046245446,0.020577868957716988,-0.29904496228922567
0.056229133046245446,0.02083451080913285,-0.2939430070342523
0.056229133046245446,0.02142814668565734,-0.2925138158812402
0.056229133046245446,0.021661507284884036,-0.2952233131797966
0.056229133046245446,0.02193007414047532,-0.29763252791915495
0.056229133046245446,0.02279247763977,-0.290816983912858
0.056229133046245446,0.02257999842758327,-0.2971162664155143
0.056229133046245446,0.022839826393008154,-0.2968992028619466
0.056229133046245446,0.0231812173513304,-0.29820724992272873
0.056229133046245446,0.023188985083278033,-0.29975985196594207
0.056229133046245446,0.023518399085930113,-0.2976977471405437
0.056229133046245446,0.0238714175619057,-0.2929784819075039
0.056229133046245446,0.02407739776233949,-0.2894720950188909
0.056229133046245446,0.024182069506783584,-0.29717612062241794
0.056229133046245446,0.024258762060773674,-0.29806027416316944
0.056229133046245446,0.024748390124093717,-0.2888715055020877
0.056229133046245446,0.02489626540623093,-0.29034662604570144
0.056229133046245446,0.025090519289993174,-0.2899155867413558
0.056229133046245446,0.025392990714775597,-0.2945125328912959
0.056229133046245446,0.025642527440102748,-0.29242235031235736
0.056229133046245446,0.0255216732745401,-0.2985551359452747
0.056229133046245446,0.02604213125646182,-0.28897102585895895
0.056229133046245446,0.026015493154275794,-0.2912145214593921
0.056229133046245446,0.025995555860558947,-0.2929789454788308
0.056229133046245446,0.025705730844607692,-0.29887489585135735
0.056229133046245446,0.02589501992324412,-0.29708414600552524
0.056229133046245446,0.027401134721824816,-0.29203859140455757
0.056229133046245446,0.027231532003049723,-0.2976548375320819
0.056229133046245446,0.027648722814951336,-0.29009826249277676
0.056229133046245446,0.027835006569729835,-0.29087104948619913
0.056229133046245446,0.02776423600079895,-0.2949209627334912
0.056229133046245446,0.027970632219786167,-0.29671746606547694
0.056229133046245446,0.028010857137646415,-0.2995470215930531
0.056229133046245446,0.028611566145681853,-0.2987182881787907
0.056229133046245446,0.029030805040023484,-0.2942369812982618
0.056229133046245446,0.029107122555330704,-0.29425531066349797
0.056229133046245446,0.02948629296204073,-0.28973258915897204
0.056229133046245446,0.02941552504685356,-0.29273847273819575
0.056229133046245446,0.029481872554215888,-0.29195307962580364
0.056229133046245446,0.02951302457035617,-0.29419129978334985
0.056229133046245446,0.029482892324769264,-0.29630738182804495
0.056229133046245446,0.029673354141626657,-0.29632323941435496
0.056229133046245446,0.029968364728765982,-0.2929804962100116
0.056229133046245446,0.03030380570094148,-0.2926176349964272
0.056229133046245446,0.03029527785229141,-0.2959788409039301
0.056229133046245446,0.030634019597273514,-0.28952897552277734
0.056229133046245446,0.030473158885700985,-0.29410043737140873
0.056229133046245446,0.030473765804137656,-0.2960109732255197
0.056229133046245446,0.03070262782971421,-0.2925636331882607
0.056229133046245446,0.030961745384398064,-0.28908416751952737
0.056229133046245446,0.030825316287104144,-0.29248090832081075
0.056229133046245446,0.030717937433117626,-0.29480798961307414
0.056229133046245446,0.030716733015441842,-0.29594326288155
0.056229133046245446,0.030872816332149375,-0.2932879322367926
0.056229133046245446,0.030943858218600427,-0.2920665707200865
0.056229133046245446,0.030911619041547697,-0.2960094363220714
0.056229133046245446,0.03128074345288469,-0.2918360922651928
0.056229133046245446,0.03092608641517334,-0.2991146620860233
0.056229133046245446,0.03127884197121782,-0.2923980655136484
0.056229133046245446,0.03114197654835995,-0.29578518012282357
0.056229133046245446,0.031061049408465307,-0.2980874747802994
0.056229133046245446,0.03175022386415731,-0.2891186968425297
0.056229133046245446,0.031512984767483376,-0.2940035460006725
0.056229133046245446,0.03172750725905201,-0.2900028319024001
0.056229133046245446,0.0313389258762231,-0.29869587207619036
0.056229133046245446,0.031615211967881834,-0.2936840041173921
0.056229133046245446,0.03197202241316757,-0.2888930550177783
0.056229133046245446,0.03178830758028241,-0.29323977767357073
0.056229133046245446,0.032012660267088405,-0.29037688347577445
0.056229133046245446,0.032062838086051114,-0.29130059682455234
0.056229133046245446,0.03201233163898817,-0.2936467512144075
0.056229133046245446,0.032322678421281434,-0.2938952714967557
0.056229133046245446,0.03258408932790842,-0.2918469003588372
0.056229133046245446,0.03269182127060379,-0.2937101222776715
0.056229133046245446,0.03280456137753049,-0.2921674373692629
0.056229133046245446,0.03286614036692692,-0.29165242543921166
0.056229133046245446,0.0326763700475954,-0.2957644836676549
0.056229133046245446,0.03265066530263578,-0.29651863394947314
0.056229133046245446,0.03275225242776835,-0.2959626768722341
0.056229133046245446,0.03296751999251622,-0.2935167799759445
0.056229133046245446,0.03290733427298475,-0.2988246326594164
0.056229133046245446,0.03339042477060807,-0.2902153019015487
0.056229133046245446,0.03319117148600379,-0.29490851564363335
0.056229133046245446,0.03320727110215023,-0.2954865742593745
0.056229133046245446,0.033444032729998366,-0.2916004501889675
0.056229133046245446,0.03361882117563582,-0.29412900702656886
0.056229133046245446,0.03358660679029435,-0.2947919289781315
0.056229133046245446,0.03380304901093664,-0.2916198043111333
0.056229133046245446,0.033516316612138136,-0.29787083793757047
0.056229133046245446,0.0337477032397744,-0.2950291753182578
0.056229133046245446,0.03382775969920593,-0.2948704699586638
0.056229133046245446,0.03389665010109322,-0.2951250320140218
0.056229133046245446,0.03402297613790742,-0.29448275824486425
0.056229133046245446,0.03409945733285221,-0.2937779221625013
0.056229133046245446,0.0342400482771114,-0.2926295308784035
0.056229133046245446,0.034133170482739755,-0.2953471203723517
0.056229133046245446,0.03421331069697458,-0.29516504036256586
0.056229133046245446,0.03443273752784724,-0.2935753729937046
0.056229133046245446,0.03441440190380564,-0.29604323092154916
0.056229133046245446,0.03449194731812564,-0.29468886063020155
0.056229133046245446,0.034495517549142186,-0.2953118344226447
0.056229133046245446,0.03462040077709876,-0.2930650041595046
0.056229133046245446,0.03469985965713954,-0.29424016811020715
0.056229133046245446,0.03470598424699964,-0.29489445295213434
0.056229133046245446,0.03468646788125753,-0.29542807908684743
0.056229133046245446,0.03473092147811363,-0.294719652317297
0.056229133046245446,0.034701786237605156,-0.29751513140066804
0.056229133046245446,0.034844618787172474,-0.2952622296073687
0.056229133046245446,0.034854402451594664,-0.29541415888575173
0.056229133046245446,0.034904745279630014,-0.29541004616526223
0.056229133046245446,0.035114977305486975,-0.29416738596227504
0.056229133046245446,0.03516279539461467,-0.29423695243290715
0.056229133046245446,0.035208536748667356,-0.29494546161419594
0.056229133046245446,0.03516535460490592,-0.2986222745371736
0.056229133046245446,0.035366207797945,-0.29540759793678417
0.056229133046245446,0.035347630550627826,-0.2984495468381156
0.056229133046245446,0.035830592537726864,-0.2940761645011586
0.056229133046245446,0.03618438883820331,-0.2879519272074685
0.056229133046245446,0.03624884043895276,-0.28912318466237125
0.056229133046245446,0.0362210292972236,-0.29021260738039767
0.056229133046245446,0.036066861864683546,-0.29398039559669964
0.056229133046245446,0.036032621338145325,-0.29564417853030023
0.056229133046245446,0.03616926894086235,-0.2947979566307635
0.056229133046245446,0.03644154446607904,-0.29070806604283417
0.056229133046245446,0.036544177166257734,-0.28932404916714793
0.056229133046245446,0.036280035979210284,-0.29472021483142946
0.056229133046245446,0.03637192295661627,-0.2945358639250958
0.056229133046245446,0.03681203029755994,-0.2863098352257729
0.056229133046245446,0.0363521898716689,-0.2964883396133858
0.056229133046245446,0.036632730436001334,-0.29151512983450273
0.056229133046245446,0.03677538523965092,-0.29385436380611857
0.056229133046245446,0.03702230135247671,-0.2897418881355361
0.056229133046245446,0.03696010160674615,-0.2915544579355388
0.056229133046245446,0.03681065770297074,-0.2974716885144237
0.056229133046245446,0.03691492646339766,-0.2956237392996891
0.056229133046245446,0.0372102248078258,-0.29186566650460355
0.056229133046245446,0.03730631444499609,-0.29113858454264274
0.056229133046245446,0.037412232264567455,-0.28962088512858547
0.056229133046245446,0.03743311862712787,-0.289738379437661
0.056229133046245446,0.03716901059578294,-0.29530496270406065
0.056229133046245446,0.03734911627660306,-0.293534479807604
0.056229133046245446,0.03753381346696645,-0.29084596652000105
0.056229133046245446,0.037618450682126346,-0.2924698198865068
0.056229133046245446,0.037810657338977136,-0.29001675420398926
0.056229133046245446,0.03769490331621362,-0.2924364417561366
0.056229133046245446,0.037870267433885954,-0.2912937837627825
0.056229133046245446,0.037730821067148444,-0.29760375782152837
0.056229133046245446,0.03780157809990577,-0.29659598510399865
0.056229133046245446,0.03806234155190523,-0.29380586909965545
0.056229133046245446,0.038337794048632357,-0.28866963416862285
0.056229133046245446,0.038381170540950506,-0.29033530094060545
0.056229133046245446,0.03823925030036498,-0.29331348751582503
0.056229133046245446,0.038280354353489976,-0.294840399448622
0.056229133046245446,0.038672769211939566,-0.2886555964719948
0.056229133046245446,0.038307877177185756,-0.29772643607275123
0.056229133046245446,0.03848098571478734,-0.29489307812507193
0.056229133046245446,0.03866490975670088,-0.29374760121042087
0.056229133046245446,0.03914459514865162,-0.2911425429066211
0.056229133046245446,0.039195355036055285,-0.29015780364238947
0.056229133046245446,0.0389905846643438,-0.2948473045072198
0.056229133046245446,0.039269864642419605,-0.2905648660795281
0.056229133046245446,0.03913834009926591,-0.2944444366645138
0.056229133046245446,0.03920899187228688,-0.29502567950361847
0.056229133046245446,0.039389948828379484,-0.2951900147000553
0.056229133046245446,0.0394312161924216,-0.29524745284535714
0.056229133046245446,0.03951963332169355,-0.2951497663563941
0.056229133046245446,0.03967848944602354,-0.29515918445514616
0.056229133046245446,0.039686060575639386,-0.2953749560145122
0.056229133046245446,0.039750790658740244,-0.29514855071735696
0.056229133046245446,0.03989339341021357,-0.2935525200875799
0.056229133046245446,0.03997029152215966,-0.29360668059110895
0.056229133046245446,0.039923302266250585,-0.2953482825595783
0.056229133046245446,0.04032174713353215,-0.2887614334387816
0.056229133046245446,0.04014765633285809,-0.29317237960727
0.056229133046245446,0.04007112339223676,-0.29476120906568104
0.056229133046245446,0.04019717979857807,-0.2934549242530085
0.056229133046245446,0.04038908381826024,-0.29440781556162077
0.056229133046245446,0.0404123770446935,-0.29407625887781824
0.056229133046245446,0.040753064496674714,-0.2886460699827022
0.056229133046245446,0.040784363364180266,-0.29063545343909747
0.056229133046245446,0.040615437058602946,-0.29522224891459764
0.056229133046245446,0.04084329683709735,-0.2907319161496138
0.056229133046245446,0.040712760571686726,-0.2939608089705522
0.056229133046245446,0.040701556276367644,-0.2956336621490842
0.056229133046245446,0.04078731919394863,-0.2942516724140069
0.056229133046245446,0.040856452592188695,-0.2942294186965376
0.056229133046245446,0.0408915865080744,-0.29415951632583814
0.056229133046245446,0.04078051746911563,-0.2964243585422802
0.056229133046245446,0.04107793921337793,-0.29170071731643477
0.056229133046245446,0.04083569936847409,-0.29676131095816993
0.056229133046245446,0.04097783381166662,-0.29406188165781516
0.056229133046245446,0.041274156780825744,-0.28992826505030567
0.056229133046245446,0.04149673026404139,-0.29003803344782597
0.056229133046245446,0.04119849611173034,-0.29764872993455466
0.056229133046245446,0.041358755409900104,-0.295359113631123
0.056229133046245446,0.04157843489434311,-0.2920943663295202
0.056229133046245446,0.041505742743707476,-0.29437680061536825
0.056229133046245446,0.041643512190222484,-0.2938248562294859
0.056229133046245446,0.04148929391418455,-0.29709523323149983
0.056229133046245446,0.041937694011606616,-0.28905372637734
0.056229133046245446,0.04166911923440835,-0.2976441536410561
0.056229133046245446,0.041774205303589586,-0.2959145796011879
0.056229133046245446,0.04198024798332071,-0.2947391793482572
0.056229133046245446,0.042202405381930375,-0.2907300680418643
0.056229133046245446,0.04232955516215563,-0.2890358076393953
0.056229133046245446,0.04232613253330994,-0.2892391076525143
0.056229133046245446,0.04231479030556844,-0.2895339098602514
0.056229133046245446,0.04220433861767662,-0.29313688535252225
0.056229133046245446,0.04232403457782099,-0.294045346380067
0.056229133046245446,0.04254211356716954,-0.2900168223291282
0.056229133046245446,0.042287305278076254,-0.2953498744201315
0.056229133046245446,0.04234515778933915,-0.29468865865096383
0.056229133046245446,0.04234935526622421,-0.29473822064486593
0.056229133046245446,0.042511095866471615,-0.2950922546699371
0.056229133046245446,0.04255127759994702,-0.29493512807056665
0.056229133046245446,0.042605764814416386,-0.2940735383686057
0.056229133046245446,0.042705861135607606,-0.29230440714876604
0.056229133046245446,0.042846858119090246,-0.29009133558574823
0.056229133046245446,0.04270076043667634,-0.2954264259846569
0.056229133046245446,0.042744952485956146,-0.294903720749104
0.056229133046245446,0.04300162376829462,-0.2907979287592255
0.056229133046245446,0.04283414620203382,-0.2944278164437987
0.056229133046245446,0.043029492673499155,-0.29153504430367716
0.056229133046245446,0.043234809044503636,-0.2924950107380215
0.056229133046245446,0.043432835799838546,-0.2936774617467748
0.056229133046245446,0.04349088538803044,-0.29370020943531877
0.056229133046245446,0.043702946453068006,-0.2898026476500522
0.056229133046245446,0.043778336348053754,-0.29456601860149445
0.056229133046245446,0.043717218715432146,-0.29645380106124136
0.056229133046245446,0.04383980646959979,-0.294791862124824
0.056229133046245446,0.04390636077134902,-0.2952248823001947
0.056229133046245446,0.04417556220728322,-0.2904997008094612
0.056229133046245446,0.04419354377476068,-0.2902461232068363
0.056229133046245446,0.0440874352278678,-0.29397270744849885
0.056229133046245446,0.04428613590710551,-0.29002556702698373
0.056229133046245446,0.044256997421149455,-0.2941333939558865
0.056229133046245446,0.044411546470281456,-0.2946136169301156
0.056229133046245446,0.04450320556657264,-0.2942569389103242
0.056229133046245446,0.04459529436989343,-0.2930649190154227
0.056229133046245446,0.04478600637691975,-0.2901228401116048
0.056229133046245446,0.044691310080019545,-0.29357018007850894
0.056229133046245446,0.04492914694208882,-0.29098860720030195
0.056229133046245446,0.04512008482153157,-0.2890588342103009
0.056229133046245446,0.04485130500151827,-0.2951120277576611
0.056229133046245446,0.045153678489958174,-0.2902558293539644
0.056229133046245446,0.0451654646035422,-0.29018295540187683
0.056229133046245446,0.04515268466769839,-0.2910403334471289
0.056229133046245446,0.04508009540497784,-0.29384754095050797
0.056229133046245446,0.045261154384833115,-0.2903272412142719
0.056229133046245446,0.045256109782605046,-0.2907981116833437
0.056229133046245446,0.04524721824050411,-0.29101989330612826
0.056229133046245446,0.04530987836782162,-0.29051522364994053
0.056229133046245446,0.045159112843184475,-0.29378420135412686
0.056229133046245446,0.04510380346740966,-0.296477483734381
0.056229133046245446,0.04550995710692129,-0.2894008801952758
0.056229133046245446,0.04534816778021175,-0.2947604715927074
0.056229133046245446,0.045418892100710546,-0.29393633699771776
0.056229133046245446,0.045453572266267984,-0.2939356959848358
0.056229133046245446,0.04567995019860861,-0.29033770133056613
0.056229133046245446,0.045881723687850005,-0.2895961220775095
0.056229133046245446,0.04567694924373519,-0.29406920785493673
0.056229133046245446,0.045941562880526095,-0.28954278581887133
0.056229133046245446,0.04563020139618508,-0.29652110123396175
0.056229133046245446,0.04592079918626673,-0.29074269452723495
0.056229133046245446,0.04587133992822977,-0.29213664389654753
0.056229133046245446,0.045800333807441015,-0.2942720368842201
0.056229133046245446,0.04615917883647532,-0.28919933986306384
0.056229133046245446,0.04618900325969642,-0.2936526571094968
0.056229133046245446,0.04637506641670397,-0.29045571233735545
0.056229133046245446,0.0463535694362642,-0.29334800174694026
0.056229133046245446,0.0462703765146863,-0.29590070053831635
0.056229133046245446,0.046439035863202686,-0.29423909459164693
0.056229133046245446,0.04640342571142955,-0.29507727317893323
0.056229133046245446,0.04672614834896731,-0.28863600125675365
0.056229133046245446,0.04665549499214235,-0.2906018468005099
0.056229133046245446,0.046549103494079036,-0.2941626650568339
0.056229133046245446,0.04658685249849962,-0.2935798041303356
0.056229133046245446,0.046846444628340686,-0.28879513341256235
0.056229133046245446,0.04655265924226665,-0.2955516484835726
0.056229133046245446,0.04663101854275599,-0.2942606254898278
0.056229133046245446,0.04680164349095813,-0.2910638711385728
0.056229133046245446,0.04680285217253793,-0.29105940971209204
0.056229133046245446,0.04684182565703355,-0.29137813411326074
0.056229133046245446,0.046729865037058636,-0.2942337700878453
0.056229133046245446,0.04677352385000136,-0.2954365789465443
0.056229133046245446,0.04681449069873367,-0.2948258619237044
0.056229133046245446,0.04686542033096811,-0.29466404266078733
0.056229133046245446,0.04690139389544722,-0.29419399266043994
0.056229133046245446,0.046922826915760746,-0.2946040824093864
0.056229133046245446,0.04684125985728711,-0.296658038607781
0.056229133046245446,0.04715645232857987,-0.29445510382804013
0.056229133046245446,0.04734801044338504,-0.2906788659882294
0.056229133046245446,0.04725788800392424,-0.29352866489777646
0.056229133046245446,0.04723584789330254,-0.29430013200607064
0.056229133046245446,0.047450827655614716,-0.29021351543744517
0.056229133046245446,0.04722012565358971,-0.2961624595895957
0.056229133046245446,0.04742739162152696,-0.2936379483802537
0.056229133046245446,0.047644932024693575,-0.29364770281819613
0.056229133046245446,0.04783229744043311,-0.29065461894071876
0.056229133046245446,0.0477756656766134,-0.29294225649511674
0.056229133046245446,0.04776239349845059,-0.2946194029295368
0.056229133046245446,0.047790104440154926,-0.2962256152378239
0.056229133046245446,0.04821015819226109,-0.29187182675943657
0.056229133046245446,0.04816856373459187,-0.2937439852628417
0.056229133046245446,0.04820094931860801,-0.2934447185894681
0.056229133046245446,0.048133735764998645,-0.29511911404529095
0.056229133046245446,0.04816284571852343,-0.2969421893141419
0.056229133046245446,0.048311112764211045,-0.294176218703135
0.056229133046245446,0.04833666877477233,-0.293971931795429
0.056229133046245446,0.04833161640510726,-0.29494921868425733
0.056229133046245446,0.04889645173825831,-0.2843701547946431
0.056229133046245446,0.04837073627710406,-0.29504234865419904
0.056229133046245446,0.048637746343017575,-0.2906532423943277
0.056229133046245446,0.04856832101378583,-0.2938973444696989
0.056229133046245446,0.04897945577276455,-0.28574711789698953
0.056229133046245446,0.04891846200705206,-0.28733456607713914
0.056229133046245446,0.04866574602048811,-0.29426821708598583
0.056229133046245446,0.048889180628091264,-0.291957840399675
0.056229133046245446,0.04875434254113526,-0.29466931874755137
0.056229133046245446,0.04878116413871765,-0.29461312905438924
0.056229133046245446,0.04901126723698329,-0.2913128598229953
0.056229133046245446,0.0488538930058981,-0.2944818030041308
0.056229133046245446,0.048865869417446396,-0.29461414165696853
0.056229133046245446,0.049008758407599363,-0.2935418737423077
0.056229133046245446,0.04917325771724945,-0.2905567923433491
0.056229133046245446,0.04902011516781768,-0.29364371345033846
0.056229133046245446,0.049157370052724456,-0.2928996496332716
0.056229133046245446,0.04917181553491118,-0.2938372398322838
0.056229133046245446,0.04914625211888084,-0.2951713050926955
0.056229133046245446,0.049344979746300796,-0.2917720295277169
0.056229133046245446,0.04942803373371071,-0.2908051253262942
0.056229133046245446,0.04947410781590245,-0.29355402269152014
0.056229133046245446,0.04950659127817782,-0.29458966565291
0.056229133046245446,0.049845132453352245,-0.2907610693031535
0.056229133046245446,0.04970149968401027,-0.2941045649326913
0.056229133046245446,0.050109505010534884,-0.28878732262243373
0.056229133046245446,0.04983747376020137,-0.2943139739695113
0.056229133046245446,0.049986453558821996,-0.2960260815054958
0.056229133046245446,0.05014500112997237,-0.29364771402284695
0.056229133046245446,0.05020703987308026,-0.29424707906088815
0.056229133046245446,0.05019429093048228,-0.2957692693816809
0.056229133046245446,0.05022967155060683,-0.29523338352373724
0.056229133046245446,0.05026650516244435,-0.29555910903794497
0.056229133046245446,0.05054553896935942,-0.290946515176251
0.056229133046245446,0.05035657142201428,-0.29537899566577497
0.056229133046245446,0.05047489400706912,-0.2935708676068336
0.056229133046245446,0.05036096805718118,-0.29780368876820457
0.056229133046245446,0.05075012011702391,-0.29070146222338483
0.056229133046245446,0.05054824104288218,-0.29485884188042494
0.056229133046245446,0.05059926902541055,-0.2941715718081626
0.056229133046245446,0.050545111943370656,-0.2955567550935298
0.056229133046245446,0.05066726770414038,-0.2959512705389975
0.056229133046245446,0.0510083913141801,-0.2904124185544256
0.056229133046245446,0.050921723402646245,-0.2938209703792749
0.056229133046245446,0.0508552468880324,-0.29534678802346087
0.056229133046245446,0.051183894011388835,-0.2920774968794215
0.056229133046245446,0.05103507332167355,-0.2976519910824273
0.056229133046245446,0.05130253860290862,-0.294185447686977
0.056229133046245446,0.05115284855010486,-0.29718860942571895
0.056229133046245446,0.05145257724564303,-0.2966914612644143
0.056229133046245446,0.05151851671998522,-0.2968429250020563
0.056229133046245446,0.0516859445669131,-0.29384667201410714
0.056229133046245446,0.051562390953946324,-0.29683916990943543
0.056229133046245446,0.05152699238600394,-0.2975901712142087
0.056229133046245446,0.05202481331242387,-0.2946343136631848
0.056229133046245446,0.052037582015431,-0.29440506317372983
0.056229133046245446,0.051937199039108886,-0.2975982100886012
0.056229133046245446,0.05198046449039917,-0.29754135601428017
0.056229133046245446,0.05221390871186206,-0.2942491956211209
0.056229133046245446,0.05214984175790208,-0.29689497699625556
0.056229133046245446,0.05230143746145076,-0.2942657050255806
0.056229133046245446,0.05232189257318021,-0.29539115830325263
0.056229133046245446,0.05253199997993539,-0.2935705725730017
0.056229133046245446,0.05258454660786015,-0.29398863615311904
0.056229133046245446,0.05269990336171712,-0.2939209282756351
0.056229133046245446,0.0527583128243731,-0.2942280564375934
0.056229133046245446,0.0526287144013348,-0.29745950740391824
0.056229133046245446,0.05318763842866062,-0.2936808557762846
0.056229133046245446,0.05327728123497854,-0.2974828657444795
0.056229133046245446,0.05352921243769366,-0.2965149965885542
0.056229133046245446,0.053747464364755165,-0.29553329141595996
0.056229133046245446,0.05406774936363915,-0.29461827433810567
0.056229133046245446,0.05402867864851782,-0.2955569856388451
0.056229133046245446,0.05404660585438671,-0.2968455966701534
0.056229133046245446,0.05426968908658947,-0.2941613023308997
0.056229133046245446,0.05432214850605141,-0.2951294444447659
0.056229133046245446,0.05449924017856157,-0.29559592060349543
0.056229133046245446,0.05464671881989373,-0.2947860636780146
0.056229133046245446,0.05490937046579891,-0.293927674951069
0.056229133046245446,0.05508532726510912,-0.29514499241452063
0.056229133046245446,0.055256588476182505,-0.2953777280405456
0.056229133046245446,0.05525948326645333,-0.2966994347640344
0.056229133046245446,0.05532168026944221,-0.29584987700974424
0.056229133046245446,0.055713976194564765,-0.29468333516843265
0.056229133046245446,0.05586581042143848,-0.29420782087852587
0.056229133046245446,0.05606614968965998,-0.2955296293596744
0.056229133046245446,0.056218623227450845,-0.2936019070608174
0.056229133046245446,0.05629873288334206,-0.2960188494162761
0.056229133046245446,0.05636746558145789,-0.2953502926847544
0.056229133046245446,0.056555831199259214,-0.29609740424846737
0.056229133046245446,0.05668406279223344,-0.2960278672831659
0.056229133046245446,0.056691635934695284,-0.29687963944582746
0.056229133046245446,0.05684971577663839,-0.29406307478637916
0.056229133046245446,0.05671780254453416,-0.29719983731582306
0.056229133046245446,0.057106130654928505,-0.29612985612308096
0.056229133046245446,0.05729522491366046,-0.29426313386502323
0.056229133046245446,0.05724692976864954,-0.2970227337725295
0.056229133046245446,0.05727450565655096,-0.2966138047933451
0.056229133046245446,0.05729464536597513,-0.2970439909354313
0.056229133046245446,0.05743547312336038,-0.2942852392753999
0.056229133046245446,0.0573498028367483,-0.2964243906099969
0.056229133046245446,0.05739900862862848,-0.29702336772833904
0.056229133046245446,0.05743223259724154,-0.29678953033371175
0.056229133046245446,0.05751511680226163,-0.295645010566373
0.056229133046245446,0.057666668841014054,-0.29674518447799886
0.056229133046245446,0.05775493518206303,-0.2968399495273278
0.056229133046245446,0.057820272988624584,-0.2959195991584846
0.056229133046245446,0.05787630790375711,-0.29565956552847766
0.056229133046245446,0.05786526041095581,-0.2961081035521933
0.056229133046245446,0.057988612748287066,-0.29496010126299643
0.056229133046245446,0.05827569160126069,-0.2953874245227636
0.056229133046245446,0.05831411085512484,-0.2959983073042491
0.056229133046245446,0.05827939681405577,-0.2971434741916057
0.056229133046245446,0.058381654558241486,-0.2966050636042011
0.056229133046245446,0.058669966412636984,-0.2938783497882151
0.056229133046245446,0.05863418945098624,-0.2956675008560165
0.056229133046245446,0.058691859910415874,-0.2958449774967581
0.056229133046245446,0.058890274564341295,-0.2956165419101909
0.056229133046245446,0.05896747636946755,-0.29490212165216884
0.056229133046245446,0.059169117904279825,-0.29360904750489736
0.056229133046245446,0.05910938908515568,-0.29640832849664706
0.056229133046245446,0.05920182807932504,-0.2954691543871216
0.056229133046245446,0.05947033536686906,-0.29445620331307304
0.056229133046245446,0.05941608010750075,-0.29569018133823316
0.056229133046245446,0.05966518379671798,-0.2940860967514643
0.056229133046245446,0.05966504509083581,-0.2950297466886524
0.056229133046245446,0.05988770158412783,-0.2941261573898247
0.056229133046245446,0.05990593795892143,-0.2943610278457088
0.056229133046245446,0.05997620380950863,-0.2956348064116684
0.056229133046245446,0.060198884119042874,-0.2947142270949086
0.056229133046245446,0.060328031484972254,-0.29237826092060437
0.056229133046245446,0.06026264164757169,-0.29373886305288976
0.056229133046245446,0.06055148282801984,-0.288991089085763
0.056229133046245446,0.06025493501179363,-0.2949660115812928
0.056229133046245446,0.06025696253616527,-0.2952116856254861
0.056229133046245446,0.060282529062908756,-0.29490122645846273
0.056229133046245446,0.060303840621145306,-0.2948092262799252
0.056229133046245446,0.060506886465587086,-0.2951451428337912
0.056229133046245446,0.060429231230042804,-0.29677935589951426
0.056229133046245446,0.060558220540978834,-0.29521355134504657
0.056229133046245446,0.06057826954090885,-0.2949977115962311
0.056229133046245446,0.060997808011651784,-0.28722248094404906
0.056229133046245446,0.060950102167809404,-0.2906485620716992
0.056229133046245446,0.0613599098013599,-0.2854418242738976
0.056229133046245446,0.06091173677577065,-0.29507523055821294
0.056229133046245446,0.060994188839748636,-0.29417417061081635
0.056229133046245446,0.060901079404725826,-0.29691602657212823
0.056229133046245446,0.061211363145608044,-0.2942309739845472
0.056229133046245446,0.06140086229392331,-0.29061580931939507
0.056229133046245446,0.061193099473439067,-0.295634204460915
0.056229133046245446,0.06208960295451428,-0.2837806126499553
0.056229133046245446,0.06223428365348759,-0.28218927344121686
0.056229133046245446,0.06181182976515492,-0.29543653115972707
0.056229133046245446,0.06196409081535373,-0.2942888062227851
0.056229133046245446,0.061894006816758364,-0.29641892698027555
0.056229133046245446,0.06215068857953607,-0.29426562277820223
0.056229133046245446,0.06210169638324576,-0.29530846017357176
0.056229133046245446,0.06262197259436296,-0.294492430869226
0.056229133046245446,0.06273195638155238,-0.29387320488003826
0.056229133046245446,0.06269713263509342,-0.29511732849979977
0.056229133046245446,0.062723364981131,-0.29592501642818425
0.056229133046245446,0.06278695692719197,-0.29648684724097923
0.056229133046245446,0.06284802487806981,-0.29611711866095625
0.056229133046245446,0.06320415669569529,-0.2940793523263004
0.056229133046245446,0.06323227126904699,-0.2948565053600796
0.056229133046245446,0.06319476489345759,-0.29666081473714706
0.056229133046245446,0.06336066518229272,-0.29601336047463694
0.056229133046245446,0.06338395221929247,-0.2966203570554819
0.056229133046245446,0.0636125667738546,-0.2953743504683304
0.056229133046245446,0.06381884665531193,-0.29686692002285825
0.056229133046245446,0.06432162789635545,-0.294767929796666
0.056229133046245446,0.06446865394660604,-0.2939778683304741
0.056229133046245446,0.06460001597380866,-0.2942021041523254
0.056229133046245446,0.06454352239920265,-0.2954031388141283
0.056229133046245446,0.0646072075339748,-0.2950809976999177
0.056229133046245446,0.06506074751899059,-0.29462933112336337
0.056229133046245446,0.06514322966242722,-0.29409071158575745
0.056229133046245446,0.06531478115228948,-0.2947019233194971
0.056229133046245446,0.06543172287886242,-0.2953755547061655
0.056229133046245446,0.06548977000287319,-0.2962144201600481
0.056229133046245446,0.06612796141965753,-0.29636784690917223
0.056229133046245446,0.06634594563003882,-0.2941183471209038
0.056229133046245446,0.06634879138944752,-0.29426100491062807
0.056229133046245446,0.06643535979305572,-0.2942007787356598
0.056229133046245446,0.0664158842630703,-0.29471945895290264
0.056229133046245446,0.06662769101183658,-0.2935518747282859
0.056229133046245446,0.06667196935106659,-0.29418580182953974
0.056229133046245446,0.06664583208963823,-0.2956044531436641
0.056229133046245446,0.06669127615834594,-0.2958311274132384
0.056229133046245446,0.06664876635777692,-0.29687543958367535
0.056229133046245446,0.06679778028845085,-0.29424833604685957
0.056229133046245446,0.06687498713077475,-0.2969607309346211
0.056229133046245446,0.0671044041554701,-0.29240328003885674
0.056229133046245446,0.06715480178860393,-0.2948730787279243
0.056229133046245446,0.06750783646644522,-0.29689939775514723
0.056229133046245446,0.06769712783914572,-0.29419143564455064
0.056229133046245446,0.06766570435611238,-0.2963898777340769
0.056229133046245446,0.06789851375529554,-0.2943603315734204
0.056229133046245446,0.06808287756699088,-0.2910552840840281
0.056229133046245446,0.06834415546616077,-0.2904548824529277
0.056229133046245446,0.06821402493057593,-0.29632613960168996
0.056229133046245446,0.0682944543744529,-0.29600562551434856
0.056229133046245446,0.0683264861163237,-0.29545638596454105
0.056229133046245446,0.06839502637254434,-0.29617372150686877
0.056229133046245446,0.06852451998108286,-0.29423337249157033
0.056229133046245446,0.06864373360340928,-0.29437211183280204
0.056229133046245446,0.06881707874788243,-0.2943648025784601
0.056229133046245446,0.06895801114563135,-0.2947601522115423
0.056229133046245446,0.06910493209909234,-0.294449992868624
0.056229133046245446,0.06912576565489577,-0.29438676464020824
0.056229133046245446,0.06918178650718297,-0.2961262673911109
0.056229133046245446,0.06956880067268364,-0.28916110607830364
0.056229133046245446,0.06946246906035822,-0.2964711017051355
0.056229133046245446,0.06973448341138627,-0.2942679323795968
0.056229133046245446,0.06969411097755465,-0.2953865497260952
0.056229133046245446,0.06980525409000442,-0.2942334777321814
0.056229133046245446,0.06980082910861714,-0.29569343978216966
0.056229133046245446,0.0698791423211316,-0.2956448419226606
0.056229133046245446,0.07003422739424195,-0.2939624792011021
0.056229133046245446,0.06994805453062061,-0.2958176014224828
0.056229133046245446,0.06990000000509997,-0.2971531743517049
0.056229133046245446,0.07052011610297398,-0.28744671571313746
0.056229133046245446,0.07017493991601315,-0.2946028510210546
0.056229133046245446,0.07018149603241022,-0.29494999663863597
0.056229133046245446,0.07025217021869005,-0.2938750149029483
0.056229133046245446,0.07018934713876564,-0.2956673014212765
0.056229133046245446,0.07050769112579129,-0.2946470969204593
0.056229133046245446,0.0705394455035008,-0.29548066821616636
0.056229133046245446,0.07062543106166565,-0.29433524263945127
0.056229133046245446,0.0706165713675932,-0.2945488450339389
0.056229133046245446,0.07067581343058435,-0.29422755108620247
0.056229133046245446,0.07078715876439781,-0.29419099420218314
0.056229133046245446,0.07079159491671615,-0.2954870079544802
0.056229133046245446,0.0708992806992897,-0.2951508373143966
0.056229133046245446,0.07096337415155281,-0.2954656737558369
0.056229133046245446,0.0710771098377271,-0.29543709244863425
0.056229133046245446,0.07102973478903386,-0.2964390433658059
0.056229133046245446,0.07171362670393233,-0.2855844234595334
0.056229133046245446,0.07143826326177562,-0.2942988372623576
0.056229133046245446,0.07180835948557923,-0.2943117340156526
0.056229133046245446,0.07194009809735157,-0.29524447135515597
0.056229133046245446,0.0720091188319876,-0.2954648487159603
0.056229133046245446,0.07245395758226855,-0.294936101142963
0.056229133046245446,0.07309452646724458,-0.2837764334521916
0.056229133046245446,0.07256982953357342,-0.29619098153903356
0.056229133046245446,0.07266798214380576,-0.2943500231779562
0.056229133046245446,0.07261168347587507,-0.2958296488718808
0.056229133046245446,0.07273546018839774,-0.2943278877756221
0.056229133046245446,0.0729777270303251,-0.2950300136228734
0.056229133046245446,0.07363793253713366,-0.2821826369937697
0.056229133046245446,0.07298088778535189,-0.295631464724928
0.056229133046245446,0.0738588795410222,-0.2804552861616184
0.056229133046245446,0.0730637951510789,-0.2967051602745151
0.056229133046245446,0.07339786248260335,-0.29004719781849714
0.056229133046245446,0.07329906424494338,-0.2942255192256674
0.056229133046245446,0.07350104195544985,-0.29431116926803835
0.056229133046245446,0.07366956813072564,-0.2941311214294526
0.056229133046245446,0.07364862305361558,-0.2949040114751131
0.056229133046245446,0.0736518524547724,-0.2953086057954118
0.056229133046245446,0.07369270072817927,-0.29459456158140707
0.056229133046245446,0.07383947899233319,-0.2942960185217767
0.056229133046245446,0.07401494497060726,-0.2950138011868418
0.056229133046245446,0.07401862152333012,-0.29599376688293144
0.056229133046245446,0.07411503715671017,-0.2941883171407251
0.056229133046245446,0.07426727123271881,-0.292408031522257
0.056229133046245446,0.07428325231578714,-0.2937726408516775
0.056229133046245446,0.07437687832839454,-0.2942574221839119
0.056229133046245446,0.07465386012977901,-0.2949295379771494
0.056229133046245446,0.07469708348663333,-0.29533903716929916
0.056229133046245446,0.07469942438827323,-0.29564800300754773
0.056229133046245446,0.07547726346390833,-0.29093437668631256
0.056229133046245446,0.07577196812840303,-0.2945381436005005
0.056229133046245446,0.07586639690414494,-0.2942119976139983
0.056229133046245446,0.07591412154005149,-0.2942491540111302
0.056229133046245446,0.07610422933316405,-0.2946341755122092
0.056229133046245446,0.07625834198069191,-0.2938481382885132
0.056229133046245446,0.07696087952638471,-0.2802645744756552
0.056229133046245446,0.07635539849877551,-0.29425031687087566
0.056229133046245446,0.07658394679010946,-0.2941457971584074
0.056229133046245446,0.07654901873830239,-0.2951066823190863
0.056229133046245446,0.07683853188435481,-0.2943201114800802
0.056229133046245446,0.0771642184768682,-0.28955946262967536
0.056229133046245446,0.077255032282529,-0.29437164041930064
0.056229133046245446,0.07721672209577198,-0.29534626365632316
0.056229133046245446,0.07719003231980773,-0.2959528597734709
0.056229133046245446,0.07756821169605188,-0.293883520767472
0.056229133046245446,0.07772993485379033,-0.2943489070221004
0.056229133046245446,0.07810148968195035,-0.29439922130818186
0.056229133046245446,0.07819343979190507,-0.29611030923056847
0.056229133046245446,0.07836269585495073,-0.29445032140226446
0.056229133046245446,0.07874150623597588,-0.2876610602480899
0.056229133046245446,0.07856122977467242,-0.2947602679185384
0.056229133046245446,0.07900453591951806,-0.29444755938010464
0.056229133046245446,0.07900701672010231,-0.294486773242768
0.056229133046245446,0.07903469860725211,-0.29448620699864264
0.056229133046245446,0.07911064319536071,-0.2941060755115213
0.056229133046245446,0.07936044000171083,-0.29464469103823887
0.056229133046245446,0.07954924873146707,-0.29595124627988506
0.056229133046245446,0.08055652507762179,-0.2859559923601729
0.056229133046245446,0.08084755446444397,-0.2944117398768839
0.056229133046245446,0.08088552451601148,-0.2938196814005735
0.056229133046245446,0.08169646424025087,-0.2951644002550094
0.056229133046245446,0.08192979657586058,-0.2935838033835836
0.056229133046245446,0.08243157073390436,-0.284118822404239
0.056229133046245446,0.08194489468431768,-0.29429067317447105
0.056229133046245446,0.08195897621366814,-0.2942807124537756
0.056229133046245446,0.08219664502953578,-0.29429046940584397
0.056229133046245446,0.08230439367736479,-0.296363617517459
0.056229133046245446,0.08283272761392313,-0.29416452132555354
0.056229133046245446,0.08344462382383704,-0.2943804829745873
0.056229133046245446,0.08361351389585098,-0.29457974610935145
0.056229133046245446,0.08445177608078058,-0.2822651424768771
0.056229133046245446,0.08413652621048656,-0.2909200549920474
0.056229133046245446,0.08468873214915262,-0.2807999211774532
0.056229133046245446,0.08404709943821743,-0.29447169999378675
0.056229133046245446,0.08414666922946717,-0.2943559035617846
0.056229133046245446,0.08503707121100867,-0.27999001269460083
0.056229133046245446,0.0844745467841716,-0.29282609730878
0.056229133046245446,0.08524359157130548,-0.2792140616624577
0.056229133046245446,0.08456973920845072,-0.29389006450919136
0.056229133046245446,0.08537853541146644,-0.29606835156862205
0.056229133046245446,0.08573946599054828,-0.2891658483808911
0.056229133046245446,0.08621928338099018,-0.2891350625818646
0.056229133046245446,0.08637277127481344,-0.2943329746570282
0.056229133046245446,0.0867247498869554,-0.29649486527017205
0.056229133046245446,0.08694435097062803,-0.2936238400007312
0.056229133046245446,0.08762755690409149,-0.28769559364923164
0.056229133046245446,0.08762860446028142,-0.29403898137008483
0.056229133046245446,0.08761050154378397,-0.2957957157630439
0.056229133046245446,0.0877179829145863,-0.2939686522070998
0.056229133046245446,0.08876086551059353,-0.2938349460193604
0.056229133046245446,0.08878861486731796,-0.2935654334557977
0.056229133046245446,0.08976770585451917,-0.2859151561582177
0.056229133046245446,0.09099454444511987,-0.29326937237657175
0.056229133046245446,0.09153479538421136,-0.2844426598092521
0.056229133046245446,0.0909308906807326,-0.29732958057486153
0.056229133046245446,0.09194434427369125,-0.29382572939353724
0.056229133046245446,0.09238775407320936,-0.29369974785920555
0.056229133046245446,0.09249972997230423,-0.2933641963224986
0.056229133046245446,0.09253731855888082,-0.293930532774894
0.056229133046245446,0.09281222902437246,-0.29354446275004714
0.056229133046245446,0.09308246371389671,-0.2934655861223641
0.056229133046245446,0.09306466098850183,-0.2940644909533114
0.056229133046245446,0.09310625640672576,-0.29333069851213484
0.056229133046245446,0.09319790640305566,-0.29336921892369877
0.056229133046245446,0.09321556027956165,-0.29389342535522184
0.056229133046245446,0.0944744673401775,-0.2825207018710565
0.056229133046245446,0.0940073059772839,-0.295254332125677
0.056229133046245446,0.09502004764141228,-0.2811118991942915
0.056229133046245446,0.09514025572958551,-0.2796484204797997
0.056229133046245446,0.09492215610241304,-0.293516661854071
0.056229133046245446,0.09496818652615312,-0.2934380264647231
0.056229133046245446,0.09575514767590128,-0.27959406104376455
0.056229133046245446,0.09494473798197528,-0.2960269302389781
0.056229133046245446,0.09604450100281735,-0.27969073058604177
0.056229133046245446,0.09655834286878892,-0.2781267743595213
0.056229133046245446,0.09645777044601728,-0.29485179090697816
0.056229133046245446,0.09677415177380555,-0.29327345156753837
0.056229133046245446,0.09667065087006572,-0.2960973535486609
0.056229133046245446,0.09700744872964623,-0.2931468488520919
0.056229133046245446,0.09749768481037259,-0.29664439850210433
0.056229133046245446,0.09789242003252674,-0.2935293880729984
0.056229133046245446,0.09797471614107404,-0.2929832261047804
0.056229133046245446,0.0986100219968,-0.2862023980775488
0.056229133046245446,0.098392950570706,-0.29328340170580214
0.056229133046245446,0.09874034981911811,-0.287475234859681
0.056229133046245446,0.09875390558429417,-0.29347908399630107
0.056229133046245446,0.0987817154840802,-0.293439320791827
0.056229133046245446,0.09884884306535267,-0.2934315499560285
0.056229133046245446,0.09922188212366162,-0.2891053816683328
0.056229133046245446,0.09933571978032796,-0.28843016704402014
0.056229133046245446,0.09907744447649561,-0.29385710407239907
0.056229133046245446,0.09924377260089286,-0.2969591823709434
0.056229133046245446,0.10010258383004601,-0.2847318401506899
0.056229133046245446,0.09977615888029324,-0.2932410638863347
0.056229133046245446,0.10018470347756248,-0.2932550285295641
0.056229133046245446,0.10046542043497779,-0.29322143287399216
0.056229133046245446,0.10049161261207336,-0.2929388020049727
0.056229133046245446,0.10052434444641227,-0.29334956609507473
0.056229133046245446,0.100506902321379,-0.29526183403423323
0.056229133046245446,0.10079906464016056,-0.2934098788781007
0.056229133046245446,0.10085047811181538,-0.29311448676619045
0.056229133046245446,0.10089651250245708,-0.2931268149036791
0.056229133046245446,0.10130542112248354,-0.29331713271047677
0.056229133046245446,0.10135322890457996,-0.29339263124659953
0.056229133046245446,0.10155001215625917,-0.2932059671011855
0.056229133046245446,0.10181629877354097,-0.29297190089304326
0.056229133046245446,0.10182266359861591,-0.29334950855830333
0.056229133046245446,0.10187529574553199,-0.29331332367996404
0.056229133046245446,0.10207031298521907,-0.29285716561524705
0.056229133046245446,0.10217171045132759,-0.2929145517512448
0.056229133046245446,0.10222461247453613,-0.29304763057902045
0.056229133046245446,0.10226875418226267,-0.29323035273863474
0.056229133046245446,0.10254696391351195,-0.29317411169779434
0.056229133046245446,0.10260592069474697,-0.2931453196606156
0.056229133046245446,0.10261925583985398,-0.2929398324353369
0.056229133046245446,0.1027246977936446,-0.29308423604912426
0.056229133046245446,0.1028366677519009,-0.2932087404545797
0.056229133046245446,0.10297375239935466,-0.29286421587262756
0.056229133046245446,0.10300639345775434,-0.29276943086245066
0.056229133046245446,0.10311811175407011,-0.29302888723660525
0.056229133046245446,0.10318840404043392,-0.29314641573621125
0.056229133046245446,0.10381175952715323,-0.2829739646031312
0.056229133046245446,0.10354270985560336,-0.29275594249705894
0.056229133046245446,0.10356572740504243,-0.2940362639906235
0.056229133046245446,0.10364874991454893,-0.2928246613035115
0.056229133046245446,0.10370338811368429,-0.29395065333943593
0.056229133046245446,0.1037887538580392,-0.2929389203624873
0.056229133046245446,0.10397615332102293,-0.29307220719252697
0.056229133046245446,0.10415694305694692,-0.29304427456245546
0.056229133046245446,0.10432669755564387,-0.29280603120291554
0.056229133046245446,0.1050485884115298,-0.2814335047044805
0.056229133046245446,0.10459197796680564,-0.29135252390351374
0.056229133046245446,0.10550157450115104,-0.2800946656387472
0.056229133046245446,0.10600134709908839,-0.2794042052219051
0.056229133046245446,0.105421096515008,-0.2928443505703814
0.056229133046245446,0.10647516350603868,-0.27862397702139646
0.056229133046245446,0.105771347634112,-0.29316440359387913
0.056229133046245446,0.10659041617855178,-0.27727839704132023
0.056229133046245446,0.10595211740273672,-0.2939443134560321
0.056229133046245446,0.10616005838871045,-0.29282259599605204
0.056229133046245446,0.10617467631985127,-0.29280618146891274
0.056229133046245446,0.10621750719300418,-0.29328597950195345
0.056229133046245446,0.10668609118153252,-0.29606969408190054
0.056229133046245446,0.10752817307054605,-0.2924614393729234
0.056229133046245446,0.10743978250589724,-0.29594159949541826
0.056229133046245446,0.10824354597494329,-0.29565308566233106
0.056229133046245446,0.10823804170605189,-0.2966636330047951
0.056229133046245446,0.1085486715813932,-0.2925472971802762
0.056229133046245446,0.10929798664814705,-0.29228329751554344
0.056229133046245446,0.10914781723080236,-0.2972185440379562
0.056229133046245446,0.1095399020938318,-0.2923194063126064
0.056229133046245446,0.11030286918337698,-0.29254125844531864
0.056229133046245446,0.1106244614605667,-0.29229450224291
0.056229133046245446,0.11055920553477794,-0.2936710780056044
0.056229133046245446,0.11076055688466271,-0.29200245720522805
0.056229133046245446,0.11115734994929814,-0.2863465184175468
0.056229133046245446,0.11133478814378124,-0.284940053153543
0.056229133046245446,0.11113633616249978,-0.29208408896724675
0.056229133046245446,0.11125544213025215,-0.29244022298662553
0.056229133046245446,0.11130715708865782,-0.2923363167435058
0.056229133046245446,0.11131639770370562,-0.29263624708704566
0.056229133046245446,0.11143980114715848,-0.29286170159716024
0.056229133046245446,0.1118751288658622,-0.29311100319417316
0.056229133046245446,0.11212431928307913,-0.2926577636092754
0.056229133046245446,0.11232608955606424,-0.29264455372809334
0.056229133046245446,0.11306655424679793,-0.2835072415325062
0.056229133046245446,0.11266420821911585,-0.2934552440661248
0.056229133046245446,0.113101834307114,-0.2886882513094223
0.056229133046245446,0.1131147327522434,-0.28868777447226407
0.056229133046245446,0.113136273667512,-0.29219059371477657
0.056229133046245446,0.11322828422044508,-0.2924602510342412
0.056229133046245446,0.11336622934218446,-0.2922907343611945
0.056229133046245446,0.11432350544375515,-0.2820018912898116
0.056229133046245446,0.11402950299300009,-0.29192330800266747
0.056229133046245446,0.11420068632949001,-0.2951862419695366
0.056229133046245446,0.1147982285988476,-0.2918371836539053
0.056229133046245446,0.11572896711250788,-0.2805156638312853
0.056229133046245446,0.11533375425538256,-0.2919803052253977
0.056229133046245446,0.11533577188140343,-0.2926750112865367
0.056229133046245446,0.11608399909673071,-0.27923482802998023
0.056229133046245446,0.11631677501101116,-0.2790447258845442
0.056229133046245446,0.11598906000152862,-0.29195155610377715
0.056229133046245446,0.11602352635907304,-0.2926521346740428
0.056229133046245446,0.1168271372564024,-0.2778714628852389
0.056229133046245446,0.1161746998475696,-0.2925339040623937
0.056229133046245446,0.11635359767218398,-0.2926111240330114
0.056229133046245446,0.11658177797253122,-0.2919956989925459
0.056229133046245446,0.11658276599956571,-0.29254760268149316
0.056229133046245446,0.11748248975067148,-0.27650120299493436
0.056229133046245446,0.11682958215752073,-0.29174280061642616
0.056229133046245446,0.11782190252288006,-0.2790881055104185
0.056229133046245446,0.11750517951715692,-0.291745535824786
0.056229133046245446,0.1176171836294799,-0.29173514073462675
0.056229133046245446,0.11825543151610421,-0.29160413937037544
0.056229133046245446,0.11855632377967006,-0.2916975495094321
0.056229133046245446,0.11882610160790708,-0.29609763526412847
0.056229133046245446,0.11902042882485818,-0.29636706410944075
0.056229133046245446,0.11966280609476196,-0.2920229526382043
0.056229133046245446,0.11991854415853773,-0.2938344952137306
0.056229133046245446,0.12030040347152601,-0.29207803862913145
0.056229133046245446,0.12044513491958644,-0.29154784430258956
0.056229133046245446,0.12048922136457575,-0.29701532378295825
0.056229133046245446,0.12074670349222437,-0.2964580717916028
0.056229133046245446,0.12083254983181525,-0.2951576640523824
0.056229133046245446,0.12103962756178417,-0.2921271563831004
0.056229133046245446,0.12128096870383397,-0.29130229773784716
0.056229133046245446,0.12134613634321251,-0.29210477379973376
0.056229133046245446,0.1223100909480586,-0.2908931510795989
0.056229133046245446,0.122588335694274,-0.288963240124321
0.056229133046245446,0.12292397699804952,-0.2887959623775027
0.056229133046245446,0.12312925614999837,-0.2918475798685192
0.056229133046245446,0.1235327892757723,-0.291399122521565
0.056229133046245446,0.12345479315851934,-0.2933232587861394
0.056229133046245446,0.12371618322328273,-0.2904736263046073
0.056229133046245446,0.12386968604520505,-0.29040281598661416
0.056229133046245446,0.12386559919055483,-0.2912636812090436
0.056229133046245446,0.12434382664714655,-0.28413588120216876
0.056229133046245446,0.12400803218741684,-0.2910095059657198
0.056229133046245446,0.12452259518692047,-0.28570656597019345
0.056229133046245446,0.12477324042623994,-0.2825511825500303
0.056229133046245446,0.12444280176438913,-0.29103758357167325
0.056229133046245446,0.12481454468234242,-0.2887537927257162
0.056229133046245446,0.1256491305059194,-0.281218399045459
0.056229133046245446,0.12519444611864694,-0.2909050407034192
0.056229133046245446,0.12538723631561377,-0.29315603432000736
0.056229133046245446,0.12540509450152537,-0.29567665016850836
0.056229133046245446,0.1258324659037352,-0.2912869642500172
0.056229133046245446,0.1257785794572069,-0.29262683067434153
0.056229133046245446,0.12595343064977987,-0.2900960499563933
0.056229133046245446,0.1260541521715869,-0.29070465974164317
0.056229133046245446,0.1266952259016941,-0.2789468083235449
0.056229133046245446,0.12667960258797265,-0.2798277446779438
0.056229133046245446,0.12722233236019678,-0.2785375221003425
0.056229133046245446,0.12675603889817633,-0.2882996889243504
0.056229133046245446,0.1274795236764032,-0.2760352324247298
0.056229133046245446,0.12672074323738233,-0.2913139083768551
0.056229133046245446,0.12764356530716076,-0.2772541715440773
0.056229133046245446,0.12668935656118802,-0.2963512273061029
0.056229133046245446,0.12708235328418685,-0.29167641790012633
0.056229133046245446,0.12705145398081957,-0.2967371018698169
0.056229133046245446,0.12749347524135185,-0.2903534507880379
0.056229133046245446,0.1277980203290776,-0.287347921137387
0.056229133046245446,0.12763195616741188,-0.2908867350407154
0.056229133046245446,0.1274219251051903,-0.29699089369432524
0.056229133046245446,0.12868506515549627,-0.28713582228313006
0.056229133046245446,0.1289720732471627,-0.2898568854811492
0.056229133046245446,0.12902946084560799,-0.29123736942073
0.056229133046245446,0.12883920588954623,-0.29549710924386535
0.056229133046245446,0.12908489462924416,-0.29506927397709504
0.056229133046245446,0.12927887333364327,-0.292625491705737
0.056229133046245446,0.12947352972758822,-0.29093459987225395
0.056229133046245446,0.12979408572373857,-0.28666600181351876
0.056229133046245446,0.1295203824353895,-0.2970004081645196
0.056229133046245446,0.13025144066192587,-0.28754962439653503
0.056229133046245446,0.13070495546880354,-0.28937858685638695
0.056229133046245446,0.130464215922145,-0.2966985523113749
0.056229133046245446,0.1309512277350904,-0.2906345962627763
0.056229133046245446,0.1308314190300117,-0.2971612318713879
0.056229133046245446,0.13175187983024167,-0.29265058943678907
0.056229133046245446,0.13202420191085665,-0.29025261410034503
0.056229133046245446,0.13276842594935734,-0.2869344115688492
0.056229133046245446,0.13283894136891716,-0.29086334524428575
0.056229133046245446,0.13291641185258293,-0.2909428923645291
0.056229133046245446,0.13326119529716426,-0.2904106792228844
0.056229133046245446,0.13310994830435754,-0.29585998576444117
0.056229133046245446,0.13365231021934296,-0.290335230157526
0.056229133046245446,0.13360113043066085,-0.29462683827345226
0.056229133046245446,0.13378924559974772,-0.2968740785291061
0.056229133046245446,0.13419709169893967,-0.2911637426855799
0.056229133046245446,0.13403937569413849,-0.29770905750076077
0.056229133046245446,0.13407592562592158,-0.29709405506346637
0.056229133046245446,0.1347903666238907,-0.28993869666314315
0.056229133046245446,0.1351804021516485,-0.29264071497488064
0.056229133046245446,0.13543086182908118,-0.2906573104217879
0.056229133046245446,0.13553572716999218,-0.29009437857153114
0.056229133046245446,0.1358772076634288,-0.28974942054049213
0.056229133046245446,0.13592213087218483,-0.28977212399913665
0.056229133046245446,0.13601729862098186,-0.29020707284732034
0.056229133046245446,0.1368094831317968,-0.2806609800614837
0.056229133046245446,0.13634878128763683,-0.29064942343033173
0.056229133046245446,0.13641458349509827,-0.2904494107047258
0.056229133046245446,0.13722249711636345,-0.2757039988504285
0.056229133046245446,0.1366443564652363,-0.2898065099541084
0.056229133046245446,0.13721076084792125,-0.27875424484471434
0.056229133046245446,0.13671804569903545,-0.28979239603359647
0.056229133046245446,0.13654935024522782,-0.29369896256656847
0.056229133046245446,0.13680455985279089,-0.2897248016629813
0.056229133046245446,0.13702686576917014,-0.28623617102940613
0.056229133046245446,0.13680457223704873,-0.2907320696764579
0.056229133046245446,0.1373991815765029,-0.27941183029734634
0.056229133046245446,0.1375118682944886,-0.2781938902416964
0.056229133046245446,0.13758594702415605,-0.27694473364271216
0.056229133046245446,0.13733525473169586,-0.2837481141027334
0.056229133046245446,0.1372372098133301,-0.2871126489469661
0.056229133046245446,0.13737206919482994,-0.2857166664267508
0.056229133046245446,0.13765448913004694,-0.2819698009220758
0.056229133046245446,0.13735115248882057,-0.28982495519287266
0.056229133046245446,0.13736845768518557,-0.2906104781469781
0.056229133046245446,0.1373111079169438,-0.2958490763938679
0.056229133046245446,0.1376446808873288,-0.28956293275538436
0.056229133046245446,0.13789049908931947,-0.2900018780215481
0.056229133046245446,0.13800704542880612,-0.2896246811165923
0.056229133046245446,0.1381375650332769,-0.297896585033804
0.056229133046245446,0.13897050601193855,-0.28946523475390284
0.056229133046245446,0.13904711441173598,-0.2902376771443407
0.056229133046245446,0.1393936235015086,-0.2851123589740921
0.056229133046245446,0.13894948855549477,-0.2966306439306896
0.056229133046245446,0.1393193171169786,-0.28988441622395383
0.056229133046245446,0.13954040526463588,-0.28722519994255374
0.056229133046245446,0.13946857020994052,-0.28959077198054567
0.056229133046245446,0.13945562909463155,-0.29006935570789855
0.056229133046245446,0.13962661103293872,-0.29026866606580193
0.056229133046245446,0.13969456159748916,-0.2898200417569836
0.056229133046245446,0.1397724045591148,-0.28942517160472186
0.056229133046245446,0.13961137328367976,-0.294220096480359
0.056229133046245446,0.1401210073667887,-0.28513148983479447
0.056229133046245446,0.1399298511550306,-0.28942213797559957
0.056229133046245446,0.13996614371382554,-0.28994046767359394
0.056229133046245446,0.13959344179813488,-0.29742355743620646
0.056229133046245446,0.13988675184965818,-0.2920932780398141
0.056229133046245446,0.14024291114066825,-0.28940887594213704
0.056229133046245446,0.14025232567319945,-0.2901294704282599
0.056229133046245446,0.14028595847715547,-0.29016685647779444
0.056229133046245446,0.14041432634157122,-0.2888582807263699
0.056229133046245446,0.1405656034410598,-0.28945730930832164
0.056229133046245446,0.14073350233183757,-0.2864117323015943
0.056229133046245446,0.1409101936740544,-0.2848655367936127
0.056229133046245446,0.1407910827389914,-0.29007462018816055
0.056229133046245446,0.1411405175237307,-0.28459489614443195
0.056229133046245446,0.14096906897812164,-0.2892978422792398
0.056229133046245446,0.14092468715667966,-0.29033927558473327
0.056229133046245446,0.14102599449284564,-0.2894789181787702
0.056229133046245446,0.14108531291246923,-0.2894286367337482
0.056229133046245446,0.14119602225536274,-0.2892267892195123
0.056229133046245446,0.14100924430294431,-0.29343605513826937
0.056229133046245446,0.14131226269902342,-0.2898014265255585
0.056229133046245446,0.14187105064161323,-0.29022267113175154
0.056229133046245446,0.1420449204611743,-0.289239530629923
0.056229133046245446,0.14205881672646328,-0.29039646022895754
0.056229133046245446,0.14212271779513766,-0.290294731983732
0.056229133046245446,0.1426067204419459,-0.2899404400548396
0.056229133046245446,0.14278411625713727,-0.29020643032295357
0.056229133046245446,0.14300226331848115,-0.28646948179903287
0.056229133046245446,0.1428449737984172,-0.28981923248961144
0.056229133046245446,0.1429024390875524,-0.2894361778107838
0.056229133046245446,0.14292333375385144,-0.28927316333122427
0.056229133046245446,0.1429348328452218,-0.2892639546461905
0.056229133046245446,0.14302265971800485,-0.28911063286924854
0.056229133046245446,0.14266279729812054,-0.2982145476421006
0.056229133046245446,0.1435281422689619,-0.28334130832649057
0.056229133046245446,0.1434325173427178,-0.2867453116760172
0.056229133046245446,0.14317674576188338,-0.2919162200756742
0.056229133046245446,0.14301913247777326,-0.2964808505929508
0.056229133046245446,0.14376001400386867,-0.2848561243149816
0.056229133046245446,0.1434646120460112,-0.29204953960271857
0.056229133046245446,0.1433873446347556,-0.2966730657592665
0.056229133046245446,0.1437621195787844,-0.28973696459646064
0.056229133046245446,0.14387359268296734,-0.2941571386895884
0.056229133046245446,0.144091698453866,-0.28981691597714543
0.056229133046245446,0.14431789100885245,-0.2863573159772546
0.056229133046245446,0.14418211693631555,-0.28964396030229683
0.056229133046245446,0.14419455857137511,-0.2916156031108236
0.056229133046245446,0.1441826244159167,-0.29190485334593474
0.056229133046245446,0.1441849631697449,-0.2918743126467781
0.056229133046245446,0.14389679310455433,-0.29767931601441006
0.056229133046245446,0.14445203717522834,-0.289175036721225
0.056229133046245446,0.14452104692481044,-0.2890514086301373
0.056229133046245446,0.1445271901960805,-0.2897626719630862
0.056229133046245446,0.1446264226660358,-0.2897254388093481
0.056229133046245446,0.14468976285782412,-0.2899368736818198
0.056229133046245446,0.14464834998557172,-0.2914541495267404
0.056229133046245446,0.1450128826418019,-0.2856233804917386
0.056229133046245446,0.14480635412558462,-0.2900579102402991
0.056229133046245446,0.14490621291638522,-0.28951271539479007
0.056229133046245446,0.14522482357784672,-0.2889231856067248
0.056229133046245446,0.14525219043013113,-0.2889973553867672
0.056229133046245446,0.14547328588937844,-0.2902759321238612
0.056229133046245446,0.14563805749492376,-0.29005663223522743
0.056229133046245446,0.14569254629650213,-0.29092749221770425
0.056229133046245446,0.1460497199120833,-0.28879495705937264
0.056229133046245446,0.14607452221765768,-0.28900744834459613
0.056229133046245446,0.14680255811569773,-0.27547378949871143
0.056229133046245446,0.14611865194665297,-0.2911455962090244
0.056229133046245446,0.14621462749523675,-0.28961445996155183
0.056229133046245446,0.14632766854763113,-0.289041795549574
0.056229133046245446,0.14652178153577067,-0.28543264278012653
0.056229133046245446,0.14626103922755623,-0.29175106525669314
0.056229133046245446,0.14637341196559756,-0.28956428952974633
0.056229133046245446,0.1464408226624262,-0.28998912289741213
0.056229133046245446,0.14634439643742309,-0.2920270280515315
0.056229133046245446,0.14719507188708028,-0.2768590854946045
0.056229133046245446,0.14620979531443845,-0.2977254342517505
0.056229133046245446,0.1465483688966698,-0.2912634121976187
0.056229133046245446,0.14723173971485093,-0.27810720320349963
0.056229133046245446,0.14673327814035395,-0.2910663820878854
0.056229133046245446,0.1468305612192815,-0.28937511808716526
0.056229133046245446,0.14671224261576798,-0.2918665808520158
0.056229133046245446,0.14686877554165456,-0.28972835251296697
0.056229133046245446,0.14688957219630733,-0.2913749856297779
0.056229133046245446,0.14694431207882327,-0.2942749525193441
0.056229133046245446,0.1472309207596542,-0.289108463661825
0.056229133046245446,0.14778629566774565,-0.2787280381746314
0.056229133046245446,0.1470439105424202,-0.2938807516002987
0.056229133046245446,0.14693670015115437,-0.29685251785713634
0.056229133046245446,0.14737421761272623,-0.2888677268784459
0.056229133046245446,0.1469087543787461,-0.29833030680869316
0.056229133046245446,0.1473780461583778,-0.28974892579916167
0.056229133046245446,0.1473584846709537,-0.29088737629463074
0.056229133046245446,0.14795623850693507,-0.27934364405273937
0.056229133046245446,0.14743162357657555,-0.28995909927085295
0.056229133046245446,0.14778996839714914,-0.2829603102479612
0.056229133046245446,0.1481122993177668,-0.2804537912334749
0.056229133046245446,0.14798650526082627,-0.2834412285350151
0.056229133046245446,0.14741460613878518,-0.2962182548266957
0.056229133046245446,0.1478104475107383,-0.28977786453621635
0.056229133046245446,0.14799477750976914,-0.2898835350660083
0.056229133046245446,0.14826035712094732,-0.28838498733641693
0.056229133046245446,0.14838244060620825,-0.2859535006128685
0.056229133046245446,0.1482653464704191,-0.28859576816266624
0.056229133046245446,0.14827141582564063,-0.2888541238685502
0.056229133046245446,0.1484303124257637,-0.28668408165091747
0.056229133046245446,0.1481547605658847,-0.2936385601540412
0.056229133046245446,0.14823843173447376,-0.2925641576295827
0.056229133046245446,0.14842813216689776,-0.2898361898054912
0.056229133046245446,0.1484322237287971,-0.29008755663444735
0.056229133046245446,0.14864032297468296,-0.28721192353569563
0.056229133046245446,0.1485882219797135,-0.2886136799649504
0.056229133046245446,0.14854881145673837,-0.28952777929413426
0.056229133046245446,0.1486627217130965,-0.2894261453703379
0.056229133046245446,0.1491419382045007,-0.2817032692285901
0.056229133046245446,0.14880830847902266,-0.28905643347049614
0.056229133046245446,0.148598510211043,-0.29402376491613913
0.056229133046245446,0.1489534048245802,-0.2896735111813972
0.056229133046245446,0.1489982450893695,-0.29158554757626165
0.056229133046245446,0.1490715238905555,-0.2908970289066487
0.056229133046245446,0.14942563326843242,-0.28877112252915527
0.056229133046245446,0.14918680813298923,-0.2966058309014382
0.056229133046245446,0.14972798505176207,-0.2866441899555637
0.056229133046245446,0.14958872092774006,-0.2906899842975904
0.056229133046245446,0.14980442242774336,-0.28709685613607194
0.056229133046245446,0.14978634844688002,-0.28868035834828976
0.056229133046245446,0.14975982270290208,-0.28956887379562035
0.056229133046245446,0.14937460267153757,-0.2981907168971419
0.056229133046245446,0.14987429300560176,-0.29032616876912254
0.056229133046245446,0.1500359641231898,-0.288956164179526
0.056229133046245446,0.15004420431573917,-0.2896404372135855
0.056229133046245446,0.14995766080806114,-0.29277075825553484
0.056229133046245446,0.15017162394029201,-0.28922966515622567
0.056229133046245446,0.14993756557749383,-0.2957888502270092
0.056229133046245446,0.15030435088327046,-0.2891845969430938
0.056229133046245446,0.15028067420757993,-0.291210777275639
0.056229133046245446,0.15062415012195923,-0.2866239694260669
0.056229133046245446,0.1501335586358111,-0.2975645720240332
0.056229133046245446,0.15063186679028714,-0.28839379121424924
0.056229133046245446,0.15076275054578647,-0.28675997993543806
0.056229133046245446,0.15076141384126454,-0.2878278198277333
0.056229133046245446,0.15072489005875359,-0.2892189676596357
0.056229133046245446,0.15058553135355598,-0.2936986937817152
0.056229133046245446,0.15136468085827645,-0.28137045967443364
0.056229133046245446,0.15111676309006436,-0.2896256809562887
0.056229133046245446,0.15146222646497878,-0.28843491689059253
0.056229133046245446,0.15148211905060313,-0.2887348318625774
0.056229133046245446,0.15114037547093265,-0.29649720680277164
0.056229133046245446,0.15116091685206226,-0.29620258599403787
0.056229133046245446,0.151770414340168,-0.2856899312257454
0.056229133046245446,0.15167886376287787,-0.2903103208811276
0.056229133046245446,0.1517707771016123,-0.2908165663868852
0.056229133046245446,0.15196351491862795,-0.2884875383857123
0.056229133046245446,0.15204795673752444,-0.28828931297745986
0.056229133046245446,0.15232092829304578,-0.2885640604617258
0.056229133046245446,0.15255665577894992,-0.28851454848044744
0.056229133046245446,0.15282555067497722,-0.28456745570922887
0.056229133046245446,0.15282358724727127,-0.2885470739769811
0.056229133046245446,0.15240369974384482,-0.29729115989564564
0.056229133046245446,0.15293109385631842,-0.2880362927178485
0.056229133046245446,0.15290402124975053,-0.2887695823721035
0.056229133046245446,0.15317683685819605,-0.28352863119673544
0.056229133046245446,0.15277113901662293,-0.291699814286598
0.056229133046245446,0.1528787640871818,-0.2900881515299969
0.056229133046245446,0.1529418411334202,-0.2889737910960183
0.056229133046245446,0.15305915861634925,-0.2879824718738215
0.056229133046245446,0.15302781605489987,-0.28873668726709606
0.056229133046245446,0.15298115265300388,-0.2908034736412409
0.056229133046245446,0.1531200071997069,-0.28933623384342905
0.056229133046245446,0.15351811363465176,-0.2878209451702029
0.056229133046245446,0.1535296910869673,-0.2877814292428634
0.056229133046245446,0.15352932050013446,-0.2878423620832347
0.056229133046245446,0.154405200605011,-0.2793253960942653
0.056229133046245446,0.15406252096458645,-0.28812836915849005
0.056229133046245446,0.15412854320676736,-0.29155875018781413
0.056229133046245446,0.15414808318121964,-0.29439510550332704
0.056229133046245446,0.1543992936243368,-0.2899857614021513
0.056229133046245446,0.15456697693770047,-0.28829292064328
0.056229133046245446,0.15477838922887927,-0.288192961648209
0.056229133046245446,0.15483680454293752,-0.28778424369164757
0.056229133046245446,0.15484919073252465,-0.2881340655904573
0.056229133046245446,0.15497644532534402,-0.28622702154794155
0.056229133046245446,0.15492135263877785,-0.28996354829476567
0.056229133046245446,0.15528979550576225,-0.28757036224124655
0.056229133046245446,0.15526807454535244,-0.2880391010569627
0.056229133046245446,0.1552819049321499,-0.288248416545738
0.056229133046245446,0.15506219151037431,-0.29571295660076286
0.056229133046245446,0.15608286600625332,-0.27539810933319925
0.056229133046245446,0.15540077463059052,-0.2900989409420552
0.056229133046245446,0.1555892200046691,-0.28722798447332554
0.056229133046245446,0.15545096512915177,-0.29028899750216103
0.056229133046245446,0.15553752116792138,-0.29482683164780893
0.056229133046245446,0.15597954074364634,-0.28777868871000273
0.056229133046245446,0.15671793382351518,-0.276872031241172
0.056229133046245446,0.15629223271646894,-0.2878543639271633
0.056229133046245446,0.15746740379399995,-0.2782586927811601
0.056229133046245446,0.1571135041098704,-0.28806205897530623
0.056229133046245446,0.15729879133594202,-0.2861450671521432
0.056229133046245446,0.15718897864053663,-0.2884903126843668
0.056229133046245446,0.15764970428101593,-0.28030799342893004
0.056229133046245446,0.15739971243040857,-0.2877182434223986
0.056229133046245446,0.15733024091939782,-0.28963153055354635
0.056229133046245446,0.15796514188885546,-0.2788744543944815
0.056229133046245446,0.15752503967475098,-0.2899986018245036
0.056229133046245446,0.15790065203678766,-0.28332069361254386
0.056229133046245446,0.15782497596761177,-0.2879054074914389
0.056229133046245446,0.15793344676635668,-0.2894746159529013
0.056229133046245446,0.15794609085036274,-0.2892918023585082
0.056229133046245446,0.15856860056717736,-0.2794664134288431
0.056229133046245446,0.15792479229289796,-0.29353578077427334
0.056229133046245446,0.15824830767694978,-0.2906742268261513
0.056229133046245446,0.15842935715917078,-0.2892295611840197
0.056229133046245446,0.1587690222580972,-0.2867340307377791
0.056229133046245446,0.15891672367147736,-0.28527114521636004
0.056229133046245446,0.15883977890150866,-0.2877413309414195
0.056229133046245446,0.1592323916702429,-0.28834340430601807
0.056229133046245446,0.15909091492089314,-0.29560264022027694
0.056229133046245446,0.15956190713021623,-0.28785159693728574
0.056229133046245446,0.1595967886625672,-0.2885515904227222
0.056229133046245446,0.1596566165031378,-0.28793064924079337
0.056229133046245446,0.15969676361590662,-0.28804764710772846
0.056229133046245446,0.15953579554510222,-0.2916031482299324
0.056229133046245446,0.1600071816249735,-0.28447016637786365
0.056229133046245446,0.15971821164558325,-0.2923202687436799
0.056229133046245446,0.15994991325650923,-0.2880327200686838
0.056229133046245446,0.15991287564912737,-0.2914449021200497
0.056229133046245446,0.16013098370479192,-0.28940986694850296
0.056229133046245446,0.16020090805522347,-0.2897183850501576
0.056229133046245446,0.1604679228519863,-0.2876874490373856
0.056229133046245446,0.16111622256828168,-0.28074920921335206
0.056229133046245446,0.1614668088788077,-0.2880842068311947
0.056229133046245446,0.1618541542942104,-0.28686212767020186
0.056229133046245446,0.16180777972363858,-0.2904682915887777
0.056229133046245446,0.16256525849898368,-0.28650943428085435
0.056229133046245446,0.16243234629260284,-0.2904620218270306
0.056229133046245446,0.1631049507614358,-0.2830134624244902
0.056229133046245446,0.1633358488813568,-0.28176557635643257
0.056229133046245446,0.16340575928949858,-0.29258496347777063
0.056229133046245446,0.16424323747628472,-0.27728315191776254
0.056229133046245446,0.16381933323250314,-0.287900468297096
0.056229133046245446,0.16457973000162812,-0.2774169733032619
0.056229133046245446,0.16467263874167176,-0.27740308542102926
0.056229133046245446,0.16418123481053312,-0.2877707752022701
0.056229133046245446,0.16419588744379648,-0.28819485638043957
0.056229133046245446,0.1643084219914337,-0.2864196158513116
0.056229133046245446,0.16429687112936608,-0.28836785638657353
0.056229133046245446,0.16458842529856785,-0.28326631332707275
0.056229133046245446,0.16511359498679729,-0.2837121880723195
0.056229133046245446,0.1649277237070064,-0.2903325838921236
0.056229133046245446,0.16501320646703752,-0.2893761747336704
0.056229133046245446,0.16507568795142208,-0.28847470425683885
0.056229133046245446,0.16503665531583606,-0.29052543688391047
0.056229133046245446,0.16547804387934756,-0.2820750447085044
0.056229133046245446,0.1653873437403444,-0.28996294162063
0.056229133046245446,0.16605885454899535,-0.27698268428004647
0.056229133046245446,0.16620621026457394,-0.27542900518971225
0.056229133046245446,0.16541968498141948,-0.2949069009740555
0.056229133046245446,0.16574297169314997,-0.2904446699086387
0.056229133046245446,0.1659978985961366,-0.28745820168131586
0.056229133046245446,0.1661690642921444,-0.2850570007088177
0.056229133046245446,0.1664891807367317,-0.2829122809845118
0.056229133046245446,0.16621268737119146,-0.2913908790616986
0.056229133046245446,0.1663741224311046,-0.29126524548790206
0.056229133046245446,0.16677562267774787,-0.28851540347737215
0.056229133046245446,0.1673571588266149,-0.2786566756891485
0.056229133046245446,0.16694101874044281,-0.2906928184020155
0.056229133046245446,0.16711454488947278,-0.28749136112640933
0.056229133046245446,0.16693683253167163,-0.292293207493095
0.056229133046245446,0.16722512750539764,-0.2873306085198898
0.056229133046245446,0.16715371837077006,-0.2898931062001512
0.056229133046245446,0.167255404034002,-0.28966571040971123
0.056229133046245446,0.1674516143482486,-0.28750598321060594
0.056229133046245446,0.16799055444488764,-0.27931054973218183
0.056229133046245446,0.16767170648215673,-0.2878151730728633
0.056229133046245446,0.16773709006176138,-0.28745567290406543
0.056229133046245446,0.16831744108972382,-0.28728481807851436
0.056229133046245446,0.16844188621447143,-0.28502674346552864
0.056229133046245446,0.16805652637317667,-0.29347929550963725
0.056229133046245446,0.16838838448369967,-0.28784472183386395
0.056229133046245446,0.16889715427383353,-0.28018056893885035
0.056229133046245446,0.16847288147003406,-0.2894922917040364
0.056229133046245446,0.16904985462606595,-0.27982923940671584
0.056229133046245446,0.16919263278059216,-0.27727856758134867
0.056229133046245446,0.16838655115181433,-0.29342277614414297
0.056229133046245446,0.16877927886526,-0.28866583444124994
0.056229133046245446,0.17022540437298117,-0.2816870520305017
0.056229133046245446,0.1705439617502673,-0.27925030335845397
0.056229133046245446,0.17063303368907862,-0.28511226046969
0.056229133046245446,0.1707439856581674,-0.2846122060176121
0.056229133046245446,0.17123471986539796,-0.28931996702281637
0.056229133046245446,0.17173158909248765,-0.2871167829551558
0.056229133046245446,0.17201845160114462,-0.2917834497955606
0.056229133046245446,0.17242767092553699,-0.28471296178996913
0.056229133046245446,0.17210897934754865,-0.29177798806630095
0.056229133046245446,0.17285690713874083,-0.27824942748705533
0.056229133046245446,0.17270682960870853,-0.2815871598460695
0.056229133046245446,0.1725188446730294,-0.29175717001320367
0.056229133046245446,0.17274818560086475,-0.2909245862947426
0.056229133046245446,0.1728937735821281,-0.2895872097380405
0.056229133046245446,0.17352462418635145,-0.2858817688083012
0.056229133046245446,0.17367639042437255,-0.2900580827658822
0.056229133046245446,0.17372470633140447,-0.29431017658748754
0.056229133046245446,0.17420279007305603,-0.28766841797707743
0.056229133046245446,0.17413326890414815,-0.2921461658981296
0.056229133046245446,0.17477797061532965,-0.2799671494077466
0.056229133046245446,0.17489834481788424,-0.27881592651074505
0.056229133046245446,0.17450138776780794,-0.2895900330313129
0.056229133046245446,0.17438574124920928,-0.2929994507319566
0.056229133046245446,0.17471343050168006,-0.2899953895516908
0.056229133046245446,0.17542822102099914,-0.28126876178482824
0.056229133046245446,0.17549805670491958,-0.2872047261363714
0.056229133046245446,0.17534180631207655,-0.29045205437593297
0.056229133046245446,0.17636036005697048,-0.27708415542466547
0.056229133046245446,0.17589202041646074,-0.28690245329458575
0.056229133046245446,0.17589912120604312,-0.2869607895245598
0.056229133046245446,0.17592042398943647,-0.29025913931145303
0.056229133046245446,0.1759875522037804,-0.2903134888043625
0.056229133046245446,0.17621215571382065,-0.28675690901681505
0.056229133046245446,0.176278316032837,-0.2922593404830451
0.056229133046245446,0.17661256080771162,-0.2866570350094698
0.056229133046245446,0.17661567755324897,-0.2868094778069899
0.056229133046245446,0.17680927700116572,-0.28492721965633117
0.056229133046245446,0.1772841898756405,-0.2823021029326794
0.056229133046245446,0.17675812037642225,-0.2940069454516884
0.056229133046245446,0.17720292280840708,-0.28738767293981665
0.056229133046245446,0.1772952503546471,-0.2860824371243552
0.056229133046245446,0.17742142595990895,-0.28414746670968294
0.056229133046245446,0.17791876996987055,-0.28377043416679354
0.056229133046245446,0.17770440184138775,-0.2916736422357103
0.056229133046245446,0.1786958624673769,-0.28810521872666395
0.056229133046245446,0.1791352574528264,-0.28290602967965817
0.056229133046245446,0.17933123436933165,-0.2832616700457878
0.056229133046245446,0.17973266307655544,-0.27552842237542846
0.056229133046245446,0.18026013450017794,-0.27970959893279307
0.056229133046245446,0.18039418534152146,-0.2887587595077849
0.056229133046245446,0.18094346523524357,-0.2790925562333834
0.056229133046245446,0.18058843432040686,-0.28747581039153447
0.056229133046245446,0.18124936183740806,-0.282076957103814
0.056229133046245446,0.18143571796114907,-0.2825427829861426
0.056229133046245446,0.18111212395562365,-0.2892720163308234
0.056229133046245446,0.18176365886803958,-0.2782574000086027
0.056229133046245446,0.18180853078718023,-0.2786302822566316
0.056229133046245446,0.18172416714233613,-0.2824761686313987
0.056229133046245446,0.1815170734986717,-0.2891720665867706
0.056229133046245446,0.18168346955508044,-0.28991879034639384
0.056229133046245446,0.1818960525519142,-0.28956221378249064
0.056229133046245446,0.18170435030001447,-0.2939234305648338
0.056229133046245446,0.18202115229246504,-0.2921188302051157
0.056229133046245446,0.18274077285242873,-0.2802694077056139
0.056229133046245446,0.18275349662649268,-0.2804752996349275
0.056229133046245446,0.18236532408743963,-0.28902437782722973
0.056229133046245446,0.18292154066256444,-0.28197685656553495
0.056229133046245446,0.1829624043902719,-0.2830068819024092
0.056229133046245446,0.18317867173002972,-0.27893357374522154
0.056229133046245446,0.1831202215407155,-0.28422805113683897
0.056229133046245446,0.18345499724121436,-0.2822716746473646
0.056229133046245446,0.18315416929051215,-0.29232729324945345
0.056229133046245446,0.18403421280136803,-0.2767034815793403
0.056229133046245446,0.18395984934969195,-0.28153201273855444
0.056229133046245446,0.18375297471329055,-0.2927955564452589
0.056229133046245446,0.18401926738574403,-0.29401670700618393
0.056229133046245446,0.18450037874285255,-0.2864515254598779
0.056229133046245446,0.18453991354805832,-0.2863903827769712
0.056229133046245446,0.1842588662283998,-0.29335270057251595
0.056229133046245446,0.1847386780317794,-0.2840061650177059
0.056229133046245446,0.18505972765149784,-0.28327635545522534
0.056229133046245446,0.18507701382927755,-0.28334579207233457
0.056229133046245446,0.18510784515282125,-0.28524345707505283
0.056229133046245446,0.18486585101238667,-0.2901126566649338
0.056229133046245446,0.18524915722858945,-0.28437505312203
0.056229133046245446,0.18532349844986465,-0.2838280069557119
0.056229133046245446,0.18563436504622657,-0.28127808930421
0.056229133046245446,0.18551816739248686,-0.28618845264878817
0.056229133046245446,0.18528156398167492,-0.29438552525372175
0.056229133046245446,0.18572809783003313,-0.2899973426998966
0.056229133046245446,0.1861080773711282,-0.2860707516971071
0.056229133046245446,0.1866422402397236,-0.27635344751867535
0.056229133046245446,0.18624307471930843,-0.28645675788473574
0.056229133046245446,0.18656016562964448,-0.2838826410006047
0.056229133046245446,0.18698257098069912,-0.28378376812546624
0.056229133046245446,0.18673688080261902,-0.29349459924659727
0.056229133046245446,0.18762908705145379,-0.284246695256615
0.056229133046245446,0.1881228617353685,-0.28539378575969215
0.056229133046245446,0.188243795592124,-0.2842797244651697
0.056229133046245446,0.18830456974610055,-0.2855478263454686
0.056229133046245446,0.18791475150978904,-0.29367352654015055
0.056229133046245446,0.18811692781545142,-0.29029886788132114
0.056229133046245446,0.1887010353562011,-0.2800632070125709
0.056229133046245446,0.18892972229969476,-0.27678433766702537
0.056229133046245446,0.18866177268829776,-0.285466176233994
0.056229133046245446,0.18904340755527932,-0.28445813011347937
0.056229133046245446,0.18906880110365146,-0.28434195803001816
0.056229133046245446,0.18901219043888415,-0.287314042064703
0.056229133046245446,0.18896619758427738,-0.28846047149660836
0.056229133046245446,0.18889519765303966,-0.2901028450213581
0.056229133046245446,0.18918757486733564,-0.2846272101215383
0.056229133046245446,0.18920740372808256,-0.2846059288707506
0.056229133046245446,0.18969645473001873,-0.2785312015133772
0.056229133046245446,0.18933211029770913,-0.2860218210369953
0.056229133046245446,0.18933419630802262,-0.286043060401274
0.056229133046245446,0.18967692469219594,-0.28418161112034374
0.056229133046245446,0.1905156698356874,-0.2769626630238842
0.056229133046245446,0.19034942922215214,-0.284680087311661
0.056229133046245446,0.19051279507925034,-0.2846991110921389
0.056229133046245446,0.19014090474409667,-0.2934192165259516
0.056229133046245446,0.19079122648465247,-0.28484301322600536
0.056229133046245446,0.19078758180720998,-0.2868734472151145
0.056229133046245446,0.19111952465185855,-0.2852393181228352
0.056229133046245446,0.19066682946059307,-0.29445995540925635
0.056229133046245446,0.19128053766162134,-0.285004466128224
0.056229133046245446,0.1917560778243764,-0.27680997597532203
0.056229133046245446,0.19127530863864434,-0.2894482708602985
0.056229133046245446,0.1918738698890402,-0.27880055356910327
0.056229133046245446,0.19167811380285088,-0.28544574853735033
0.056229133046245446,0.1918117686071893,-0.2851723131915907
0.056229133046245446,0.19197920950870279,-0.2850346188491141
0.056229133046245446,0.1920512907912232,-0.2851568929945423
0.056229133046245446,0.19209224377633838,-0.2855009941513527
0.056229133046245446,0.19212144508843831,-0.28525077481573463
0.056229133046245446,0.19193099013040024,-0.29125248479931776
0.056229133046245446,0.19213196939262742,-0.2883504682700389
0.056229133046245446,0.19259679536665328,-0.2792601498305701
0.056229133046245446,0.19192915550288023,-0.2938829536017217
0.056229133046245446,0.1925046045362967,-0.2851122332937006
0.056229133046245446,0.19249878629105677,-0.2862161376166455
0.056229133046245446,0.19211502505906866,-0.2940976580934473
0.056229133046245446,0.19226074499977847,-0.2939525987253346
0.056229133046245446,0.19325815066196692,-0.27752484184409487
0.056229133046245446,0.1929243373878737,-0.28601572727763563
0.056229133046245446,0.19286437401295364,-0.2891741738717359
0.056229133046245446,0.19346133236636934,-0.2798227384484965
0.056229133046245446,0.19303771089554603,-0.29237914381416685
0.056229133046245446,0.19349634068155663,-0.285286720863119
0.056229133046245446,0.19391022698729354,-0.2771857638638372
0.056229133046245446,0.19352709986726915,-0.2859484133744736
0.056229133046245446,0.1941389321864752,-0.2754252185821715
0.056229133046245446,0.19398111370976992,-0.28602019289710895
0.056229133046245446,0.19385017595676318,-0.2915527334420602
0.056229133046245446,0.19440845263846496,-0.28577135957111555
0.056229133046245446,0.1947082167800546,-0.28563173044088547
0.056229133046245446,0.19513105677199438,-0.2774788583337846
0.056229133046245446,0.19562884830532234,-0.2879205712163709
0.056229133046245446,0.19588169849994522,-0.2855293010592261
0.056229133046245446,0.19663738139895967,-0.283591068415201
0.056229133046245446,0.19660558396815123,-0.2876219987112835
0.056229133046245446,0.19709611576176256,-0.28192390794353195
0.056229133046245446,0.1972818147036541,-0.29254888390730127
0.056229133046245446,0.19800756510893872,-0.2909677261396963
0.056229133046245446,0.19808926817576458,-0.2909612292334158
0.056229133046245446,0.19834676370465582,-0.28974166583308514
0.056229133046245446,0.19847011794367456,-0.29186904004189523
0.056229133046245446,0.19857023567775817,-0.28993677828262454
0.056229133046245446,0.19920428579245636,-0.2864981800801184
0.056229133046245446,0.20000863181201725,-0.277830439528737
0.056229133046245446,0.19969066754058692,-0.2860770242650802
0.056229133046245446,0.2003783544597933,-0.27828465166550553
0.056229133046245446,0.20012702625535084,-0.28573932286326026
0.056229133046245446,0.2001385067210812,-0.28584470542557305
0.056229133046245446,0.20101132176349726,-0.2772517399685858
0.056229133046245446,0.20117076368601275,-0.2768600215114655
0.056229133046245446,0.20062292686204738,-0.29015348636701893
0.056229133046245446,0.20104097861463177,-0.28565994639433534
0.056229133046245446,0.20106477863516845,-0.2854991332174395
0.056229133046245446,0.2011863248661616,-0.28553352978574426
0.056229133046245446,0.2013067887895984,-0.2856431150301287
0.056229133046245446,0.2014157903795915,-0.285355488584902
0.056229133046245446,0.20207447271132314,-0.2762394470804821
0.056229133046245446,0.2016308496403479,-0.2884072919527408
0.056229133046245446,0.20184455251167932,-0.28532391757088216
0.056229133046245446,0.2019791516747053,-0.2852468783404177
0.056229133046245446,0.2028145014043719,-0.2749522147711454
0.056229133046245446,0.20268630694275422,-0.27997441537690265
0.056229133046245446,0.2025711370908897,-0.2915288049201435
0.056229133046245446,0.2030043040326049,-0.2878391960127522
0.056229133046245446,0.204120121462187,-0.28187067765401247
0.056229133046245446,0.20376436004178466,-0.28991200816906143
0.056229133046245446,0.20420421849008338,-0.2891578627392343
0.056229133046245446,0.20400214283791643,-0.2966864526690417
0.056229133046245446,0.2042254940375703,-0.2933836742392757
0.056229133046245446,0.20451010961410251,-0.2902352862845037
0.056229133046245446,0.20524396611792828,-0.28560477944627216
0.056229133046245446,0.2053798783977412,-0.2835625268995268
0.056229133046245446,0.20523315754611882,-0.29044598152454854
0.056229133046245446,0.2058610371766545,-0.2851893928670484
0.056229133046245446,0.20563408988168658,-0.2932357464747716
0.056229133046245446,0.20643215938390916,-0.2861941454984222
0.056229133046245446,0.20692733581419379,-0.2855730683572964
0.056229133046245446,0.20695892568116098,-0.28555225982786264
0.056229133046245446,0.2070339397468338,-0.2855034925279044
0.056229133046245446,0.20707344730905525,-0.2852623331052977
0.056229133046245446,0.20753123002668905,-0.28540162198980107
0.056229133046245446,0.2077604517994875,-0.2905861029204173
0.056229133046245446,0.20767599945602674,-0.29258501993773833
0.056229133046245446,0.20875561372815737,-0.296932226325568
0.056229133046245446,0.21155007917540103,-0.2764648110309753
0.056229133046245446,0.21071685758789185,-0.2948040946467981
0.056229133046245446,0.21158199544797232,-0.27989139335460855
0.056229133046245446,0.2114104213766816,-0.2887235285195987
0.056229133046245446,0.21132177123743462,-0.2906303724463459
0.056229133046245446,0.21212761294188973,-0.2751457600937329
0.056229133046245446,0.21165530816412534,-0.2853260700782163
0.056229133046245446,0.21185853679543606,-0.2819364887239618
0.056229133046245446,0.21247652864222494,-0.27665165412826503
0.056229133046245446,0.2122788588410109,-0.29418382667524906
0.056229133046245446,0.21301416154389288,-0.28554284229398813
0.056229133046245446,0.2132154954008889,-0.2854297916206655
0.056229133046245446,0.21372582628251424,-0.28549187287519834
0.056229133046245446,0.2140183011214508,-0.2846061968125764
0.056229133046245446,0.2165776008795977,-0.2782254308323343
0.056229133046245446,0.21688172213994103,-0.27575786004508296
0.056229133046245446,0.21647275419975825,-0.29436746715785034
0.056229133046245446,0.21707252337252264,-0.28495594226032
0.056229133046245446,0.21696680329330237,-0.28961622549015364
0.056229133046245446,0.2169718812868041,-0.2940528415947981
0.056229133046245446,0.2187057828750757,-0.2799709574050257
0.056229133046245446,0.21889607757269947,-0.2882620593133341
0.056229133046245446,0.21887238254870373,-0.29129832161947145
0.056229133046245446,0.21920892943488696,-0.28897358651869615
0.056229133046245446,0.2207393077324226,-0.2928840576251012
0.056229133046245446,0.22179075964858833,-0.275879167280794
0.056229133046245446,0.22108069772774402,-0.29800141121468765
0.056229133046245446,0.22153012061593008,-0.29955566541608636
0.056229133046245446,0.22289719281758583,-0.27560290398878057
0.056229133046245446,0.22310730443558466,-0.2877924832170529
0.056229133046245446,0.2235778379269163,-0.2785355592670973
0.056229133046245446,0.2235441938403574,-0.2907399191851296
0.056229133046245446,0.22415533509346844,-0.29312569171251546
0.056229133046245446,0.22411130728009282,-0.2942367371713937
0.056229133046245446,0.2250233696701909,-0.28173361947270426
0.056229133046245446,0.2246203095349087,-0.29158042986734234
0.056229133046245446,0.22520498864932387,-0.2925340468367286
0.056229133046245446,0.22670644353741964,-0.2977735309059515
0.056229133046245446,0.2274909166284262,-0.2964386302805752
0.056229133046245446,0.2279261059841899,-0.2959628488574186
0.056229133046245446,0.22805751538282132,-0.29885767643196837
0.056229133046245446,0.22855656707024824,-0.292858136471459
0.056229133046245446,0.2287399041558208,-0.29456108147465365
0.056229133046245446,0.22907571397369306,-0.2948961489259693
0.056229133046245446,0.23032339234019963,-0.27565578235964006
0.056229133046245446,0.230346827316444,-0.27596432108784874
0.056229133046245446,0.23005823982158188,-0.2824986064475931
0.056229133046245446,0.23250653792899656,-0.2785609615264517
-0.09486661090257333,-0.0278728979160564,-0.29575894227412
-0.09486661090257333,-0.026038187931624598,-0.2961268700406994
-0.09486661090257333,-0.025898582051719396,-0.29427042411648147
-0.09486661090257333,-0.023707316663705208,-0.2955348945939221
-0.09486661090257333,-0.022710158187281084,-0.2930719495794876
-0.09486661090257333,-0.022585193893111113,-0.2931108373992913
-0.09486661090257333,-0.02222187899393836,-0.29292046572927
-0.09486661090257333,-0.0218797766121496,-0.29510189032559475
-0.09486661090257333,-0.021573869368388503,-0.2936163395460442
-0.09486661090257333,-0.02162219678890822,-0.2948322187248406
-0.09486661090257333,-0.020967910498675253,-0.29402307056586535
-0.09486661090257333,-0.020897808985955932,-0.2946319785473484
-0.09486661090257333,-0.020112339807865774,-0.2917404348617779
-0.09486661090257333,-0.019362512481228528,-0.29190337386273707
-0.09486661090257333,-0.019392741208796166,-0.29431178979309275
-0.09486661090257333,-0.01922926755376055,-0.2926077031872215
-0.09486661090257333,-0.018657306014101833,-0.29407346956378405
-0.09486661090257333,-0.018347811238262277,-0.2911527339810398
-0.09486661090257333,-0.017714262387361453,-0.29377618396800176
-0.09486661090257333,-0.0173567437784642,-0.292406887948039
-0.09486661090257333,-0.01736398682214959,-0.2938300268508376
-0.09486661090257333,-0.017221053213198237,-0.29342809519955904
-0.09486661090257333,-0.017152168870289378,-0.2933988889236191
-0.09486661090257333,-0.016537532068690023,-0.29341456173198466
-0.09486661090257333,-0.01649997294684287,-0.2934035348727012
-0.09486661090257333,-0.016061153475187946,-0.29335207278526143
-0.09486661090257333,-0.015810649538119878,-0.29041024598142584
-0.09486661090257333,-0.014759747603018958,-0.2906605706565967
-0.09486661090257333,-0.014164023526109258,-0.28987314004209747
-0.09486661090257333,-0.01425939027897399,-0.29261838007156243
-0.09486661090257333,-0.011651755416036965,-0.2903946532095416
-0.09486661090257333,-0.009569917680196011,-0.28863286411087985
-0.09486661090257333,-0.009276111484936915,-0.28849774038117404
-0.09486661090257333,-0.008663220408611795,-0.2889496048428157
-0.09486661090257333,-0.006788200743264059,-0.2903894049328035
-0.09486661090257333,-0.006358229702900075,-0.2909084182848238
-0.09486661090257333,-0.005643065963476012,-0.29045099190212387
-0.09486661090257333,-0.005231477782545565,-0.2870951868245487
-0.09486661090257333,-0.005084995031244741,-0.28851538097465684
-0.09486661090257333,-0.004555326253311469,-0.29036089206007276
-0.09486661090257333,-0.004077411558681141,-0.29014619518593177
-0.09486661090257333,-0.003656879295722542,-0.28713268529416336
-0.09486661090257333,-0.003703549433576793,-0.28822569462984243
-0.09486661090257333,-0.003353806129261911,-0.286812697059677
-0.09486661090257333,-0.0033107462474820104,-0.29013589121476097
-0.09486661090257333,-0.001872771695246394,-0.28660594364779113
-0.09486661090257333,-0.0018478677506711082,-0.28956865174226143
-0.09486661090257333,-0.0017133354982943744,-0.28944845355226106
-0.09486661090257333,-0.0010145954477889761,-0.28631259405088005
-0.09486661090257333,-0.0001297041264917559,-0.28656382201369174
-0.09486661090257333,0.0006106120036682081,-0.28605177814081323
-0.09486661090257333,0.0005640885286842465,-0.28901392154205036
-0.09486661090257333,0.002631838134764645,-0.28539908042149154
-0.09486661090257333,0.003329187114693922,-0.2877380235586451
-0.09486661090257333,0.0037389072380872405,-0.286116179127154
-0.09486661090257333,0.0040004726639750465,-0.28521995836605024
-0.09486661090257333,0.005188769673162147,-0.2857257205740852
-0.09486661090257333,0.0052778302784096155,-0.28497227331776753
-0.09486661090257333,0.005554121817674264,-0.2887146132001395
-0.09486661090257333,0.0060845419374592966,-0.28459549483120544
-0.09486661090257333,0.006120952185537244,-0.28688030336726167
-0.09486661090257333,0.00737432975191497,-0.2879123197917869
-0.09486661090257333,0.008383658293046176,-0.28455115088981103
-0.09486661090257333,0.00866853590108323,-0.28389928939692965
-0.09486661090257333,0.008595691640528928,-0.28639703838539776
-0.09486661090257333,0.008746604043067867,-0.28428497961667015
-0.09486661090257333,0.0087727874532798,-0.2843626212932689
-0.09486661090257333,0.008851455469286725,-0.28558816351187294
-0.09486661090257333,0.009321065077565478,-0.2839230225243847
-0.09486661090257333,0.010009152756257314,-0.28382120068621514
-0.09486661090257333,0.010345759930669319,-0.2831348069294053
-0.09486661090257333,0.010180745259657998,-0.2874273236143695
-0.09486661090257333,0.01045873105321335,-0.28448325180374656
-0.09486661090257333,0.010787476667409035,-0.28711067853921135
-0.09486661090257333,0.011076560872592067,-0.28378224482180847
-0.09486661090257333,0.011573080194183707,-0.28379341590037244
-0.09486661090257333,0.011818957173109382,-0.28353193197904886
-0.09486661090257333,0.011815902206587379,-0.2856318077330327
-0.09486661090257333,0.012382950960022229,-0.2820577397905623
-0.09486661090257333,0.012907576976046668,-0.2794577114959076
-0.09486661090257333,0.0129131681805045,-0.2831432531009535
-0.09486661090257333,0.012823292936802854,-0.28568387810778567
-0.09486661090257333,0.013116303153739236,-0.2832178612534787
-0.09486661090257333,0.013610029359148377,-0.2787644309922754
-0.09486661090257333,0.013540541522998203,-0.2803468875757355
-0.09486661090257333,0.013537275236598673,-0.2811516230699346
-0.09486661090257333,0.013510812850226213,-0.2862809335668979
-0.09486661090257333,0.014468739150101967,-0.27792535740893676
-0.09486661090257333,0.014488978583004297,-0.2783094193194222
-0.09486661090257333,0.014081387716816891,-0.2867511419082186
-0.09486661090257333,0.01454763195094284,-0.28560117895518344
-0.09486661090257333,0.014692728936994963,-0.28410806899518615
-0.09486661090257333,0.01504846797831166,-0.27800187075244365
-0.09486661090257333,0.015228717928607166,-0.2828214121421854
-0.09486661090257333,0.015772616402288334,-0.28342693498721216
-0.09486661090257333,0.01598668918413739,-0.28428796558531355
-0.09486661090257333,0.015900034905866212,-0.2860942901609636
-0.09486661090257333,0.01609075370575337,-0.28625180459526395
-0.09486661090257333,0.016279795890688776,-0.2829476002476241
-0.09486661090257333,0.016387999171817658,-0.28653341373296926
-0.09486661090257333,0.016640262788574296,-0.2860871020184226
-0.09486661090257333,0.01710430995837822,-0.2840390797907857
-0.09486661090257333,0.017335272757297675,-0.2851439216465513
-0.09486661090257333,0.017523434921312038,-0.2830130167094255
-0.09486661090257333,0.017534104834619473,-0.2841475454733643
-0.09486661090257333,0.017764738887117784,-0.2821304254490982
-0.09486661090257333,0.01760143101627273,-0.28550225623470005
-0.09486661090257333,0.017822577738850598,-0.2847069266074047
-0.09486661090257333,0.01774841374616272,-0.2867250692827855
-0.09486661090257333,0.01788925314684904,-0.2839969043797118
-0.09486661090257333,0.018384439280157414,-0.2819552096069085
-0.09486661090257333,0.018328385035857417,-0.283741089583546
-0.09486661090257333,0.018557875529471444,-0.28221043605807167
-0.09486661090257333,0.018777220547010302,-0.28113916156589414
-0.09486661090257333,0.018850602543856773,-0.281769236194651
-0.09486661090257333,0.01893586976327778,-0.28274215367998645
-0.09486661090257333,0.019072414321430472,-0.28266974645632004
-0.09486661090257333,0.019118467071540263,-0.2819721721333584
-0.09486661090257333,0.019146189182713873,-0.28204108731419264
-0.09486661090257333,0.019088301600787297,-0.285294623398493
-0.09486661090257333,0.01908005204791195,-0.28625863335786966
-0.09486661090257333,0.01966706759103302,-0.28021057355879436
-0.09486661090257333,0.019594315938834535,-0.2819340452825322
-0.09486661090257333,0.01963764838602474,-0.282063219249093
-0.09486661090257333,0.019673868374750107,-0.28273933480142494
-0.09486661090257333,0.01962723388107164,-0.284639073671952
-0.09486661090257333,0.01978301202376998,-0.2815816156797507
-0.09486661090257333,0.01998580539230171,-0.2793993247662106
-0.09486661090257333,0.019852409480964228,-0.28376203098019376
-0.09486661090257333,0.020190953178515908,-0.27867098128060475
-0.09486661090257333,0.020246565241954045,-0.27781733070967385
-0.09486661090257333,0.020110486807377582,-0.2832442291436944
-0.09486661090257333,0.020521580768759082,-0.27796362359088256
-0.09486661090257333,0.020468772816379127,-0.28149962254503536
-0.09486661090257333,0.020444644090151357,-0.28532869713941067
-0.09486661090257333,0.020869523409600264,-0.27817653625086775
-0.09486661090257333,0.020864017906005276,-0.2817706970469855
-0.09486661090257333,0.021652820548037403,-0.2811964513922362
-0.09486661090257333,0.021790093746678806,-0.2831989066046081
-0.09486661090257333,0.021833154333168778,-0.28250127091692656
-0.09486661090257333,0.021892958013064637,-0.2817150336468648
-0.09486661090257333,0.02193206019118391,-0.284288727069074
-0.09486661090257333,0.022073929361957616,-0.2838450744520591
-0.09486661090257333,0.02223238573743937,-0.2817002839695012
-0.09486661090257333,0.022671967401805437,-0.28150781854054524
-0.09486661090257333,0.022703820070809337,-0.28208143454503376
-0.09486661090257333,0.0226306930838429,-0.28465285095351284
-0.09486661090257333,0.022991643293952615,-0.28248228705319717
-0.09486661090257333,0.023369222346630136,-0.2810741927920621
-0.09486661090257333,0.02345767778781027,-0.2813560006741864
-0.09486661090257333,0.023728154811945002,-0.28095605638611726
-0.09486661090257333,0.023723843867959234,-0.28136765149176013
-0.09486661090257333,0.024088931255692815,-0.2816989029828129
-0.09486661090257333,0.024155558706094114,-0.28548980120988116
-0.09486661090257333,0.02444956305515135,-0.2806730155375259
-0.09486661090257333,0.024236844705955732,-0.28584185795191275
-0.09486661090257333,0.024434737212777207,-0.2820543001689228
-0.09486661090257333,0.024613538137213745,-0.2807248233777426
-0.09486661090257333,0.02469652768785124,-0.2822170281788677
-0.09486661090257333,0.024970180407383635,-0.28086666627868356
-0.09486661090257333,0.024853689130029645,-0.2847567629405668
-0.09486661090257333,0.025219694683692326,-0.28279601463671633
-0.09486661090257333,0.025334074925975475,-0.28258938544461354
-0.09486661090257333,0.025483937214155213,-0.2805304578053764
-0.09486661090257333,0.02549611573038584,-0.28271664862779944
-0.09486661090257333,0.025829864102582163,-0.27773990318365
-0.09486661090257333,0.02599029813067171,-0.2777972972138657
-0.09486661090257333,0.025890907951553008,-0.28040311267475043
-0.09486661090257333,0.02593764203464056,-0.2800471777901323
-0.09486661090257333,0.025744751433861145,-0.2840583562310123
-0.09486661090257333,0.026146200337862618,-0.2785168719322045
-0.09486661090257333,0.026111543396549888,-0.2814549792036798
-0.09486661090257333,0.02626749042250957,-0.279266568398542
-0.09486661090257333,0.026290663554075697,-0.28099774382508347
-0.09486661090257333,0.026351326086750528,-0.2803473378775525
-0.09486661090257333,0.026429069348533292,-0.2803043477783576
-0.09486661090257333,0.026286264784712212,-0.2840841240288634
-0.09486661090257333,0.026603176626552975,-0.2780506743793725
-0.09486661090257333,0.026804771804980806,-0.2806162178254861
-0.09486661090257333,0.027120529699401517,-0.2811544424133359
-0.09486661090257333,0.027152906599999835,-0.28165837913480607
-0.09486661090257333,0.0272625578681526,-0.2814801787912162
-0.09486661090257333,0.02737451035355867,-0.2808193311791683
-0.09486661090257333,0.027346792688472885,-0.2818269410839268
-0.09486661090257333,0.027444856404997088,-0.2811421007352447
-0.09486661090257333,0.027465284614138257,-0.28227742240738257
-0.09486661090257333,0.027591396189169615,-0.28025637380612894
-0.09486661090257333,0.027561176505745598,-0.283939082695841
-0.09486661090257333,0.0277618597531158,-0.281899699523856
-0.09486661090257333,0.027793644664901373,-0.28182180689323194
-0.09486661090257333,0.027973551343575466,-0.27998690905715706
-0.09486661090257333,0.028557708138759644,-0.2798740910029703
-0.09486661090257333,0.028426291393101866,-0.28374712046039274
-0.09486661090257333,0.028434656010385636,-0.2848831749901961
-0.09486661090257333,0.02869998299575345,-0.2813667214656002
-0.09486661090257333,0.028858557049834012,-0.2804091094055554
-0.09486661090257333,0.02880348360022419,-0.28156687917197604
-0.09486661090257333,0.029107458391387408,-0.27995616478874885
-0.09486661090257333,0.029211638637882394,-0.2812724931609346
-0.09486661090257333,0.029391101651359712,-0.2791982464591928
-0.09486661090257333,0.029219243246300937,-0.2834376142590921
-0.09486661090257333,0.029311220292176435,-0.28171828422629913
-0.09486661090257333,0.02942714599601017,-0.28192061306584076
-0.09486661090257333,0.029497599030268558,-0.2823864840167777
-0.09486661090257333,0.02963567916275935,-0.27973111848280635
-0.09486661090257333,0.02954962712795091,-0.2817236630622823
-0.09486661090257333,0.02969846217552788,-0.2807020175127412
-0.09486661090257333,0.030029964082708055,-0.28091658697145544
-0.09486661090257333,0.030048099488764576,-0.280805837716484
-0.09486661090257333,0.03020538731175638,-0.28054559048818384
-0.09486661090257333,0.030238554826071712,-0.28129392834396727
-0.09486661090257333,0.030240785762483853,-0.28196883159714015
-0.09486661090257333,0.03036360286978568,-0.2818633896475683
-0.09486661090257333,0.030411500427889898,-0.2809322206583665
-0.09486661090257333,0.030832158385725776,-0.2776186091919621
-0.09486661090257333,0.030668032707548386,-0.284261431807927
-0.09486661090257333,0.030729424605708384,-0.28315834359130626
-0.09486661090257333,0.031027461118776883,-0.2776597452503281
-0.09486661090257333,0.030887700303322906,-0.2815177688573677
-0.09486661090257333,0.03090425974308084,-0.28209328131606687
-0.09486661090257333,0.031025342523015365,-0.2803445866802784
-0.09486661090257333,0.031189845901565056,-0.27789721529753436
-0.09486661090257333,0.031150923014750146,-0.2794026007532109
-0.09486661090257333,0.031189963371249754,-0.2824643116130732
-0.09486661090257333,0.03132889725253346,-0.28012786079857527
-0.09486661090257333,0.03149910806457444,-0.2783476637541434
-0.09486661090257333,0.03149182612528982,-0.2801577739802979
-0.09486661090257333,0.03171975552223132,-0.2799464039875355
-0.09486661090257333,0.03170894978118166,-0.280877651376904
-0.09486661090257333,0.03171938037668894,-0.2809882564573469
-0.09486661090257333,0.03192603946772499,-0.2814018767633132
-0.09486661090257333,0.0320332222088994,-0.2803552639998455
-0.09486661090257333,0.0321522277208805,-0.28176305670647656
-0.09486661090257333,0.03257127865746774,-0.27948229873784297
-0.09486661090257333,0.03259072849667473,-0.27960961797721773
-0.09486661090257333,0.032574392530213846,-0.28042457909193563
-0.09486661090257333,0.032643673137114734,-0.2797139225880528
-0.09486661090257333,0.03262274369854477,-0.2809873412893351
-0.09486661090257333,0.03274093851292411,-0.28034370886958043
-0.09486661090257333,0.03271303557933404,-0.2814436949586895
-0.09486661090257333,0.03289718420541394,-0.28006213553351134
-0.09486661090257333,0.03303107238172158,-0.27914573175076624
-0.09486661090257333,0.03299358345671075,-0.2805983083803077
-0.09486661090257333,0.03304858489050455,-0.27993257912542174
-0.09486661090257333,0.03287878984486908,-0.2840572127999625
-0.09486661090257333,0.03301008603582215,-0.2817464613959928
-0.09486661090257333,0.032971967636446234,-0.28316458763189395
-0.09486661090257333,0.03306704198597401,-0.2816805294171539
-0.09486661090257333,0.033203809938050055,-0.2793883776550742
-0.09486661090257333,0.033225812829912715,-0.27923307285856086
-0.09486661090257333,0.03308525466827439,-0.28443612553627734
-0.09486661090257333,0.0332536511467697,-0.2815111352963217
-0.09486661090257333,0.033599291786875554,-0.2789689744326646
-0.09486661090257333,0.03355245124655816,-0.2805907301236973
-0.09486661090257333,0.0336727346610321,-0.2814136415960649
-0.09486661090257333,0.03376752250545459,-0.2803286980699126
-0.09486661090257333,0.03357097248985606,-0.28499422016027665
-0.09486661090257333,0.03375299161127944,-0.2818054983707918
-0.09486661090257333,0.03374344738398094,-0.2823788702919093
-0.09486661090257333,0.03387045462103921,-0.2808036034831227
-0.09486661090257333,0.03376554823788036,-0.28387905576281797
-0.09486661090257333,0.03401867070286951,-0.27962643365394574
-0.09486661090257333,0.03401332943312403,-0.279810292538343
-0.09486661090257333,0.033860613488953445,-0.2834854507291431
-0.09486661090257333,0.03395174621075673,-0.2840129785554408
-0.09486661090257333,0.03430792208209163,-0.2788288619780238
-0.09486661090257333,0.03412818773897784,-0.2839825781331865
-0.09486661090257333,0.03425098868362688,-0.28158809532832746
-0.09486661090257333,0.03448930887396161,-0.27754831026029975
-0.09486661090257333,0.034322186306096195,-0.2809423283150465
-0.09486661090257333,0.03446808806419126,-0.27830277667111847
-0.09486661090257333,0.03460095993853132,-0.27989944910141973
-0.09486661090257333,0.03453043222573807,-0.28370073979324
-0.09486661090257333,0.03486126944269788,-0.27746441332824934
-0.09486661090257333,0.034798994953807366,-0.27972589841763956
-0.09486661090257333,0.03481416596605323,-0.2799606525723219
-0.09486661090257333,0.03503503285602465,-0.277766924484499
-0.09486661090257333,0.03507164509400923,-0.28163825114897484
-0.09486661090257333,0.03510923522053741,-0.2811919945591742
-0.09486661090257333,0.03522248193907909,-0.28082799674415143
-0.09486661090257333,0.035202219065104186,-0.2813493315631677
-0.09486661090257333,0.03535124104293419,-0.27920535258875856
-0.09486661090257333,0.0353973223895014,-0.27947089190866886
-0.09486661090257333,0.03543972229803051,-0.2787995606540511
-0.09486661090257333,0.0353740946337397,-0.28147488825734013
-0.09486661090257333,0.035400834570411086,-0.2811968197528841
-0.09486661090257333,0.035454984457204214,-0.28022659141026773
-0.09486661090257333,0.035696056012418834,-0.2791795382944928
-0.09486661090257333,0.03558381665876899,-0.2814362802654592
-0.09486661090257333,0.03557672818373125,-0.2822829164212898
-0.09486661090257333,0.035685854806110376,-0.2810115386853737
-0.09486661090257333,0.035633852114864584,-0.28287790562161774
-0.09486661090257333,0.03575158288483507,-0.2814581000096395
-0.09486661090257333,0.0356700993786791,-0.28405230974403534
-0.09486661090257333,0.0358938092385411,-0.2808092544344617
-0.09486661090257333,0.03627561244589907,-0.27882697705025833
-0.09486661090257333,0.03610288601480781,-0.2832140133748248
-0.09486661090257333,0.03623252254329348,-0.2814155596761639
-0.09486661090257333,0.03629728237975402,-0.28063623686502187
-0.09486661090257333,0.03621345115605794,-0.2824959775070483
-0.09486661090257333,0.03640928820528229,-0.2810233574665875
-0.09486661090257333,0.03652021945935022,-0.28279600843689656
-0.09486661090257333,0.03703949096164609,-0.27737503381500905
-0.09486661090257333,0.0367596034343015,-0.28389303774796776
-0.09486661090257333,0.036962542425944864,-0.28185536348830525
-0.09486661090257333,0.03722267360033063,-0.281239995338677
-0.09486661090257333,0.037291734903552656,-0.2799843445715694
-0.09486661090257333,0.03743414474886132,-0.2790731293461622
-0.09486661090257333,0.03768897928663997,-0.27741357174505565
-0.09486661090257333,0.03771026173886666,-0.27818574978470506
-0.09486661090257333,0.03750919470452594,-0.2834233686439297
-0.09486661090257333,0.03791278346633352,-0.2791186513452169
-0.09486661090257333,0.03803498882481614,-0.2776344448675091
-0.09486661090257333,0.037827701487467405,-0.2832208761277321
-0.09486661090257333,0.03842682626901325,-0.2781200787115712
-0.09486661090257333,0.038396101131299855,-0.28107866718113
-0.09486661090257333,0.0386126089067657,-0.28009946041147205
-0.09486661090257333,0.03908759239877568,-0.2792503544891538
-0.09486661090257333,0.03932394943607376,-0.2809753039653665
-0.09486661090257333,0.039529438847135875,-0.27860875998790513
-0.09486661090257333,0.03966675325860611,-0.2795388505487536
-0.09486661090257333,0.039791940696702055,-0.2786441557189117
-0.09486661090257333,0.04000435778646201,-0.28051008185576143
-0.09486661090257333,0.040487306140842894,-0.2793289249047302
-0.09486661090257333,0.04062594340713395,-0.27716229437523926
-0.09486661090257333,0.04066791633426284,-0.27725567896058606
-0.09486661090257333,0.0406295246999049,-0.2785060749385027
-0.09486661090257333,0.041073477950434284,-0.2779253457447685
-0.09486661090257333,0.04164205978033141,-0.278541618175785
-0.09486661090257333,0.041666321299287434,-0.27889459548144435
-0.09486661090257333,0.041730934038007095,-0.27785989122048804
-0.09486661090257333,0.04202265373265579,-0.27742975127235137
-0.09486661090257333,0.04219206759235301,-0.2802145767165801
-0.09486661090257333,0.04279706887817379,-0.27900932964988123
-0.09486661090257333,0.04291182156789476,-0.27849921819114104
-0.09486661090257333,0.042949094286277224,-0.2779040031657038
-0.09486661090257333,0.04316612599595788,-0.2784525677527626
-0.09486661090257333,0.04333560229609168,-0.2770407549787293
-0.09486661090257333,0.04364016977169084,-0.2770860998326156
-0.09486661090257333,0.04372494626090092,-0.27688901419977446
-0.09486661090257333,0.04355406497484129,-0.28094353319967486
-0.09486661090257333,0.04360459368133596,-0.28059784778435143
-0.09486661090257333,0.04404553196969936,-0.27901284138625965
-0.09486661090257333,0.0447288414736869,-0.27798668387378717
-0.09486661090257333,0.044967363118239345,-0.2772730339837928
-0.09486661090257333,0.04535262966393483,-0.27848649089274924
-0.09486661090257333,0.045502313072313505,-0.278466619422999
-0.09486661090257333,0.04605682400501032,-0.27762584662586487
-0.09486661090257333,0.04603037971110116,-0.2783677609470151
-0.09486661090257333,0.04617969135823554,-0.27898554580886764
-0.09486661090257333,0.046680360537424914,-0.27792274034459297
-0.09486661090257333,0.04716829952837827,-0.28081041413045826
-0.09486661090257333,0.04758296459851492,-0.2765992298819585
-0.09486661090257333,0.04765019005541603,-0.27681793564354873
-0.09486661090257333,0.04769246146012159,-0.27655661484884647
-0.09486661090257333,0.04788449939056169,-0.2777658418239703
-0.09486661090257333,0.0483476758442184,-0.2779137171409242
-0.09486661090257333,0.048449813667916106,-0.2771068365280575
-0.09486661090257333,0.04887041238347369,-0.2780247832934531
-0.09486661090257333,0.04906186519189695,-0.27887436414243066
-0.09486661090257333,0.049248708793880686,-0.27764015201643427
-0.09486661090257333,0.049453237194714034,-0.27770580518146426
-0.09486661090257333,0.050052988314862525,-0.27795829041535786
-0.09486661090257333,0.05018449709497223,-0.27742259893311366
-0.09486661090257333,0.050259282674577896,-0.2776885533488158
-0.09486661090257333,0.050314335769487975,-0.27879982049259844
-0.09486661090257333,0.0503840775713559,-0.278016174067753
-0.09486661090257333,0.05049997173334689,-0.27686346729590067
-0.09486661090257333,0.050931506073129455,-0.27590068750960167
-0.09486661090257333,0.050953292733506565,-0.2774549153464638
-0.09486661090257333,0.05116369081809137,-0.2763144478038052
-0.09486661090257333,0.05112202892299421,-0.27932865732294926
-0.09486661090257333,0.051311030519743894,-0.27629984466583524
-0.09486661090257333,0.05137088131447091,-0.27649898770577097
-0.09486661090257333,0.05149062096681155,-0.27755882664528825
-0.09486661090257333,0.051556221685640405,-0.27630598236489534
-0.09486661090257333,0.05145833050332793,-0.27939654970160316
-0.09486661090257333,0.05155755164131885,-0.2774576941612398
-0.09486661090257333,0.05184793920557096,-0.2774975429999325
-0.09486661090257333,0.05193733135576198,-0.2773472532315657
-0.09486661090257333,0.052041374262041404,-0.27643577174759276
-0.09486661090257333,0.052061198543284865,-0.27767526685415594
-0.09486661090257333,0.05220284731955219,-0.27682529403124795
-0.09486661090257333,0.05263083701813524,-0.2775780643472861
-0.09486661090257333,0.05283342438652257,-0.27743256749214357
-0.09486661090257333,0.05290059188958064,-0.2772967207966107
-0.09486661090257333,0.05310088748356703,-0.27748390671577
-0.09486661090257333,0.053121834671969376,-0.27745533294555175
-0.09486661090257333,0.05377215396817449,-0.27726769921002703
-0.09486661090257333,0.05401764852892718,-0.27733421626375954
-0.09486661090257333,0.05408992192339296,-0.2773467324100974
-0.09486661090257333,0.05412920463467351,-0.27730578893593244
-0.09486661090257333,0.054237767620509934,-0.2775993168718104
-0.09486661090257333,0.05426134710080187,-0.2775506996073838
-0.09486661090257333,0.05434859988395767,-0.27751501095322534
-0.09486661090257333,0.05448071800223589,-0.27727504214524923
-0.09486661090257333,0.0545391269483014,-0.27746490247145633
-0.09486661090257333,0.054598070504884855,-0.2774160117725666
-0.09486661090257333,0.05461478947267654,-0.28025770687550566
-0.09486661090257333,0.054982678584697284,-0.27666538919102757
-0.09486661090257333,0.05498767072062331,-0.27727180504330234
-0.09486661090257333,0.05515223442517234,-0.27666079896614254
-0.09486661090257333,0.05538247600964712,-0.2768554112441256
-0.09486661090257333,0.05544922144798801,-0.27610019934344354
-0.09486661090257333,0.055461361462245326,-0.2771635479995332
-0.09486661090257333,0.05571049037559888,-0.27725288554580274
-0.09486661090257333,0.05578928607751635,-0.27718023740282627
-0.09486661090257333,0.05610590349568086,-0.2758215418981823
-0.09486661090257333,0.05650389708219568,-0.27713104138346767
-0.09486661090257333,0.05660416508390699,-0.277260093088515
-0.09486661090257333,0.05661251561964978,-0.27718061050474646
-0.09486661090257333,0.0568819566219159,-0.27711837350870283
-0.09486661090257333,0.0570466760457054,-0.27527684944981545
-0.09486661090257333,0.0574255617301819,-0.2791508027284334
-0.09486661090257333,0.057573439094755305,-0.27682044921393567
-0.09486661090257333,0.05758313977032234,-0.2769125933615019
-0.09486661090257333,0.05822879008228693,-0.27685741378107953
-0.09486661090257333,0.058967027608980885,-0.2772763976678163
-0.09486661090257333,0.059175952886245074,-0.27651574671148527
-0.09486661090257333,0.05980407710910472,-0.2765370096246221
-0.09486661090257333,0.05987020491573966,-0.27806984488639225
-0.09486661090257333,0.06068934963351059,-0.2765614654331432
-0.09486661090257333,0.06086407094122891,-0.27940095969268036
-0.09486661090257333,0.06117139503200732,-0.27405211577759997
-0.09486661090257333,0.061070364213708525,-0.27661870273256844
-0.09486661090257333,0.06098072851735137,-0.2798231764501378
-0.09486661090257333,0.06128614032677122,-0.2761676069733722
-0.09486661090257333,0.06144075551985921,-0.2747978747918827
-0.09486661090257333,0.06156500866437818,-0.2745242629053521
-0.09486661090257333,0.06172739218166023,-0.2772813122024583
-0.09486661090257333,0.06207379727290337,-0.27538249515661706
-0.09486661090257333,0.06279196146348466,-0.27511110972453207
-0.09486661090257333,0.06287255353442546,-0.27557066170747013
-0.09486661090257333,0.06286539540463561,-0.27590692686943175
-0.09486661090257333,0.06310137129536983,-0.27555728046471806
-0.09486661090257333,0.0632510113074766,-0.2762684922531995
-0.09486661090257333,0.063268715262775,-0.27613985184973916
-0.09486661090257333,0.06331668429072079,-0.2751887603172158
-0.09486661090257333,0.06392987971253886,-0.2774539950082763
-0.09486661090257333,0.06426445215669427,-0.27618655085295585
-0.09486661090257333,0.06555978903170451,-0.2762021226944272
-0.09486661090257333,0.06594404880590071,-0.27598515626904074
-0.09486661090257333,0.06630871046681622,-0.2757219637557811
-0.09486661090257333,0.06643628742983002,-0.2787236837752621
-0.09486661090257333,0.06733456297962603,-0.2761121505852192
-0.09486661090257333,0.06747779846308755,-0.27696479826388265
-0.09486661090257333,0.06743839427311578,-0.27852982133658327
-0.09486661090257333,0.06769348542622285,-0.2779278894361783
-0.09486661090257333,0.06794019228729302,-0.27582484384309525
-0.09486661090257333,0.06828902431747455,-0.27584652388676845
-0.09486661090257333,0.06853339837723656,-0.2758089927576565
-0.09486661090257333,0.0685821133368214,-0.2757845908693443
-0.09486661090257333,0.0689142424027883,-0.27600716716586426
-0.09486661090257333,0.06898876425270943,-0.27502735911392057
-0.09486661090257333,0.06915569370548656,-0.2763994335828397
-0.09486661090257333,0.07027177525960943,-0.2764256212669816
-0.09486661090257333,0.07036745024098505,-0.27546081196272304
-0.09486661090257333,0.0706316146444395,-0.2729680847837565
-0.09486661090257333,0.07059695884646595,-0.27439327205111746
-0.09486661090257333,0.07049460070750763,-0.27733467754795577
-0.09486661090257333,0.07068844996603553,-0.27386358900260294
-0.09486661090257333,0.07048483884961103,-0.27796670393501277
-0.09486661090257333,0.07092605163329943,-0.27463430114835125
-0.09486661090257333,0.0709655650013782,-0.2757734733780471
-0.09486661090257333,0.07230364876123088,-0.2761358369123175
-0.09486661090257333,0.07232710449986092,-0.27824618374799553
-0.09486661090257333,0.07266603164346343,-0.2751283062495574
-0.09486661090257333,0.07272611716673953,-0.27540774934314943
-0.09486661090257333,0.07286407017588742,-0.27565753059622183
-0.09486661090257333,0.07312944618288487,-0.27593676268386275
-0.09486661090257333,0.07315699877248237,-0.2756401895581386
-0.09486661090257333,0.0732855271153966,-0.2756518354078845
-0.09486661090257333,0.07405743067130337,-0.27540826094071974
-0.09486661090257333,0.07498948612456272,-0.2752501993607391
-0.09486661090257333,0.07528651712584508,-0.2773279681232689
-0.09486661090257333,0.07572496810302201,-0.2727457608201498
-0.09486661090257333,0.0755920028167139,-0.2754769511112299
-0.09486661090257333,0.07618353840025467,-0.2740581032091629
-0.09486661090257333,0.07663399677903047,-0.2737158913727029
-0.09486661090257333,0.07657668313205179,-0.27703624065679977
-0.09486661090257333,0.07689295529527254,-0.2778345146744976
-0.09486661090257333,0.07739937059814035,-0.274932842368055
-0.09486661090257333,0.07738780476514055,-0.2753047661059891
-0.09486661090257333,0.07759371592827026,-0.27490597002492484
-0.09486661090257333,0.07777770166385664,-0.2720231915917475
-0.09486661090257333,0.07768085470149544,-0.27457448812230556
-0.09486661090257333,0.07810858762279893,-0.2749502714842065
-0.09486661090257333,0.07814389799468849,-0.27632407484348626
-0.09486661090257333,0.0785660650560158,-0.2727859704292958
-0.09486661090257333,0.07879546262381787,-0.27509952717823793
-0.09486661090257333,0.07957579468957021,-0.27760737073956226
-0.09486661090257333,0.08094513688578106,-0.2746851573391542
-0.09486661090257333,0.08161999510883307,-0.2747749697171918
-0.09486661090257333,0.08220924125909561,-0.2731958431109828
-0.09486661090257333,0.08213131190130946,-0.27735700052669277
-0.09486661090257333,0.08219715119192836,-0.27735342424800624
-0.09486661090257333,0.08230085717158207,-0.2759668283743407
-0.09486661090257333,0.08247108245027907,-0.2735556593898499
-0.09486661090257333,0.08300445359099641,-0.27800125990673225
-0.09486661090257333,0.08329739333379499,-0.2748022917589236
-0.09486661090257333,0.0836413542686005,-0.27379587489270135
-0.09486661090257333,0.08422269981225641,-0.27433743609247657
-0.09486661090257333,0.0844494927250142,-0.2765694724169509
-0.09486661090257333,0.08470232554139946,-0.27456427138089706
-0.09486661090257333,0.08491710914811584,-0.27460724194364194
-0.09486661090257333,0.08586749466955255,-0.2747805521462408
-0.09486661090257333,0.08576669709425243,-0.2773871528735141
-0.09486661090257333,0.0860397668629646,-0.27403151024806555
-0.09486661090257333,0.08683255426162031,-0.271604720954918
-0.09486661090257333,0.08771240429194863,-0.27756697966354826
-0.09486661090257333,0.0880714079705559,-0.27521386336310877
-0.09486661090257333,0.08808568453084566,-0.278055831987567
-0.09486661090257333,0.0886008754474781,-0.2710326996210618
-0.09486661090257333,0.0886104626755018,-0.2715389253501457
-0.09486661090257333,0.0886907419331534,-0.27258467713791434
-0.09486661090257333,0.0887822521405268,-0.27394774940234484
-0.09486661090257333,0.08885889993460923,-0.27405748113779715
-0.09486661090257333,0.0887760754797134,-0.2759785155097703
-0.09486661090257333,0.08912814001623481,-0.27656400971890804
-0.09486661090257333,0.08971281843653384,-0.2724335454729216
-0.09486661090257333,0.08963834517671415,-0.27579532719412814
-0.09486661090257333,0.08981891322006466,-0.2737891660530894
-0.09486661090257333,0.0898889645522143,-0.2738318037365143
-0.09486661090257333,0.0899634967658428,-0.274228619583518
-0.09486661090257333,0.09016955983661926,-0.2772663419640297
-0.09486661090257333,0.09136229668495822,-0.27415473631726806
-0.09486661090257333,0.09143326208087657,-0.2731619688429565
-0.09486661090257333,0.09155601691230796,-0.2749313906680878
-0.09486661090257333,0.09221238701092915,-0.2742059334976717
-0.09486661090257333,0.09277715319265557,-0.2746546519352883
-0.09486661090257333,0.09328217705232396,-0.2733129041961576
-0.09486661090257333,0.09412945825721254,-0.2744299820750484
-0.09486661090257333,0.09427612096129588,-0.27378897360503224
-0.09486661090257333,0.09471677332836786,-0.27757131608959823
-0.09486661090257333,0.09544974510212234,-0.27415487288137164
-0.09486661090257333,0.09555422050562723,-0.2741522828222683
-0.09486661090257333,0.0960107327508151,-0.27398430449678984
-0.09486661090257333,0.0960722839984339,-0.2742648037016511
-0.09486661090257333,0.0960340675198225,-0.2762547913975493
-0.09486661090257333,0.09600458423220035,-0.27768223551822535
-0.09486661090257333,0.09614855771580307,-0.27742043759937796
-0.09486661090257333,0.09687939349770947,-0.2739074229743573
-0.09486661090257333,0.09692224278433492,-0.27706172639178955
-0.09486661090257333,0.09703839472575945,-0.2756343734472918
-0.09486661090257333,0.09740173778167058,-0.2729202653910137
-0.09486661090257333,0.09772500777757041,-0.2741152074805655
-0.09486661090257333,0.09794382063254066,-0.27364621299617126
-0.09486661090257333,0.0980073746093609,-0.27416550357006236
-0.09486661090257333,0.09810598739081618,-0.2740191486983265
-0.09486661090257333,0.09810523638402034,-0.27411868967724823
-0.09486661090257333,0.09823674161111612,-0.2743216732418731
-0.09486661090257333,0.09833096365651621,-0.2736896763243371
-0.09486661090257333,0.09867485679278777,-0.2706461796548968
-0.09486661090257333,0.0985415813367056,-0.2738720329859042
-0.09486661090257333,0.09902816951582101,-0.27280585241890887
-0.09486661090257333,0.09979235303023842,-0.27367182052655725
-0.09486661090257333,0.1001133848017981,-0.27060854209078933
-0.09486661090257333,0.10010023320253675,-0.27418837201048757
-0.09486661090257333,0.10013586520673688,-0.27435406256819933
-0.09486661090257333,0.10066427734288078,-0.2700979392287552
-0.09486661090257333,0.10112274815598712,-0.27296877167951866
-0.09486661090257333,0.10123726715931076,-0.2740213274224205
-0.09486661090257333,0.10139860869546163,-0.2717075417385005
-0.09486661090257333,0.10158620657111114,-0.27336033306753926
-0.09486661090257333,0.10164834521264664,-0.273107570652558
-0.09486661090257333,0.10222125384748251,-0.2735654358171322
-0.09486661090257333,0.10261935502091858,-0.27406271302246
-0.09486661090257333,0.103413120859049,-0.27271701899166173
-0.09486661090257333,0.10377639515530965,-0.27321850932565706
-0.09486661090257333,0.10405248047559536,-0.2729010350995101
-0.09486661090257333,0.10511073281831286,-0.27307634574503026
-0.09486661090257333,0.10530431665589683,-0.27372289873308503
-0.09486661090257333,0.1053782108031589,-0.27254582274354683
-0.09486661090257333,0.10548573205142746,-0.27110820841655586
-0.09486661090257333,0.10605097341747084,-0.2738364733359824
-0.09486661090257333,0.10618691859457971,-0.2731973033856304
-0.09486661090257333,0.10617123673517785,-0.2736622788301571
-0.09486661090257333,0.10625281890697025,-0.2730449340972336
-0.09486661090257333,0.10630159263383505,-0.27505165414143007
-0.09486661090257333,0.10642375544856672,-0.2731175529420038
-0.09486661090257333,0.10651532533228861,-0.2766980005435742
-0.09486661090257333,0.1068885814162183,-0.2766983421676144
-0.09486661090257333,0.10732270737072128,-0.2728351673999943
-0.09486661090257333,0.10771083326008982,-0.2735268827498209
-0.09486661090257333,0.10778320832780737,-0.27251546865772686
-0.09486661090257333,0.10793328135851353,-0.2764167096382358
-0.09486661090257333,0.10819204520561398,-0.27319330372374473
-0.09486661090257333,0.10815456669288512,-0.2750581430057377
-0.09486661090257333,0.10824687378026372,-0.2735721753728116
-0.09486661090257333,0.10886404891677318,-0.2735133512531786
-0.09486661090257333,0.10885872234072413,-0.27369209286247737
-0.09486661090257333,0.10926992279270079,-0.2735934320640401
-0.09486661090257333,0.10973460134564164,-0.2729328199832019
-0.09486661090257333,0.10998655324979728,-0.27349341826582924
-0.09486661090257333,0.11022758552851611,-0.27334000974852424
-0.09486661090257333,0.11074701500483596,-0.27244535343752313
-0.09486661090257333,0.11114663362709591,-0.2727171440110361
-0.09486661090257333,0.11155138605570468,-0.2732400795932217
-0.09486661090257333,0.11163408259927436,-0.2739069122731065
-0.09486661090257333,0.11199161962508214,-0.27405763977003356
-0.09486661090257333,0.11212307083388529,-0.27231202602662685
-0.09486661090257333,0.11245461004244478,-0.27276335804820717
-0.09486661090257333,0.11247907565375889,-0.2741169396609124
-0.09486661090257333,0.11272838973652088,-0.27365725829492965
-0.09486661090257333,0.11286564331992358,-0.2710502413241937
-0.09486661090257333,0.11329806574277061,-0.27382162116332665
-0.09486661090257333,0.11391241814386431,-0.26936429228497033
-0.09486661090257333,0.11421732056775885,-0.26985022973831696
-0.09486661090257333,0.11437587489745749,-0.2731920026334603
-0.09486661090257333,0.11451265034739576,-0.27221805198298316
-0.09486661090257333,0.11454299176551341,-0.27386148326551485
-0.09486661090257333,0.1145839656135541,-0.2739656545898447
-0.09486661090257333,0.11471429697862126,-0.2727512498427678
-0.09486661090257333,0.11493797437571893,-0.27386224829152805
-0.09486661090257333,0.1150028433943876,-0.27394083404235126
-0.09486661090257333,0.11522948800425674,-0.2697114335999695
-0.09486661090257333,0.11518045071229033,-0.2741093081275029
-0.09486661090257333,0.1155610130607219,-0.2740227412322821
-0.09486661090257333,0.11562688788867259,-0.27381822099768377
-0.09486661090257333,0.11566691724034657,-0.2738856481905889
-0.09486661090257333,0.11569910354597643,-0.27400480226980595
-0.09486661090257333,0.11580150118773622,-0.27325020309475884
-0.09486661090257333,0.11605515642753557,-0.2740130852798285
-0.09486661090257333,0.11614988267035414,-0.27354288899241763
-0.09486661090257333,0.1162399576185619,-0.2718168159036836
-0.09486661090257333,0.11615874479083645,-0.27378367243686264
-0.09486661090257333,0.11624093574526514,-0.27259019000521395
-0.09486661090257333,0.1161701194991176,-0.27404918237969395
-0.09486661090257333,0.1165764246071569,-0.2724125048730803
-0.09486661090257333,0.11670508739577055,-0.2722287639661413
-0.09486661090257333,0.11653258709907531,-0.276433792908098
-0.09486661090257333,0.1168205067120488,-0.27247258731361373
-0.09486661090257333,0.11688367341447624,-0.27328567154006395
-0.09486661090257333,0.1168933884813979,-0.27355877534070994
-0.09486661090257333,0.11690594474561357,-0.27334369210934684
-0.09486661090257333,0.11691863493868546,-0.27341150519958296
-0.09486661090257333,0.11696417815087312,-0.2742222021026194
-0.09486661090257333,0.11704286666889821,-0.27406479342374407
-0.09486661090257333,0.11706359065039339,-0.27410541789042175
-0.09486661090257333,0.11697454484394777,-0.2761409194572624
-0.09486661090257333,0.11710198938258816,-0.27361590411284725
-0.09486661090257333,0.11726119972571822,-0.27268195848434074
-0.09486661090257333,0.11730590612770345,-0.272825124899795
-0.09486661090257333,0.1173946545377976,-0.2721989668875693
-0.09486661090257333,0.11736024328861683,-0.27493814341349193
-0.09486661090257333,0.11760903281977109,-0.2741923208893184
-0.09486661090257333,0.11781931768607198,-0.2727741918890849
-0.09486661090257333,0.11801135369984819,-0.2721434327377934
-0.09486661090257333,0.11803417849478912,-0.2724962404394145
-0.09486661090257333,0.11798821796915603,-0.27386501969942695
-0.09486661090257333,0.11803324469892323,-0.2735882696184354
-0.09486661090257333,0.11794252416175922,-0.27608461037572246
-0.09486661090257333,0.11809894685432291,-0.2736743391356111
-0.09486661090257333,0.11822974605650766,-0.2732429014190466
-0.09486661090257333,0.11830086844809305,-0.27324813141416
-0.09486661090257333,0.1184664937218178,-0.274044422179647
-0.09486661090257333,0.1185813004933012,-0.27235796781406846
-0.09486661090257333,0.11884035025370586,-0.27220941698847095
-0.09486661090257333,0.11917084111906454,-0.27327386297656053
-0.09486661090257333,0.11921350959320975,-0.27445153929624755
-0.09486661090257333,0.11931933143383854,-0.2724445898323829
-0.09486661090257333,0.11929124475318047,-0.27323939555947485
-0.09486661090257333,0.11930741766414203,-0.2730957839576731
-0.09486661090257333,0.11956868033177256,-0.27409687733255184
-0.09486661090257333,0.11965882524340633,-0.27369893874425233
-0.09486661090257333,0.11969728087729689,-0.273580689330392
-0.09486661090257333,0.11993222133681315,-0.2726354745840159
-0.09486661090257333,0.12004162726112437,-0.2720974279159844
-0.09486661090257333,0.12007293976078574,-0.272642832897932
-0.09486661090257333,0.1213796524758622,-0.27300527093568283
-0.09486661090257333,0.12150144728919435,-0.2734577426322691
-0.09486661090257333,0.12174286071452627,-0.2732769397979861
-0.09486661090257333,0.12191336735720867,-0.27172689453926246
-0.09486661090257333,0.12244948293030548,-0.27178085951648606
-0.09486661090257333,0.1224238595442092,-0.2726085486613936
-0.09486661090257333,0.12253744753004128,-0.27276158392626276
-0.09486661090257333,0.12284739707555206,-0.2728070327484358
-0.09486661090257333,0.12299955764909319,-0.2720860090093202
-0.09486661090257333,0.12319759693644078,-0.27317079125773325
-0.09486661090257333,0.12372525168662012,-0.27386315113547444
-0.09486661090257333,0.1239048015746149,-0.27164262489168656
-0.09486661090257333,0.12445248796671671,-0.2732002544378841
-0.09486661090257333,0.12478112398026206,-0.272404507917535
-0.09486661090257333,0.12488743701859875,-0.2725392436361475
-0.09486661090257333,0.1251356744541488,-0.27051383983557836
-0.09486661090257333,0.12507654525265866,-0.2724572592500783
-0.09486661090257333,0.12528318505554648,-0.27063834095314415
-0.09486661090257333,0.12538210772974412,-0.27171197845995537
-0.09486661090257333,0.1253338822859668,-0.27400033741160745
-0.09486661090257333,0.12619043926390694,-0.27260597864190333
-0.09486661090257333,0.126730450975918,-0.26942398611526924
-0.09486661090257333,0.12677302501222973,-0.27425257740843245
-0.09486661090257333,0.1268466839887634,-0.27612482156893764
-0.09486661090257333,0.12705323999982987,-0.273249004848542
-0.09486661090257333,0.12707948830039517,-0.2759207389297346
-0.09486661090257333,0.1271824349424867,-0.2761954177514892
-0.09486661090257333,0.12762228216111993,-0.2689758731813183
-0.09486661090257333,0.1276186288503004,-0.27333961678483637
-0.09486661090257333,0.12774696539735128,-0.2735014784758687
-0.09486661090257333,0.1283027565542822,-0.2714171161177047
-0.09486661090257333,0.12825102221043835,-0.27327882004716547
-0.09486661090257333,0.12831962512819023,-0.273280015942614
-0.09486661090257333,0.12837455560931782,-0.2730552270632832
-0.09486661090257333,0.1286940996231682,-0.27448018906974264
-0.09486661090257333,0.12937656493089544,-0.2729686300234539
-0.09486661090257333,0.12950447714439023,-0.2727468865054944
-0.09486661090257333,0.12979738941827482,-0.27068644037610845
-0.09486661090257333,0.13011785116541905,-0.2734652473494791
-0.09486661090257333,0.1301599326531863,-0.27347416347947
-0.09486661090257333,0.13062708381129645,-0.26956333919496533
-0.09486661090257333,0.13085112234453233,-0.27347389692196733
-0.09486661090257333,0.1314519455714111,-0.2734620646206873
-0.09486661090257333,0.13157911534026046,-0.27231815985207736
-0.09486661090257333,0.1320504973765744,-0.27435949017637845
-0.09486661090257333,0.13222378926753134,-0.2723489509177814
-0.09486661090257333,0.13246046897989167,-0.27146360547805104
-0.09486661090257333,0.13251937219413495,-0.2710318573824112
-0.09486661090257333,0.13297742073015878,-0.2707901199466706
-0.09486661090257333,0.13282243516379957,-0.27418073686786726
-0.09486661090257333,0.1331541617861174,-0.2721669947930789
-0.09486661090257333,0.1332838771919522,-0.27136560406090726
-0.09486661090257333,0.13377322540723158,-0.27566994452900645
-0.09486661090257333,0.13407848869989486,-0.27571552217424716
-0.09486661090257333,0.13440955010314493,-0.2741633224235052
-0.09486661090257333,0.13472851012856513,-0.27177890252502257
-0.09486661090257333,0.13499652350514024,-0.2757448154803187
-0.09486661090257333,0.13534915712649825,-0.27251045151787173
-0.09486661090257333,0.1355052747505054,-0.27470062053922895
-0.09486661090257333,0.1356872680766446,-0.2734369702908341
-0.09486661090257333,0.13573055145365298,-0.2733187738427573
-0.09486661090257333,0.1359069372592238,-0.2742842439869604
-0.09486661090257333,0.13740011955739032,-0.2700707972652477
-0.09486661090257333,0.13742586152539188,-0.2711993587373996
-0.09486661090257333,0.1374552058649615,-0.2710761531946079
-0.09486661090257333,0.1374163496811503,-0.27235759283338645
-0.09486661090257333,0.1375764139428654,-0.2717184803105847
-0.09486661090257333,0.1377629500499133,-0.27067279354893303
-0.09486661090257333,0.1378710432979961,-0.27257056340942
-0.09486661090257333,0.1378339527205427,-0.2737139287000447
-0.09486661090257333,0.13810312793541188,-0.27009136446306453
-0.09486661090257333,0.1379027637674024,-0.2749201333242669
-0.09486661090257333,0.13875567257743182,-0.27307012104190403
-0.09486661090257333,0.13879902459746543,-0.2727339949825608
-0.09486661090257333,0.1388499544975049,-0.2736784370395867
-0.09486661090257333,0.13896665793427856,-0.27313327423076317
-0.09486661090257333,0.13939031000775412,-0.27312604250928807
-0.09486661090257333,0.13951895010241896,-0.27308904758433983
-0.09486661090257333,0.1396505618525509,-0.2742433696762725
-0.09486661090257333,0.14018768574715065,-0.2744009528742671
-0.09486661090257333,0.140263248841481,-0.2751830038122209
-0.09486661090257333,0.14067449608429572,-0.2716147474402689
-0.09486661090257333,0.14054624540716343,-0.27523740645778155
-0.09486661090257333,0.1406576802436735,-0.274650777028842
-0.09486661090257333,0.1406915648529972,-0.27419689582087586
-0.09486661090257333,0.14109985452458415,-0.27171590696612496
-0.09486661090257333,0.14136729446385918,-0.26893492089353555
-0.09486661090257333,0.1412107285956728,-0.27352116266544096
-0.09486661090257333,0.14130424067032796,-0.2720452258880858
-0.09486661090257333,0.14175598882556817,-0.2692896746762999
-0.09486661090257333,0.14177594339637717,-0.2746690026626967
-0.09486661090257333,0.1419746699028615,-0.27385667022070154
-0.09486661090257333,0.14198075239552324,-0.27444354476070504
-0.09486661090257333,0.1423088538927792,-0.2702096728677812
-0.09486661090257333,0.1424027336900692,-0.27078741388963723
-0.09486661090257333,0.1424461138008855,-0.27322497826874353
-0.09486661090257333,0.14248490397398045,-0.27416516050052403
-0.09486661090257333,0.14255812734083595,-0.27324426210796476
-0.09486661090257333,0.14252658111783562,-0.27393218477404674
-0.09486661090257333,0.14249573801931628,-0.27466556972795486
-0.09486661090257333,0.14273042452816995,-0.27031160624972433
-0.09486661090257333,0.14259561059517734,-0.2751231976132063
-0.09486661090257333,0.14275888782080662,-0.27262477771911986
-0.09486661090257333,0.1427163228383204,-0.2738561570089328
-0.09486661090257333,0.14272297675298054,-0.27428004973231535
-0.09486661090257333,0.14344263955415038,-0.27370079524717483
-0.09486661090257333,0.1439795567248897,-0.27242776168059374
-0.09486661090257333,0.14429757861560522,-0.2695869066062401
-0.09486661090257333,0.14425061078441245,-0.27163272581562925
-0.09486661090257333,0.1444665398583862,-0.27144196921940245
-0.09486661090257333,0.144439209299558,-0.2738581850803469
-0.09486661090257333,0.1444361330117045,-0.2751068218229663
-0.09486661090257333,0.14456060879000873,-0.27323530564822973
-0.09486661090257333,0.14458056657652843,-0.27312601739112136
-0.09486661090257333,0.14481666523816963,-0.27308645431819434
-0.09486661090257333,0.14510842371607185,-0.2707507441990064
-0.09486661090257333,0.14522751480998683,-0.2730763567347198
-0.09486661090257333,0.145358096209858,-0.27084414444645394
-0.09486661090257333,0.14561135500927344,-0.2731679017498291
-0.09486661090257333,0.1457831571799342,-0.27015325437879767
-0.09486661090257333,0.14581117168701682,-0.2716734800517435
-0.09486661090257333,0.14569942535896355,-0.274592068316948
-0.09486661090257333,0.14656587501375823,-0.26973119850807736
-0.09486661090257333,0.146812425022282,-0.27276734473085096
-0.09486661090257333,0.1467105681470001,-0.27482432278641594
-0.09486661090257333,0.1468597910868226,-0.27189243906616717
-0.09486661090257333,0.14681877960113748,-0.273682356338444
-0.09486661090257333,0.14695013569609058,-0.27152334585170257
-0.09486661090257333,0.14700927906684058,-0.2733606732244463
-0.09486661090257333,0.14716673619078824,-0.2732752775177282
-0.09486661090257333,0.14722579217322082,-0.27215189097778864
-0.09486661090257333,0.1472810401579917,-0.27444224656665117
-0.09486661090257333,0.14745931644461702,-0.27224018061301514
-0.09486661090257333,0.14743612066014217,-0.2750154914638448
-0.09486661090257333,0.14767691641366254,-0.27134199710140017
-0.09486661090257333,0.14763106164084736,-0.27337224251253545
-0.09486661090257333,0.14799176553886942,-0.27052790794174064
-0.09486661090257333,0.14797043088269116,-0.273750522515898
-0.09486661090257333,0.14824264382233507,-0.2717430600863732
-0.09486661090257333,0.1487582391860674,-0.27253335935556766
-0.09486661090257333,0.14892373385343086,-0.271512705512281
-0.09486661090257333,0.14935454205434057,-0.2699587276088119
-0.09486661090257333,0.14928407841872332,-0.271851419569513
-0.09486661090257333,0.1493066189649402,-0.27297186552840835
-0.09486661090257333,0.14957619881084577,-0.27156840100013185
-0.09486661090257333,0.1495541578230167,-0.27419858101068306
-0.09486661090257333,0.1498898819721306,-0.2738622648699352
-0.09486661090257333,0.15033828834818855,-0.27210504431150684
-0.09486661090257333,0.15039919378633618,-0.2734806865226008
-0.09486661090257333,0.15053481729449966,-0.27342892812194364
-0.09486661090257333,0.1506592623309258,-0.27103387069357615
-0.09486661090257333,0.15071876059931621,-0.27386787440410704
-0.09486661090257333,0.15067747423508795,-0.27509779543725255
-0.09486661090257333,0.15101237560256323,-0.2722347820862932
-0.09486661090257333,0.15115619071833072,-0.274729530439414
-0.09486661090257333,0.15125742914552806,-0.2734155982505061
-0.09486661090257333,0.15142978972743232,-0.2715251548351051
-0.09486661090257333,0.1516089885322974,-0.2720177249976055
-0.09486661090257333,0.15207806959797285,-0.2711514513475437
-0.09486661090257333,0.1525272905712337,-0.2715824415097538
-0.09486661090257333,0.15271139863560168,-0.27129242058175046
-0.09486661090257333,0.1527493880677349,-0.27131989236460535
-0.09486661090257333,0.1528574701735021,-0.2722169761677047
-0.09486661090257333,0.15299871018319705,-0.2707208717202364
-0.09486661090257333,0.152937604274085,-0.27447090816729114
-0.09486661090257333,0.15303628358588647,-0.27425742650278734
-0.09486661090257333,0.15329594460352394,-0.26966696232761733
-0.09486661090257333,0.15311269748354955,-0.27538784559218793
-0.09486661090257333,0.15321578945028622,-0.27365034326629617
-0.09486661090257333,0.1533953948838015,-0.27178311570531494
-0.09486661090257333,0.15389026709643688,-0.2717444674314046
-0.09486661090257333,0.1540697734572638,-0.271525078430487
-0.09486661090257333,0.1545472457898214,-0.26924758472860977
-0.09486661090257333,0.1544277294087755,-0.2725857530960035
-0.09486661090257333,0.15446643383271486,-0.27255119285580487
-0.09486661090257333,0.15462456442370973,-0.2695305656950241
-0.09486661090257333,0.15461809208328448,-0.27079842852856484
-0.09486661090257333,0.15474233980094892,-0.26998376588710893
-0.09486661090257333,0.15455100120683038,-0.2742291072261811
-0.09486661090257333,0.15470226974166457,-0.27427343195787524
-0.09486661090257333,0.1549974352573503,-0.2729863010503202
-0.09486661090257333,0.15508784951211424,-0.27284207269018235
-0.09486661090257333,0.15506556452191894,-0.27424333161226366
-0.09486661090257333,0.15542154761857715,-0.2726403522014085
-0.09486661090257333,0.15558675866895053,-0.2715081902914079
-0.09486661090257333,0.15554463538323474,-0.2730968992836794
-0.09486661090257333,0.1558723794198223,-0.27077866733017897
-0.09486661090257333,0.1558768805972836,-0.2714473117868787
-0.09486661090257333,0.1562530948820856,-0.2702496991269766
-0.09486661090257333,0.15644158461456348,-0.2716079721990598
-0.09486661090257333,0.1565798176511444,-0.27214247217123155
-0.09486661090257333,0.1566227354385253,-0.27245676040713335
-0.09486661090257333,0.15673018058484134,-0.2746950215476913
-0.09486661090257333,0.15702552966607938,-0.26939490837423613
-0.09486661090257333,0.15703629307576367,-0.27425704335314893
-0.09486661090257333,0.1574255213844184,-0.274341631544925
-0.09486661090257333,0.1578586050866986,-0.27071455904619257
-0.09486661090257333,0.1581673088947879,-0.2728003372423786
-0.09486661090257333,0.15815543836231183,-0.2746694717144931
-0.09486661090257333,0.15863514324107575,-0.2715236472781398
-0.09486661090257333,0.1585257595235247,-0.27371713515039103
-0.09486661090257333,0.15901318222370447,-0.27216285744402524
-0.09486661090257333,0.15905909917185274,-0.2716619937892538
-0.09486661090257333,0.1599190054686967,-0.27015086799592086
-0.09486661090257333,0.1600054142947515,-0.2738067591811854
-0.09486661090257333,0.160159317569412,-0.27423923363349606
-0.09486661090257333,0.16024901608199138,-0.27310440719246665
-0.09486661090257333,0.1604213541490396,-0.27004389210961466
-0.09486661090257333,0.16034488798659677,-0.2741029058567038
-0.09486661090257333,0.16047596136231437,-0.2722236114276434
-0.09486661090257333,0.16025999382339723,-0.2769336568200671
-0.09486661090257333,0.16087604305052167,-0.2702045046002812
-0.09486661090257333,0.1609295289269001,-0.2733361753482739
-0.09486661090257333,0.16095293362883623,-0.2734220441435146
-0.09486661090257333,0.16106702913951212,-0.2734701583826612
-0.09486661090257333,0.16131270288403873,-0.2690498942131668
-0.09486661090257333,0.16111045125633938,-0.2771689479961982
-0.09486661090257333,0.1614402466030055,-0.27342372636438117
-0.09486661090257333,0.16179448368674834,-0.27159239146486003
-0.09486661090257333,0.1620146515065388,-0.2688472976495467
-0.09486661090257333,0.1621670616522687,-0.2726759690299929
-0.09486661090257333,0.16229455407905433,-0.27209557922088334
-0.09486661090257333,0.1625170856897935,-0.2708636828113961
-0.09486661090257333,0.16248640142117082,-0.27185378830747287
-0.09486661090257333,0.16234564715689687,-0.27670418768677535
-0.09486661090257333,0.1624129185317075,-0.27703894921186334
-0.09486661090257333,0.16250785504587023,-0.27669850696180787
-0.09486661090257333,0.16276493482041357,-0.27417637241246345
-0.09486661090257333,0.1630067490206064,-0.27165308883157085
-0.09486661090257333,0.1630110125395178,-0.27197674427013896
-0.09486661090257333,0.16328749063657244,-0.2703084787320563
-0.09486661090257333,0.16338458497746947,-0.2695210634215716
-0.09486661090257333,0.163038268954525,-0.2769246656407608
-0.09486661090257333,0.16348466476059498,-0.2728047734998209
-0.09486661090257333,0.16371832235237463,-0.2728866916875899
-0.09486661090257333,0.16390610888178592,-0.26918515276475463
-0.09486661090257333,0.16376960053258116,-0.2765224880344445
-0.09486661090257333,0.16423147651598133,-0.27166409507038536
-0.09486661090257333,0.16400093612171174,-0.2767184931744827
-0.09486661090257333,0.1642447323639542,-0.2719540050614655
-0.09486661090257333,0.1642291423825811,-0.27425901627751764
-0.09486661090257333,0.16442100714041294,-0.2719593694794953
-0.09486661090257333,0.16481192307900477,-0.2733671787032776
-0.09486661090257333,0.1647031735871565,-0.2765159434140094
-0.09486661090257333,0.16495449717568986,-0.2719921457691174
-0.09486661090257333,0.16483665520889873,-0.2764866775334247
-0.09486661090257333,0.16509889755638268,-0.2730454395801423
-0.09486661090257333,0.16529632336826355,-0.26995832369528694
-0.09486661090257333,0.16504544420499115,-0.27645973256072126
-0.09486661090257333,0.1652951999260918,-0.27617979020451866
-0.09486661090257333,0.1653094525482109,-0.27643240383109174
-0.09486661090257333,0.16564155009583562,-0.27174134781548503
-0.09486661090257333,0.16571023506359886,-0.2719612693944914
-0.09486661090257333,0.1660996788023255,-0.2695846085588359
-0.09486661090257333,0.16617952967788585,-0.2716790302649802
-0.09486661090257333,0.16596057996787975,-0.2768069322953971
-0.09486661090257333,0.16626890705655145,-0.27078471473514565
-0.09486661090257333,0.1659831801463927,-0.2767563238800171
-0.09486661090257333,0.16627371894855653,-0.2759339210448202
-0.09486661090257333,0.16642387994524419,-0.27655084139075037
-0.09486661090257333,0.16670873361359265,-0.27629210561928236
-0.09486661090257333,0.16677778778390226,-0.2764902259169843
-0.09486661090257333,0.1672754499132619,-0.26924136388948494
-0.09486661090257333,0.16716181273161218,-0.2736385232700482
-0.09486661090257333,0.16721174919120324,-0.27275968343686396
-0.09486661090257333,0.16727017308668746,-0.2716655708431066
-0.09486661090257333,0.1674743625851792,-0.27220552412907256
-0.09486661090257333,0.16745002360847971,-0.2728356391852194
-0.09486661090257333,0.16759233380217908,-0.27166967065204334
-0.09486661090257333,0.16746248002953287,-0.27621896415316
-0.09486661090257333,0.16776347305483577,-0.2761533394392623
-0.09486661090257333,0.1682625989097148,-0.2764991549164777
-0.09486661090257333,0.16830385530572134,-0.27655556664623293
-0.09486661090257333,0.16845337578629752,-0.2736930280397456
-0.09486661090257333,0.1688513211911174,-0.272908008981575
-0.09486661090257333,0.16904758221678368,-0.2702101499566601
-0.09486661090257333,0.168989873693782,-0.2727965565630375
-0.09486661090257333,0.1689202433177296,-0.276505604957672
-0.09486661090257333,0.16933375953228508,-0.27239167859802127
-0.09486661090257333,0.16939016389020795,-0.2713296683741889
-0.09486661090257333,0.16946502800426327,-0.2765991832239118
-0.09486661090257333,0.1695513855876082,-0.276274583455595
-0.09486661090257333,0.16985363487629213,-0.2759179952844109
-0.09486661090257333,0.17019050770796063,-0.27335698769975714
-0.09486661090257333,0.17032181547689196,-0.27175194906278394
-0.09486661090257333,0.1701385331827213,-0.27620941412078087
-0.09486661090257333,0.17082289921030877,-0.2685376665612939
-0.09486661090257333,0.17055607172721027,-0.2758881744796165
-0.09486661090257333,0.1707713241283142,-0.27284961267578806
-0.09486661090257333,0.17093961695291165,-0.2704042951886193
-0.09486661090257333,0.17131443053209108,-0.26841449462914324
-0.09486661090257333,0.171027100358687,-0.27612434278408476
-0.09486661090257333,0.17146105765123082,-0.2693523869232671
-0.09486661090257333,0.17132320924026387,-0.2723311212132138
-0.09486661090257333,0.17172495650406447,-0.2707535001108455
-0.09486661090257333,0.17167885371610125,-0.2716885966634909
-0.09486661090257333,0.17198626960525853,-0.2697484557868607
-0.09486661090257333,0.17234918748845204,-0.2754926047345122
-0.09486661090257333,0.17263859881242982,-0.27220554469077274
-0.09486661090257333,0.17259931006520732,-0.27548049914216743
-0.09486661090257333,0.17281262107160675,-0.2760953365700939
-0.09486661090257333,0.1730422119042855,-0.2724915676782979
-0.09486661090257333,0.1732668363831311,-0.270661593687535
-0.09486661090257333,0.17354598201176494,-0.26835490587422417
-0.09486661090257333,0.17352094832922035,-0.2715653076373939
-0.09486661090257333,0.1738308103520212,-0.27246269958597324
-0.09486661090257333,0.17385863119722184,-0.2726386127446744
-0.09486661090257333,0.17408285332961812,-0.27171592996676874
-0.09486661090257333,0.1739337046832797,-0.27592701924352
-0.09486661090257333,0.17402396710997106,-0.2763216719877694
-0.09486661090257333,0.17453188061232877,-0.27278107986191397
-0.09486661090257333,0.1747041737306313,-0.27426949125805067
-0.09486661090257333,0.17506627199759148,-0.27206659182334836
-0.09486661090257333,0.17532820598692636,-0.27069810124776217
-0.09486661090257333,0.17532626262393827,-0.27279742830117465
-0.09486661090257333,0.17529932626855915,-0.27553089078643683
-0.09486661090257333,0.17563305879221752,-0.2730154413101095
-0.09486661090257333,0.1757237878745356,-0.2717020850560052
-0.09486661090257333,0.175802748886229,-0.27582623305685355
-0.09486661090257333,0.17604372194821796,-0.27161303971723433
-0.09486661090257333,0.1759163985254295,-0.2759089465893811
-0.09486661090257333,0.1761807562978625,-0.27093141178117636
-0.09486661090257333,0.1760269262375239,-0.2755317129147905
-0.09486661090257333,0.17640930118962647,-0.2710247496945281
-0.09486661090257333,0.17620812898893431,-0.27581024129763304
-0.09486661090257333,0.1762320779409839,-0.2755786916179967
-0.09486661090257333,0.1765602011989988,-0.2718891419647503
-0.09486661090257333,0.17689432784146028,-0.2723049354433967
-0.09486661090257333,0.17711909652765992,-0.2715361686234868
-0.09486661090257333,0.17703279365182237,-0.27577331288480694
-0.09486661090257333,0.1772153802648208,-0.2735276061075191
-0.09486661090257333,0.1773733866473783,-0.2750908568546797
-0.09486661090257333,0.1777147263894158,-0.27012502697857704
-0.09486661090257333,0.17770925980345292,-0.27396578639626396
-0.09486661090257333,0.17796324363104146,-0.2748624428277473
-0.09486661090257333,0.17822226585811068,-0.27144887056697253
-0.09486661090257333,0.17840663800239104,-0.2715417814401696
-0.09486661090257333,0.17857632889987607,-0.26876821289454683
-0.09486661090257333,0.17855884570240962,-0.27079333368567177
-0.09486661090257333,0.17855158339566554,-0.2726339115456438
-0.09486661090257333,0.1788751127505937,-0.2683292010034664
-0.09486661090257333,0.17903628288187762,-0.2717549253344991
-0.09486661090257333,0.17959218326835938,-0.2694044677745254
-0.09486661090257333,0.17966097915812454,-0.2720530389088218
-0.09486661090257333,0.17964924708748514,-0.2758048229788688
-0.09486661090257333,0.1797240458083204,-0.27526720227054846
-0.09486661090257333,0.1801616689431362,-0.27147694477842765
-0.09486661090257333,0.18049426083550646,-0.27295034824914016
-0.09486661090257333,0.18090157326403777,-0.26814976544971303
-0.09486661090257333,0.1806637028733129,-0.27515482081130715
-0.09486661090257333,0.1810305569295122,-0.26829905717346897
-0.09486661090257333,0.18088981933364656,-0.27155091885902793
-0.09486661090257333,0.18108023366541767,-0.2724821181653834
-0.09486661090257333,0.18110179386474062,-0.27602925337546685
-0.09486661090257333,0.18136696749318726,-0.27341759966868256
-0.09486661090257333,0.18147354895597612,-0.27289462136817466
-0.09486661090257333,0.18153371910823202,-0.27251654930259833
-0.09486661090257333,0.18137933546734075,-0.27570131070766685
-0.09486661090257333,0.1818051415753137,-0.27132385590333713
-0.09486661090257333,0.1817802744381725,-0.2748321189252122
-0.09486661090257333,0.18205610492655275,-0.27139736568424044
-0.09486661090257333,0.18214041479515214,-0.27166464263214524
-0.09486661090257333,0.1824016532912474,-0.27325627684246406
-0.09486661090257333,0.18233226335183303,-0.27532561505099834
-0.09486661090257333,0.18246310146405656,-0.27300048241438657
-0.09486661090257333,0.18275672777075241,-0.27010984493897966
-0.09486661090257333,0.1826349001209209,-0.27563926885801004
-0.09486661090257333,0.1827374916355083,-0.27561357925611185
-0.09486661090257333,0.18286322673010105,-0.273629328141827
-0.09486661090257333,0.18316351156857327,-0.27105925761610267
-0.09486661090257333,0.1831156245930199,-0.27252757181483866
-0.09486661090257333,0.18324825373340844,-0.27181884630671643
-0.09486661090257333,0.18353082476957763,-0.2710109622965476
-0.09486661090257333,0.18355267894576655,-0.2729087070265074
-0.09486661090257333,0.18365111395345668,-0.27220411398896566
-0.09486661090257333,0.18390752627985013,-0.27347219465287614
-0.09486661090257333,0.18396814285079333,-0.2723614498247019
-0.09486661090257333,0.1838971590124468,-0.27511413130446477
-0.09486661090257333,0.18411477168888998,-0.2752307992999791
-0.09486661090257333,0.18417018817668718,-0.2755117026962438
-0.09486661090257333,0.18500681906671115,-0.27421844104374865
-0.09486661090257333,0.18512002806811498,-0.2734270715375603
-0.09486661090257333,0.18570537119260344,-0.272278094848657
-0.09486661090257333,0.1856765305615957,-0.27356156460099434
-0.09486661090257333,0.1858190580315318,-0.27172422125484474
-0.09486661090257333,0.18576420540636088,-0.27477947377728734
-0.09486661090257333,0.18579183416160086,-0.27493511722747976
-0.09486661090257333,0.1858611976700549,-0.2737507294235326
-0.09486661090257333,0.18598661338095776,-0.2716401939824833
-0.09486661090257333,0.18627770478175437,-0.2724863982743843
-0.09486661090257333,0.1862498426979101,-0.2747709884428874
-0.09486661090257333,0.18650514753153657,-0.2725449368945286
-0.09486661090257333,0.18637579058833031,-0.27589881654749887
-0.09486661090257333,0.18687688376592648,-0.27240433183791973
-0.09486661090257333,0.18689909006108119,-0.2721419601026579
-0.09486661090257333,0.18684615898562681,-0.27368222010857407
-0.09486661090257333,0.18692340726603343,-0.27214404626522504
-0.09486661090257333,0.18698796309701826,-0.2723466938348779
-0.09486661090257333,0.18688312045188255,-0.2746604648974083
-0.09486661090257333,0.1870569322807308,-0.2732117179952364
-0.09486661090257333,0.18717228140363543,-0.27158375426965
-0.09486661090257333,0.18703467968238532,-0.27471465231597486
-0.09486661090257333,0.1872017476475601,-0.27397489202474273
-0.09486661090257333,0.18716676217620637,-0.2753570676085006
-0.09486661090257333,0.1875859008807131,-0.2732054165832821
-0.09486661090257333,0.1875097873836746,-0.2755131173028645
-0.09486661090257333,0.18773716542829796,-0.2738073718023812
-0.09486661090257333,0.187701668895075,-0.27568778349319095
-0.09486661090257333,0.18790824607094908,-0.2725873104065283
-0.09486661090257333,0.18788543029924049,-0.27337385374914974
-0.09486661090257333,0.18789624902570198,-0.2732802406236534
-0.09486661090257333,0.18804948921942366,-0.27265138318176285
-0.09486661090257333,0.18810449720176628,-0.27183159533308715
-0.09486661090257333,0.18803873541915364,-0.27328626069277573
-0.09486661090257333,0.18835536608218506,-0.2721784548660381
-0.09486661090257333,0.18836240371542526,-0.2732782360119697
-0.09486661090257333,0.1884419938808011,-0.2734858778542134
-0.09486661090257333,0.18852755350238887,-0.2730214568189303
-0.09486661090257333,0.18854606877387262,-0.27282601412044605
-0.09486661090257333,0.18864646767644264,-0.2738889949151394
-0.09486661090257333,0.18869429569563867,-0.27350138967305265
-0.09486661090257333,0.1888160774593664,-0.2738223848493575
-0.09486661090257333,0.1888109317236384,-0.2746155783280566
-0.09486661090257333,0.1888457140842775,-0.2746949510218482
-0.09486661090257333,0.18909866493069583,-0.2729766340337983
-0.09486661090257333,0.1893431430763642,-0.27362275404719266
-0.09486661090257333,0.18945846344384598,-0.2732311250749547
-0.09486661090257333,0.189524513524871,-0.2727646790964037
-0.09486661090257333,0.18962280019476133,-0.2715814334664606
-0.09486661090257333,0.18972746778499594,-0.27048440702351706
-0.09486661090257333,0.18966936228128733,-0.27193031040638826
-0.09486661090257333,0.18980012491185372,-0.27171895221507536
-0.09486661090257333,0.18984989639448108,-0.2737209462541568
-0.09486661090257333,0.18987215771462426,-0.2734105768907261
-0.09486661090257333,0.1901668547501969,-0.26820564898935756
-0.09486661090257333,0.19031749393832725,-0.26826832095875214
-0.09486661090257333,0.19003113120790546,-0.27458787200256896
-0.09486661090257333,0.19037738259499334,-0.2680327498982191
-0.09486661090257333,0.19048187483598586,-0.26933539045994137
-0.09486661090257333,0.19031446165611116,-0.27386526425954044
-0.09486661090257333,0.19060012971600696,-0.26854502891522986
-0.09486661090257333,0.19028080781645607,-0.2750338778914851
-0.09486661090257333,0.19026351249255274,-0.2753851060755364
-0.09486661090257333,0.19048636256917018,-0.27194988159561945
-0.09486661090257333,0.19049542094512356,-0.27453205227918026
-0.09486661090257333,0.19067774147298366,-0.27267038008866196
-0.09486661090257333,0.1906685899004416,-0.2740559799845544
-0.09486661090257333,0.19094994158736128,-0.27163986615765257
-0.09486661090257333,0.19092001886242682,-0.2746088892668012
-0.09486661090257333,0.1910885389963985,-0.2740955835368768
-0.09486661090257333,0.19125482633522015,-0.2741242245051434
-0.09486661090257333,0.19140958040311962,-0.27207480144895185
-0.09486661090257333,0.19126297860271022,-0.2755572451884615
-0.09486661090257333,0.19132362651016116,-0.27453471825216025
-0.09486661090257333,0.1913562304930733,-0.2748364705851437
-0.09486661090257333,0.1914486128946968,-0.27522918473356073
-0.09486661090257333,0.19154704710252735,-0.27368637218221475
-0.09486661090257333,0.19163018503282994,-0.2727126793702925
-0.09486661090257333,0.19179307387218747,-0.2745232536897272
-0.09486661090257333,0.19192791282148142,-0.275571294168954
-0.09486661090257333,0.1921783005302654,-0.27454929651842064
-0.09486661090257333,0.19215870529488965,-0.27517011599150143
-0.09486661090257333,0.19225574203204215,-0.2755892715666118
-0.09486661090257333,0.19329007807358803,-0.2747888929334696
-0.09486661090257333,0.19353699357326715,-0.27195874696115535
-0.09486661090257333,0.1935933675380151,-0.27446554081847935
-0.09486661090257333,0.19362868636967576,-0.2743980714240118
-0.09486661090257333,0.19384482765245348,-0.2723291356806175
-0.09486661090257333,0.19398008693186436,-0.27451585209726664
-0.09486661090257333,0.19405015642548798,-0.27445614595166196
-0.09486661090257333,0.1941917877995124,-0.2723819284654272
-0.09486661090257333,0.19420811375516922,-0.2759941908009155
-0.09486661090257333,0.19441224807263513,-0.2744454958425499
-0.09486661090257333,0.19452844215150375,-0.2740322482765426
-0.09486661090257333,0.19456143991771557,-0.2741547181490319
-0.09486661090257333,0.1946873616124043,-0.2718740364688721
-0.09486661090257333,0.1946277190990824,-0.27438880371059604
-0.09486661090257333,0.19505873759423326,-0.2749345461817325
-0.09486661090257333,0.19526543616371436,-0.27131500828400457
-0.09486661090257333,0.19522245279008701,-0.2725344352227693
-0.09486661090257333,0.19539395113757332,-0.27249564495794626
-0.09486661090257333,0.19553446034986438,-0.27194417777515084
-0.09486661090257333,0.19560804389617076,-0.27512279369011966
-0.09486661090257333,0.19575072635762203,-0.27393420789193007
-0.09486661090257333,0.19573531456921722,-0.27436693335868995
-0.09486661090257333,0.1957576366208779,-0.2740239799238694
-0.09486661090257333,0.1957154879207139,-0.27492646810403837
-0.09486661090257333,0.19597513705066555,-0.2728405709262306
-0.09486661090257333,0.19588608090491877,-0.2749815706993298
-0.09486661090257333,0.19610401068437483,-0.272845209277453
-0.09486661090257333,0.19614719047554896,-0.2741219303566761
-0.09486661090257333,0.19634261762144345,-0.2754220918229797
-0.09486661090257333,0.19653741150611131,-0.2738364227038446
-0.09486661090257333,0.1966689142665783,-0.27218065349664083
-0.09486661090257333,0.19658481705460779,-0.27444813904258913
-0.09486661090257333,0.19661331412689165,-0.27435852214675943
-0.09486661090257333,0.19678806411356117,-0.27445566964418366
-0.09486661090257333,0.19732667246281724,-0.2747049300821607
-0.09486661090257333,0.19730179011850515,-0.2753758242134795
-0.09486661090257333,0.19752552364703238,-0.27229292836458696
-0.09486661090257333,0.19742824449890875,-0.2752244215734091
-0.09486661090257333,0.19748751985238525,-0.275231498912902
-0.09486661090257333,0.1975846931522825,-0.2754473399369332
-0.09486661090257333,0.19776570210838176,-0.27235648549772173
-0.09486661090257333,0.19773547427846463,-0.27433121628778234
-0.09486661090257333,0.19780346104614677,-0.27408597014303937
-0.09486661090257333,0.198218487400922,-0.2680493940303187
-0.09486661090257333,0.19806430591136026,-0.27391880866575186
-0.09486661090257333,0.19800092600701089,-0.275635788627662
-0.09486661090257333,0.19818136358181476,-0.2722822219632987
-0.09486661090257333,0.1984073609006022,-0.26822031029387455
-0.09486661090257333,0.1981173551626159,-0.2743840425740153
-0.09486661090257333,0.1981297390949511,-0.2756467856846231
-0.09486661090257333,0.19824681132905425,-0.27359744725965024
-0.09486661090257333,0.19838694433233287,-0.27442283193960204
-0.09486661090257333,0.19846147804603967,-0.27390042197835573
-0.09486661090257333,0.19876480073505198,-0.2683188755683842
-0.09486661090257333,0.19850053211800334,-0.2746312526262135
-0.09486661090257333,0.19862356892574218,-0.27225864982630843
-0.09486661090257333,0.19865910127917585,-0.27508704009489876
-0.09486661090257333,0.19873371201229476,-0.27402820914581394
-0.09486661090257333,0.19908894981819905,-0.268593573979977
-0.09486661090257333,0.19914473738049063,-0.2704924502666435
-0.09486661090257333,0.19898241355421942,-0.27431925212577074
-0.09486661090257333,0.19903910224360155,-0.2754172517886973
-0.09486661090257333,0.19915575444957948,-0.27423747985048774
-0.09486661090257333,0.19927242425395528,-0.2740130741820506
-0.09486661090257333,0.19931031999920318,-0.27425938780116604
-0.09486661090257333,0.19928702235456108,-0.27512702256572735
-0.09486661090257333,0.19964928009296146,-0.26933036180570796
-0.09486661090257333,0.19953188680429038,-0.27440428365930547
-0.09486661090257333,0.19982355582427735,-0.27266142508896324
-0.09486661090257333,0.20023128215975367,-0.2720545017789787
-0.09486661090257333,0.20012107059752898,-0.2743376968199301
-0.09486661090257333,0.20026867911516952,-0.27421619708231276
-0.09486661090257333,0.20027150794509518,-0.2747699739786511
-0.09486661090257333,0.2003425958130627,-0.2750927963913815
-0.09486661090257333,0.20033331230617024,-0.27538461323394775
-0.09486661090257333,0.20048572600314984,-0.2739298193500743
-0.09486661090257333,0.20048536168884198,-0.2755525637086845
-0.09486661090257333,0.20057216873176284,-0.2758798944486915
-0.09486661090257333,0.20085865087570606,-0.2728660864720347
-0.09486661090257333,0.2007656000235155,-0.2747390614248351
-0.09486661090257333,0.2007588931353207,-0.27538241454017914
-0.09486661090257333,0.20089878668690273,-0.2726954999710651
-0.09486661090257333,0.20091316583983748,-0.27271092719548856
-0.09486661090257333,0.2013408872877664,-0.27458171598711734
-0.09486661090257333,0.20155784818761197,-0.27273882216924344
-0.09486661090257333,0.20158033007867526,-0.27404717506183823
-0.09486661090257333,0.2020335756113415,-0.2731148337882513
-0.09486661090257333,0.2019738395796475,-0.2752830204288325
-0.09486661090257333,0.20203125181324139,-0.2745425747012571
-0.09486661090257333,0.20264519870337572,-0.2761524568066586
-0.09486661090257333,0.20287411672150157,-0.27397881211632075
-0.09486661090257333,0.20294864363453843,-0.27261947139299425
-0.09486661090257333,0.20288790951875857,-0.2743530898937389
-0.09486661090257333,0.20298186404612,-0.2729806040663564
-0.09486661090257333,0.20295102928770292,-0.2741765729339158
-0.09486661090257333,0.20303811016396314,-0.2741692891298938
-0.09486661090257333,0.20304752121125005,-0.2741016865807651
-0.09486661090257333,0.20345306960498466,-0.2726879284761808
-0.09486661090257333,0.20362309798036876,-0.2740312999329164
-0.09486661090257333,0.20377662319914633,-0.2738856781450329
-0.09486661090257333,0.20420863748278198,-0.2751556301172578
-0.09486661090257333,0.20421918232393116,-0.27608307864905923
-0.09486661090257333,0.2046640512552872,-0.2738698237651281
-0.09486661090257333,0.20472093070387673,-0.27315811033999404
-0.09486661090257333,0.2046760048646915,-0.2747682413667454
-0.09486661090257333,0.2046343211952348,-0.27563302206870915
-0.09486661090257333,0.20522150301524378,-0.2683005149193846
-0.09486661090257333,0.2049629693785408,-0.27400933549761786
-0.09486661090257333,0.20499840818369458,-0.2734113543896967
-0.09486661090257333,0.20527672951883683,-0.26815913248377915
-0.09486661090257333,0.205430460508549,-0.2683013195820891
-0.09486661090257333,0.20518388360110218,-0.2737142043202501
-0.09486661090257333,0.20508780720050296,-0.2761731180658716
-0.09486661090257333,0.2052419843932881,-0.2758264626847564
-0.09486661090257333,0.20572548606154267,-0.26862772258778517
-0.09486661090257333,0.20598955906282929,-0.26940481813581735
-0.09486661090257333,0.20589980637111394,-0.2747259571658252
-0.09486661090257333,0.20622987492253764,-0.27051302863440474
-0.09486661090257333,0.2062104622225889,-0.2733120243543312
-0.09486661090257333,0.20610072471389304,-0.2761774227532147
-0.09486661090257333,0.2063220357105207,-0.27182577664050256
-0.09486661090257333,0.20620682193735976,-0.27639693283959593
-0.09486661090257333,0.2065469938459974,-0.27419132277434066
-0.09486661090257333,0.20696192913840758,-0.2739651035473373
-0.09486661090257333,0.20788295353775824,-0.2741477024673358
-0.09486661090257333,0.20788139697967906,-0.2742573294924789
-0.09486661090257333,0.20846568300675314,-0.2732920803204214
-0.09486661090257333,0.20862144754050702,-0.2741871711027323
-0.09486661090257333,0.20866759252486725,-0.27378010303676675
-0.09486661090257333,0.20882106833120498,-0.2740307601710451
-0.09486661090257333,0.2089909392006958,-0.27662929789490476
-0.09486661090257333,0.20919835974460463,-0.27444635532448164
-0.09486661090257333,0.20941699397614677,-0.27474287772609524
-0.09486661090257333,0.20954920573437216,-0.27317225276321155
-0.09486661090257333,0.2094787658048167,-0.2762240350563828
-0.09486661090257333,0.21032487450543874,-0.2737631332183709
-0.09486661090257333,0.2104532992507115,-0.27355846859497707
-0.09486661090257333,0.21034867511540173,-0.27669693146018587
-0.09486661090257333,0.21080150972863154,-0.2745104761289131
-0.09486661090257333,0.21070745568733584,-0.27641252675584405
-0.09486661090257333,0.21106421490785365,-0.2740284669873534
-0.09486661090257333,0.211085086052055,-0.27428013530054246
-0.09486661090257333,0.2110282980574497,-0.2767545718850766
-0.09486661090257333,0.211163522723189,-0.2764743447241471
-0.09486661090257333,0.21127343475489047,-0.27670193799065224
-0.09486661090257333,0.21141753911786548,-0.27396050990360915
-0.09486661090257333,0.21152616836840415,-0.27185929322532654
-0.09486661090257333,0.21177441903281433,-0.2683218567228109
-0.09486661090257333,0.2118465071521845,-0.2740222247614377
-0.09486661090257333,0.21232727818833336,-0.2684199772634357
-0.09486661090257333,0.21204967890947768,-0.277045420252265
-0.09486661090257333,0.21214616042117376,-0.27576260420397775
-0.09486661090257333,0.2124994077319586,-0.27612298339061475
-0.09486661090257333,0.21273805594183356,-0.2742480588976673
-0.09486661090257333,0.21268563826585588,-0.27539999725765224
-0.09486661090257333,0.21304364788811408,-0.2687668088564652
-0.09486661090257333,0.21315736861352855,-0.2694645854573554
-0.09486661090257333,0.21324334848287374,-0.2705555569592139
-0.09486661090257333,0.21311187608888071,-0.27439927167774636
-0.09486661090257333,0.21314473003249568,-0.27670871580652967
-0.09486661090257333,0.21331724987441086,-0.2749135768550082
-0.09486661090257333,0.21335270109942428,-0.2742476590669811
-0.09486661090257333,0.2136270151159544,-0.2756321757232106
-0.09486661090257333,0.21360149095724484,-0.2770950239227293
-0.09486661090257333,0.21378317378870337,-0.27476775897295397
-0.09486661090257333,0.21399606402893873,-0.27437500891687255
-0.09486661090257333,0.21410158798575518,-0.27485396988204847
-0.09486661090257333,0.21416428810180624,-0.2748557856363096
-0.09486661090257333,0.21409652988384625,-0.2771417539642332
-0.09486661090257333,0.21427597468788726,-0.2769080563732839
-0.09486661090257333,0.21470871363411317,-0.2726914017217257
-0.09486661090257333,0.21469651422424352,-0.27608572890430777
-0.09486661090257333,0.2151553509094164,-0.27444552130352723
-0.09486661090257333,0.2152769271934134,-0.2771372690252923
-0.09486661090257333,0.21564532015212298,-0.2743233841753386
-0.09486661090257333,0.21578111628381927,-0.2751137231094378
-0.09486661090257333,0.21588598013562973,-0.27498738689148067
-0.09486661090257333,0.21591207416950697,-0.2751798885712896
-0.09486661090257333,0.21587097983274733,-0.2772765110483006
-0.09486661090257333,0.2160653188790186,-0.27559527194716826
-0.09486661090257333,0.21607014027783167,-0.27564589354471714
-0.09486661090257333,0.21607425863158136,-0.27672039564842366
-0.09486661090257333,0.21664947382280547,-0.27484166006629385
-0.09486661090257333,0.21712916893603973,-0.27487609587021067
-0.09486661090257333,0.21716985104853975,-0.2746844794646937
-0.09486661090257333,0.21723084031346085,-0.2765682292735555
-0.09486661090257333,0.2172493450059491,-0.27674737804197946
-0.09486661090257333,0.2172721308773512,-0.2773111979137682
-0.09486661090257333,0.2173588362365711,-0.2756160807712744
-0.09486661090257333,0.21760515934524777,-0.2744651168634195
-0.09486661090257333,0.21798193004834113,-0.2683296222280641
-0.09486661090257333,0.2176962351739452,-0.2745135304622008
-0.09486661090257333,0.2183226365843161,-0.27647829133144763
-0.09486661090257333,0.2188540092532367,-0.2685368113423695
-0.09486661090257333,0.21895739215006396,-0.2716349995164676
-0.09486661090257333,0.2189547038859135,-0.2755392335177661
-0.09486661090257333,0.21916887484355377,-0.2760092002236036
-0.09486661090257333,0.21988396677405062,-0.2689440421829206
-0.09486661090257333,0.22007218515448734,-0.26943039213267517
-0.09486661090257333,0.21987600715432337,-0.27773443863766123
-0.09486661090257333,0.2202742796826312,-0.27035803883809534
-0.09486661090257333,0.2199684584892015,-0.2776961333838999
-0.09486661090257333,0.2200127869304228,-0.2781817899656481
-0.09486661090257333,0.22113040050231725,-0.27762978248078657
-0.09486661090257333,0.22154586925398229,-0.277238156429895
-0.09486661090257333,0.2224086938892336,-0.27789251443502605
-0.09486661090257333,0.22272327157327299,-0.27735548884637995
-0.09486661090257333,0.22296452763102542,-0.2763878957507814
-0.09486661090257333,0.22335550599619486,-0.27668369264946957
-0.09486661090257333,0.22498175033542472,-0.27732468643126523
-0.09486661090257333,0.22568278966949953,-0.278745331197203
-0.09486661090257333,0.2269206648822937,-0.27889747795080455
-0.09486661090257333,0.22714012551478696,-0.27712470713708054
-0.09486661090257333,0.2283457452186773,-0.27832184469519977
-0.09486661090257333,0.22898966748537267,-0.277644415974501
-0.09486661090257333,0.22951149202558546,-0.27790798723081356
-0.09486661090257333,0.23010918464273844,-0.27833123025698686
-0.09486661090257333,0.2320396563392747,-0.27933074418819953
-0.09486661090257333,0.23217592509207202,-0.27871127714149324
-0.09486661090257333,0.23258348239166743,-0.27875578936552337
-0.09486661090257333,0.2336674705117533,-0.2786475548586987
-0.09486661090257333,0.23490135145592675,-0.27897272325018074
-0.09486661090257333,0.23810439476600137,-0.2799660527134328
-0.09486661090257333,0.238369243121688,-0.28008605228218303
-0.09486661090257333,0.23992936788578006,-0.2807849104392512
-0.12506964619051902,-0.033136367593150765,-0.11735596389586611
-0.12506964619051902,-0.029624629453231247,-0.11654736702846846
-0.12506964619051902,-0.024155052095090654,-0.11517855689818268
-0.12506964619051902,-0.02056821239341238,-0.11450587353273312
-0.12506964619051902,-0.01897572518991494,-0.11396775449007901
-0.12506964619051902,-0.01846300573040463,-0.1140767976757785
-0.12506964619051902,-0.01461738646826014,-0.11310403847324657
-0.12506964619051902,-0.011900361222300255,-0.1126237629988619
-0.12506964619051902,-0.009954920416409817,-0.11216422021159311
-0.12506964619051902,-0.009954038357235519,-0.11234846875134363
-0.12506964619051902,-0.008732656185244755,-0.11178679909265332
-0.12506964619051902,-0.006784985461806723,-0.11154329069862967
-0.12506964619051902,-0.004514874714458097,-0.11091146659237894
-0.12506964619051902,-0.0040111474284163905,-0.1109376285556436
-0.12506964619051902,-0.0033195341317640934,-0.1109187701225689
-0.12506964619051902,-0.0032282195228327017,-0.11099108055210627
-0.12506964619051902,-0.002889786638254647,-0.11044383088880871
-0.12506964619051902,-0.0019900205787171336,-0.11031543952434009
-0.12506964619051902,-0.00023660632785910997,-0.11021259803701844
-0.12506964619051902,-9.200970345681243e-05,-0.11056200957389462
-0.12506964619051902,0.0006639788914886563,-0.1104448298887305
-0.12506964619051902,0.0009661857855426479,-0.11036927070083957
-0.12506964619051902,0.0010117648426054369,-0.10991157095116988
-0.12506964619051902,0.0013143033074694364,-0.10956939489612405
-0.12506964619051902,0.0013706973079203027,-0.10979343454522505
-0.12506964619051902,0.0013671843020902751,-0.11035175900071692
-0.12506964619051902,0.0016850327050453775,-0.11013680427736494
-0.12506964619051902,0.0024388470140956683,-0.111275278120892
-0.12506964619051902,0.002907947346082039,-0.10938751682969061
-0.12506964619051902,0.00319376145415386,-0.10972510398875213
-0.12506964619051902,0.0039815343282388095,-0.10906813803712367
-0.12506964619051902,0.004004621250743674,-0.1091500298839525
-0.12506964619051902,0.004884392003561255,-0.10890495077520235
-0.12506964619051902,0.005422553400541541,-0.10880618587880952
-0.12506964619051902,0.0056373856886833655,-0.1090335594465286
-0.12506964619051902,0.006177397076081014,-0.11052054994990101
-0.12506964619051902,0.007543570373864069,-0.10915379496198607
-0.12506964619051902,0.008001890058240155,-0.1095121630783168
-0.12506964619051902,0.008074098746537217,-0.1104307507830431
-0.12506964619051902,0.008282258588583443,-0.10904751810426339
-0.12506964619051902,0.008704447918767054,-0.10823292106756277
-0.12506964619051902,0.009792946447957192,-0.11125352915878695
-0.12506964619051902,0.010578682590588653,-0.10824375446688217
-0.12506964619051902,0.01123202744067834,-0.10769150708303288
-0.12506964619051902,0.011610976492913783,-0.10829782096874097
-0.12506964619051902,0.012132005188560915,-0.11019621038062544
-0.12506964619051902,0.012269760805553344,-0.1076366219276782
-0.12506964619051902,0.012494888662996062,-0.11096847026212264
-0.12506964619051902,0.01296054618699977,-0.10827713395671013
-0.12506964619051902,0.013056800130182473,-0.10970469893958945
-0.12506964619051902,0.01418487889391587,-0.1071644465124153
-0.12506964619051902,0.014222414179533387,-0.1080042876664783
-0.12506964619051902,0.014382443024884043,-0.10944787141982959
-0.12506964619051902,0.01460895722654745,-0.10736481396539055
-0.12506964619051902,0.015510481739585334,-0.10560831921987457
-0.12506964619051902,0.015345978500827313,-0.11106822848814124
-0.12506964619051902,0.016085443387692078,-0.10775874449133616
-0.12506964619051902,0.016553054478800122,-0.10479051517318172
-0.12506964619051902,0.016821828491349857,-0.10847080608585757
-0.12506964619051902,0.017825788850594285,-0.10383851109089837
-0.12506964619051902,0.01786322754163097,-0.10427301312296267
-0.12506964619051902,0.018118007656939973,-0.10932283250504027
-0.12506964619051902,0.018697095726446126,-0.1039190084354128
-0.12506964619051902,0.018803931940789782,-0.11052970698087772
-0.12506964619051902,0.019336818521952254,-0.10689463294747825
-0.12506964619051902,0.02039987780380296,-0.10844856871733999
-0.12506964619051902,0.021737272364292595,-0.10981706070535868
-0.12506964619051902,0.0222610340755899,-0.10633072967016377
-0.12506964619051902,0.02309946342345191,-0.10554040865810499
-0.12506964619051902,0.023097793415222702,-0.10906540454671887
-0.12506964619051902,0.023396207417321697,-0.10466744713872633
-0.12506964619051902,0.02346432351004893,-0.10369301133092923
-0.12506964619051902,0.023878630469251396,-0.10387677727284417
-0.12506964619051902,0.02372619878601636,-0.10793213386595679
-0.12506964619051902,0.02412177751194966,-0.1069541579222798
-0.12506964619051902,0.024405655528802663,-0.10409392429703213
-0.12506964619051902,0.024668425383023936,-0.10509424690138247
-0.12506964619051902,0.0250828931265741,-0.1102102727961407
-0.12506964619051902,0.026042140748423065,-0.10862214683794691
-0.12506964619051902,0.02655806023507456,-0.10998335542924242
-0.12506964619051902,0.026834932975229247,-0.10681462371779893
-0.12506964619051902,0.02847865641519042,-0.10650775935214107
-0.12506964619051902,0.028809501210626174,-0.10362473257164806
-0.12506964619051902,0.029051856945601078,-0.10367672976016007
-0.12506964619051902,0.029298935036946985,-0.10449159622647752
-0.12506964619051902,0.029491558766841754,-0.10540236886749688
-0.12506964619051902,0.02997626194585455,-0.1039550503797887
-0.12506964619051902,0.030446546377175247,-0.1101672327145472
-0.12506964619051902,0.031144756945232402,-0.10539674350623296
-0.12506964619051902,0.03131125878648374,-0.10532521245998172
-0.12506964619051902,0.03179650138481232,-0.1057027193827087
-0.12506964619051902,0.032030207413978135,-0.10664598014175297
-0.12506964619051902,0.03259484933637406,-0.10558207370369144
-0.12506964619051902,0.033022845465905094,-0.10558668524744907
-0.12506964619051902,0.03328145412735554,-0.10352504599390622
-0.12506964619051902,0.033331509019504706,-0.10548767919937696
-0.12506964619051902,0.03357627832266202,-0.10354934816685868
-0.12506964619051902,0.033824892089327804,-0.10380482138799763
-0.12506964619051902,0.033716824011595606,-0.10676983629121983
-0.12506964619051902,0.03406056727970701,-0.10548662747586812
-0.12506964619051902,0.03429662334462984,-0.10432373385715188
-0.12506964619051902,0.03439568451671261,-0.10369486471090505
-0.12506964619051902,0.03439490090362758,-0.10545726444943082
-0.12506964619051902,0.03442382026294422,-0.10516969037252288
-0.12506964619051902,0.03483109284117329,-0.10859172513161008
-0.12506964619051902,0.03512086437878233,-0.10499526932323566
-0.12506964619051902,0.035362917588543846,-0.10525268412736233
-0.12506964619051902,0.03540311427528512,-0.10511291807286982
-0.12506964619051902,0.03546976517195975,-0.10431004895818585
-0.12506964619051902,0.0355396766361261,-0.10661182797672275
-0.12506964619051902,0.035736023275088805,-0.10349514648366553
-0.12506964619051902,0.03571700854917612,-0.10437051632503702
-0.12506964619051902,0.035868601710492116,-0.10484408526618305
-0.12506964619051902,0.03612914119095074,-0.10498665460650469
-0.12506964619051902,0.036292326490578,-0.10340205383789403
-0.12506964619051902,0.03652484134160355,-0.1034168173660377
-0.12506964619051902,0.036559747168563,-0.10372030941237165
-0.12506964619051902,0.03670629847736806,-0.1066111453621581
-0.12506964619051902,0.03690001067483536,-0.1076780793665526
-0.12506964619051902,0.0372495188748372,-0.1049247097202457
-0.12506964619051902,0.03750099458877226,-0.1034362090675498
-0.12506964619051902,0.03754603128896289,-0.10433221569001216
-0.12506964619051902,0.03759375296910737,-0.10492931389815696
-0.12506964619051902,0.037775390807418804,-0.10489316637133672
-0.12506964619051902,0.038025222812338236,-0.10366324042519548
-0.12506964619051902,0.03832830745387603,-0.10466335372652302
-0.12506964619051902,0.038867984106023885,-0.10328084347745536
-0.12506964619051902,0.03893300134707808,-0.10337976334825816
-0.12506964619051902,0.03936775991733808,-0.10482671355806483
-0.12506964619051902,0.03955471309315839,-0.10411687708806949
-0.12506964619051902,0.0403532798598962,-0.10333991177284918
-0.12506964619051902,0.04008773358940283,-0.10963530098632368
-0.12506964619051902,0.040478049977107466,-0.10309217565566442
-0.12506964619051902,0.04085659432308672,-0.1045980390789939
-0.12506964619051902,0.04097096956148118,-0.1035236294796329
-0.12506964619051902,0.04201175498748669,-0.10418143634267829
-0.12506964619051902,0.04235059658832185,-0.10348977882755683
-0.12506964619051902,0.04287467717317786,-0.10289742019942705
-0.12506964619051902,0.04302862989520213,-0.10405939322561131
-0.12506964619051902,0.04322504315959771,-0.10291066990762399
-0.12506964619051902,0.04322876026240066,-0.10437182865288708
-0.12506964619051902,0.04332848308769383,-0.10318669369512046
-0.12506964619051902,0.043425509602118564,-0.10408224279342437
-0.12506964619051902,0.04357832549652664,-0.10404663250259949
-0.12506964619051902,0.04363556482501843,-0.10421284498095051
-0.12506964619051902,0.04389974048800974,-0.10410401551768811
-0.12506964619051902,0.04399389103785166,-0.1038369354031985
-0.12506964619051902,0.04432436468102512,-0.10756549065843068
-0.12506964619051902,0.04453589509803101,-0.10346051319014216
-0.12506964619051902,0.044975974467660135,-0.10391612580739706
-0.12506964619051902,0.04545735005251687,-0.10403413529643335
-0.12506964619051902,0.04555469559323427,-0.10276465189979955
-0.12506964619051902,0.045702035294886804,-0.10275004876182958
-0.12506964619051902,0.04575766390249074,-0.10379196411245051
-0.12506964619051902,0.045758040867335384,-0.10390041830485508
-0.12506964619051902,0.04586854054619667,-0.10298027758488626
-0.12506964619051902,0.04595496115521698,-0.1038680117232682
-0.12506964619051902,0.04614375575543048,-0.10295393938446584
-0.12506964619051902,0.04643171804945919,-0.10686259127368003
-0.12506964619051902,0.04712513967789164,-0.10329673459164113
-0.12506964619051902,0.04714834211075418,-0.1037257193549469
-0.12506964619051902,0.04732703812656018,-0.10411840218346957
-0.12506964619051902,0.04759343056659504,-0.10367254641764412
-0.12506964619051902,0.048083850079296275,-0.10395074876400268
-0.12506964619051902,0.04795731725954515,-0.10816326004607002
-0.12506964619051902,0.04816906746174038,-0.10437762874736034
-0.12506964619051902,0.04836759325405399,-0.10115419700662509
-0.12506964619051902,0.04827007729662797,-0.10348919997865036
-0.12506964619051902,0.048272877066647756,-0.1040089396168028
-0.12506964619051902,0.04831213178428062,-0.10356226966047333
-0.12506964619051902,0.04811602261500845,-0.10912220535666428
-0.12506964619051902,0.048507907492760696,-0.10332873311527513
-0.12506964619051902,0.04853267052026484,-0.10366079668814876
-0.12506964619051902,0.04866329643276317,-0.10329836554961813
-0.12506964619051902,0.04877145070154916,-0.10227650121370291
-0.12506964619051902,0.04871155451864756,-0.10413778170325105
-0.12506964619051902,0.048855132514622104,-0.10358339862926513
-0.12506964619051902,0.048943659058840724,-0.10268241304409598
-0.12506964619051902,0.04898664407420671,-0.10382360293823856
-0.12506964619051902,0.04912012834041867,-0.10367805248509843
-0.12506964619051902,0.04913326853756717,-0.10357878136152765
-0.12506964619051902,0.04914287064123428,-0.1037161589726111
-0.12506964619051902,0.04921751878796682,-0.10358646504328173
-0.12506964619051902,0.049221393095192884,-0.10384068054260842
-0.12506964619051902,0.0497151022078067,-0.10341071911720301
-0.12506964619051902,0.04992522804121528,-0.10233350865949875
-0.12506964619051902,0.050698235322890986,-0.10307390183030463
-0.12506964619051902,0.05078529258585415,-0.10459761031723713
-0.12506964619051902,0.050924359404526096,-0.10333144796453309
-0.12506964619051902,0.05101690209373339,-0.1034780513766097
-0.12506964619051902,0.05115317716547046,-0.10331806672178101
-0.12506964619051902,0.05133735387964336,-0.10358640243469608
-0.12506964619051902,0.05139149033941488,-0.10345089886615921
-0.12506964619051902,0.05155650587735259,-0.1034546302880539
-0.12506964619051902,0.05223865758669286,-0.10344435005719566
-0.12506964619051902,0.052247119843649485,-0.10340639711469413
-0.12506964619051902,0.05241504759844849,-0.10336925513373696
-0.12506964619051902,0.052460155023550656,-0.10310579620000981
-0.12506964619051902,0.0525280913100161,-0.10336327974544413
-0.12506964619051902,0.05256046649219751,-0.10515409150571575
-0.12506964619051902,0.05316233191289085,-0.10269629309136019
-0.12506964619051902,0.053787488625337394,-0.10315398360923311
-0.12506964619051902,0.05416999540246763,-0.1032125183872149
-0.12506964619051902,0.054667964838834,-0.10326141643977971
-0.12506964619051902,0.054773125939723895,-0.10772384229421017
-0.12506964619051902,0.05583750190705075,-0.10191869174195989
-0.12506964619051902,0.05632115144985723,-0.10537033482220026
-0.12506964619051902,0.05629223938782667,-0.1071139849727093
-0.12506964619051902,0.056839491127285105,-0.10251005953768544
-0.12506964619051902,0.056687822246332516,-0.10595216454519762
-0.12506964619051902,0.05691185885776719,-0.10156940029694206
-0.12506964619051902,0.057035207727963014,-0.10249916684490379
-0.12506964619051902,0.05762451390024436,-0.10282386856015802
-0.12506964619051902,0.05848131869108827,-0.1025801080425105
-0.12506964619051902,0.0585766746029027,-0.10268268672500369
-0.12506964619051902,0.05863381396592521,-0.1024564724730953
-0.12506964619051902,0.05883504388353936,-0.10458129639896352
-0.12506964619051902,0.05920171718452098,-0.10273049985701577
-0.12506964619051902,0.05932971314006141,-0.10598416234663766
-0.12506964619051902,0.05932143463916242,-0.10680491620830523
-0.12506964619051902,0.0600442390808668,-0.10283927867619502
-0.12506964619051902,0.06000964501883516,-0.10462057792517643
-0.12506964619051902,0.060697543128627005,-0.10200070815160078
-0.12506964619051902,0.061035216223670447,-0.0997084545663055
-0.12506964619051902,0.061120349996774924,-0.10105409508036611
-0.12506964619051902,0.062097950606736216,-0.10696178608380047
-0.12506964619051902,0.06314603692839206,-0.10212960690157513
-0.12506964619051902,0.06327550977882078,-0.10401672153662778
-0.12506964619051902,0.06360748842337076,-0.10317566226888208
-0.12506964619051902,0.06366139629892834,-0.10231990046180539
-0.12506964619051902,0.06376957050841195,-0.10238570388295998
-0.12506964619051902,0.06410642553841689,-0.10211908672630343
-0.12506964619051902,0.06465384689561604,-0.10210995047692162
-0.12506964619051902,0.06526821278374337,-0.10168402270978583
-0.12506964619051902,0.06557650428884276,-0.10080214090481643
-0.12506964619051902,0.06607513088774455,-0.10106393617763543
-0.12506964619051902,0.06654953734728333,-0.10533510661529266
-0.12506964619051902,0.06694187840333107,-0.10555480563584962
-0.12506964619051902,0.06742247435534793,-0.10655564054392719
-0.12506964619051902,0.06784695191928665,-0.10139265603635472
-0.12506964619051902,0.06794118083655498,-0.10190635906140522
-0.12506964619051902,0.0686935513515036,-0.1016359348591841
-0.12506964619051902,0.06880667063802373,-0.10159527946745239
-0.12506964619051902,0.06901103268167183,-0.102021300748535
-0.12506964619051902,0.06916450309006117,-0.10155585843785242
-0.12506964619051902,0.06963657664339154,-0.102145586916911
-0.12506964619051902,0.0702310487276649,-0.09848325035072536
-0.12506964619051902,0.07078722726581446,-0.10192431944490832
-0.12506964619051902,0.07084827016721484,-0.10357603636229051
-0.12506964619051902,0.07141508244190695,-0.09959764608698252
-0.12506964619051902,0.07158808406629338,-0.10177355812321986
-0.12506964619051902,0.07145805683918566,-0.10598845679370006
-0.12506964619051902,0.0738429571519716,-0.10110993033193105
-0.12506964619051902,0.07379023438160988,-0.10601764681474313
-0.12506964619051902,0.07385607367222878,-0.1060140705360566
-0.12506964619051902,0.07399860902682594,-0.10419464902322673
-0.12506964619051902,0.07427052171107082,-0.10174058617260973
-0.12506964619051902,0.07456563766421573,-0.10141740788200693
-0.12506964619051902,0.07469273229246397,-0.10099245565986814
-0.12506964619051902,0.07508218771222946,-0.10668261519617317
-0.12506964619051902,0.07566986873229592,-0.10019314320460582
-0.12506964619051902,0.07637527317422715,-0.10156743427817538
-0.12506964619051902,0.07657001565318768,-0.10099374204930434
-0.12506964619051902,0.07687125360927072,-0.10195294817176537
-0.12506964619051902,0.07878696361305856,-0.10406441489564422
-0.12506964619051902,0.07910562038440645,-0.1009359376137362
-0.12506964619051902,0.07924251197866823,-0.10542227441525165
-0.12506964619051902,0.08034770603457977,-0.09979787936263729
-0.12506964619051902,0.08077266298126123,-0.09812132150653463
-0.12506964619051902,0.08061535818823937,-0.10633261552002626
-0.12506964619051902,0.08113280687526722,-0.10322407768702757
-0.12506964619051902,0.08118194830633524,-0.10693249881104705
-0.12506964619051902,0.08161443403425778,-0.10112259442816507
-0.12506964619051902,0.08210740976683412,-0.10007228252147071
-0.12506964619051902,0.08218885540399297,-0.10152926127049411
-0.12506964619051902,0.08243951388527954,-0.10114377820105058
-0.12506964619051902,0.08273127724584098,-0.10498185117961933
-0.12506964619051902,0.08342506876412581,-0.09726480942419213
-0.12506964619051902,0.08358010336942684,-0.09934998494789238
-0.12506964619051902,0.08353593448292455,-0.1030418374651576
-0.12506964619051902,0.08370975346440074,-0.10100714148639989
-0.12506964619051902,0.08377015153447506,-0.10303787881732873
-0.12506964619051902,0.08403898606441672,-0.10093045353168906
-0.12506964619051902,0.08421220946835493,-0.10000829442483261
-0.12506964619051902,0.08432161487455757,-0.10547119158450269
-0.12506964619051902,0.08825627009158397,-0.10108835288195162
-0.12506964619051902,0.08844071685084245,-0.10005109525901812
-0.12506964619051902,0.08945843091425908,-0.1013736718671524
-0.12506964619051902,0.0899666896269739,-0.10009506216261743
-0.12506964619051902,0.09009687896056207,-0.10032246567021408
-0.12506964619051902,0.08990620050686812,-0.1063391201591013
-0.12506964619051902,0.09075506207267342,-0.09937796183796688
-0.12506964619051902,0.09161213419413806,-0.10196639772357341
-0.12506964619051902,0.09156652774938381,-0.10471701380416387
-0.12506964619051902,0.09180533828912939,-0.10061282689713369
-0.12506964619051902,0.0915399368521074,-0.106505499302042
-0.12506964619051902,0.0917545097794043,-0.1061405483859138
-0.12506964619051902,0.09218180786507597,-0.10047706025402392
-0.12506964619051902,0.09227086063017303,-0.10022463081329891
-0.12506964619051902,0.09293112467582698,-0.10528073570203367
-0.12506964619051902,0.09311468518521948,-0.10295305434017288
-0.12506964619051902,0.09346562775077615,-0.10038016808975392
-0.12506964619051902,0.09352829594904542,-0.09960713648375052
-0.12506964619051902,0.09359671256071975,-0.1001416364230836
-0.12506964619051902,0.09462745119520935,-0.0999402872162235
-0.12506964619051902,0.0947231358430943,-0.10038898401092966
-0.12506964619051902,0.09505257402230018,-0.09965399640112438
-0.12506964619051902,0.09549603328024968,-0.09693766376182511
-0.12506964619051902,0.0968999469765815,-0.09997373107942698
-0.12506964619051902,0.09695250504703773,-0.1005433260621682
-0.12506964619051902,0.09744396815917118,-0.09982827299035968
-0.12506964619051902,0.09796536328984864,-0.10046836425009298
-0.12506964619051902,0.09848100304076444,-0.09609852441510836
-0.12506964619051902,0.09911095027868469,-0.09902573038007223
-0.12506964619051902,0.09911586647240408,-0.10061686096880207
-0.12506964619051902,0.09959456240199324,-0.10003687292309005
-0.12506964619051902,0.09994716308174506,-0.09932679120058252
-0.12506964619051902,0.10021978284969356,-0.10026577515479296
-0.12506964619051902,0.10055416525241871,-0.0994390210228061
-0.12506964619051902,0.10079581055236389,-0.10015730258990796
-0.12506964619051902,0.10080563101732135,-0.10068530155875033
-0.12506964619051902,0.10181359968294401,-0.09947102481907166
-0.12506964619051902,0.1022680319456716,-0.10039361195936536
-0.12506964619051902,0.10240900108805322,-0.09972292842014097
-0.12506964619051902,0.10265151691693021,-0.09908217202119918
-0.12506964619051902,0.10304462767995264,-0.09941003060995568
-0.12506964619051902,0.10322729015626976,-0.09921717162322063
-0.12506964619051902,0.10398035992894358,-0.10000750411504555
-0.12506964619051902,0.10404172716859766,-0.09970004600878335
-0.12506964619051902,0.10420015993898027,-0.09760060655870206
-0.12506964619051902,0.10451648760815799,-0.10053583984886028
-0.12506964619051902,0.10462576649342213,-0.09923654310298513
-0.12506964619051902,0.10506045849717774,-0.10144427375519427
-0.12506964619051902,0.10519994502247106,-0.09958095881835105
-0.12506964619051902,0.10544585700966273,-0.10307765120459189
-0.12506964619051902,0.10578525089195684,-0.10517127411553218
-0.12506964619051902,0.10634203111112844,-0.09954954717055442
-0.12506964619051902,0.1063522413816248,-0.10502965927612551
-0.12506964619051902,0.10682230756681899,-0.09960071768029799
-0.12506964619051902,0.10700077641657055,-0.09928797506086784
-0.12506964619051902,0.1070281235942843,-0.10006855692187788
-0.12506964619051902,0.107193745508856,-0.09915743879372763
-0.12506964619051902,0.10722177236186074,-0.10034040908392139
-0.12506964619051902,0.10761298662008059,-0.09972512069646289
-0.12506964619051902,0.10768901253619023,-0.09885873326765715
-0.12506964619051902,0.10780018452884794,-0.10028364415691327
-0.12506964619051902,0.10807023604233604,-0.10009734299651729
-0.12506964619051902,0.10793090824033436,-0.1043748715767231
-0.12506964619051902,0.10830743706571827,-0.09977210161032102
-0.12506964619051902,0.10827520420568261,-0.1020896623521581
-0.12506964619051902,0.10910053550529583,-0.09952240058904538
-0.12506964619051902,0.1094855145910062,-0.1002222734234477
-0.12506964619051902,0.11061605804267508,-0.09885315979877118
-0.12506964619051902,0.11084479215770768,-0.10004732246212722
-0.12506964619051902,0.11127221234286354,-0.09939609442936015
-0.12506964619051902,0.11136574539953589,-0.09989220365820195
-0.12506964619051902,0.11145530603576495,-0.10002506726262506
-0.12506964619051902,0.11171607120624885,-0.10104827039987685
-0.12506964619051902,0.11179268742568883,-0.10101142989690026
-0.12506964619051902,0.11195801824966452,-0.1006762992435859
-0.12506964619051902,0.11224442954871802,-0.10027710269087897
-0.12506964619051902,0.1122868307925025,-0.10100177394444665
-0.12506964619051902,0.11246993181563361,-0.10087241625326981
-0.12506964619051902,0.11250602302987572,-0.10081042816090968
-0.12506964619051902,0.11250317953577015,-0.10104658340801598
-0.12506964619051902,0.11253022729332934,-0.10118828440170313
-0.12506964619051902,0.11276545335444292,-0.0985351889112226
-0.12506964619051902,0.11270610568447097,-0.10105591959424487
-0.12506964619051902,0.11274608472205414,-0.10028819837338188
-0.12506964619051902,0.11293909208395664,-0.10071457776969395
-0.12506964619051902,0.11329411234961725,-0.10074805547230792
-0.12506964619051902,0.1133739678053471,-0.09929187612468049
-0.12506964619051902,0.11340718319937602,-0.10066480383997045
-0.12506964619051902,0.1134882478897713,-0.10048741976311426
-0.12506964619051902,0.11365861652610748,-0.09915242655033085
-0.12506964619051902,0.11378547784685629,-0.10043093525647195
-0.12506964619051902,0.11388527049239208,-0.10077551846199606
-0.12506964619051902,0.11409442703930621,-0.10031835746783624
-0.12506964619051902,0.11418944168783536,-0.10029647951333043
-0.12506964619051902,0.11421335939649002,-0.10044516412137361
-0.12506964619051902,0.114325364681465,-0.09935231060935401
-0.12506964619051902,0.11425936067578846,-0.10093859464517274
-0.12506964619051902,0.11437297793478277,-0.09924042805873967
-0.12506964619051902,0.11440615177901378,-0.09950219890461087
-0.12506964619051902,0.11454993177824435,-0.0998876307297466
-0.12506964619051902,0.11472858026803939,-0.09858126415551693
-0.12506964619051902,0.11474694848832706,-0.09858963405052446
-0.12506964619051902,0.1147808655273299,-0.09908563989439667
-0.12506964619051902,0.11481076076188182,-0.09897077995747805
-0.12506964619051902,0.1149721124500069,-0.10030037030502092
-0.12506964619051902,0.1149772779980611,-0.10040600219397489
-0.12506964619051902,0.11505218856103129,-0.09933402832288263
-0.12506964619051902,0.11531714213707045,-0.09517198035288577
-0.12506964619051902,0.11516625877002203,-0.09892644161429809
-0.12506964619051902,0.1151376524046735,-0.09995406261520023
-0.12506964619051902,0.11544182183894902,-0.09871999806375176
-0.12506964619051902,0.11545130461695757,-0.09882202635922133
-0.12506964619051902,0.11545473490350568,-0.10035004529430336
-0.12506964619051902,0.11589757239299409,-0.09937197199559955
-0.12506964619051902,0.11595296380532677,-0.10001767274377993
-0.12506964619051902,0.11603559630229783,-0.09870066009011236
-0.12506964619051902,0.11613983878127207,-0.10061272516971709
-0.12506964619051902,0.11640692338741969,-0.10042482289390697
-0.12506964619051902,0.11651856377840139,-0.09867281685527884
-0.12506964619051902,0.11656107530052989,-0.10058081919412232
-0.12506964619051902,0.11668428992636273,-0.09932951955932001
-0.12506964619051902,0.11729229542247491,-0.09570172242906805
-0.12506964619051902,0.11723645697520838,-0.09930756327320567
-0.12506964619051902,0.11742968475721735,-0.09936950063742744
-0.12506964619051902,0.1182575066013512,-0.09829438948879476
-0.12506964619051902,0.11823546341298799,-0.09930691236537426
-0.12506964619051902,0.11837390769054709,-0.09881705734675916
-0.12506964619051902,0.11839795261029273,-0.0995392691748016
-0.12506964619051902,0.11851502717720773,-0.09901749655961911
-0.12506964619051902,0.11854750278326696,-0.09997801433098863
-0.12506964619051902,0.11881742780861995,-0.09867123659089216
-0.12506964619051902,0.11906150361321718,-0.09885169604468735
-0.12506964619051902,0.11904612223779837,-0.10035821914309317
-0.12506964619051902,0.11947935130213248,-0.10000063904670675
-0.12506964619051902,0.11929569619378066,-0.10481021880970254
-0.12506964619051902,0.11982588861794904,-0.10077194852435656
-0.12506964619051902,0.11998181431860433,-0.09819680386317986
-0.12506964619051902,0.11997663215219259,-0.09935524665175921
-0.12506964619051902,0.11996750198223192,-0.10419352521059744
-0.12506964619051902,0.12046560782454765,-0.09910237397079602
-0.12506964619051902,0.12051782834005047,-0.10295378732864235
-0.12506964619051902,0.12142678593897917,-0.10396276198768639
-0.12506964619051902,0.12260433973806446,-0.09840684551353995
-0.12506964619051902,0.12327623009317183,-0.09916016785698256
-0.12506964619051902,0.12334630707254793,-0.10125229564061455
-0.12506964619051902,0.12426357697694865,-0.09863542152103011
-0.12506964619051902,0.1244321456435156,-0.09837277946101519
-0.12506964619051902,0.12448972610705579,-0.09985565329751689
-0.12506964619051902,0.12464273005103897,-0.09839368150059968
-0.12506964619051902,0.12480956544717245,-0.09792270510230772
-0.12506964619051902,0.1251052351141681,-0.09978176011712825
-0.12506964619051902,0.12533932930120342,-0.099961172833123
-0.12506964619051902,0.12597172266134135,-0.0999003760954521
-0.12506964619051902,0.12682603738687576,-0.0985670694738362
-0.12506964619051902,0.12704343533356205,-0.09698827968189938
-0.12506964619051902,0.1271480018920731,-0.09933703364221536
-0.12506964619051902,0.129531343133381,-0.09801443325674941
-0.12506964619051902,0.1296153080726582,-0.09745460875504375
-0.12506964619051902,0.1302991205026247,-0.09715721008281719
-0.12506964619051902,0.13035017821398837,-0.09825042715313481
-0.12506964619051902,0.1307925959355597,-0.09831855176984661
-0.12506964619051902,0.13086387491111448,-0.09699758029453853
-0.12506964619051902,0.1310159693115483,-0.09853382877201
-0.12506964619051902,0.13101942977243208,-0.09908828143425918
-0.12506964619051902,0.131280976947673,-0.09841062920339372
-0.12506964619051902,0.1325541776869143,-0.09901045480696091
-0.12506964619051902,0.13285010394802807,-0.09467852024599166
-0.12506964619051902,0.13316841698401016,-0.10102329222005524
-0.12506964619051902,0.13326201945294583,-0.10416937837811047
-0.12506964619051902,0.13376976967055915,-0.09829486998209502
-0.12506964619051902,0.1336142612869287,-0.10380254708860215
-0.12506964619051902,0.1337571462611858,-0.10444526509883711
-0.12506964619051902,0.13457336923106128,-0.10101581043383467
-0.12506964619051902,0.13546132325588586,-0.09770654624094122
-0.12506964619051902,0.13541991055054886,-0.09874782330151155
-0.12506964619051902,0.13549945428582724,-0.09934170746380189
-0.12506964619051902,0.135692292782708,-0.0983824105884814
-0.12506964619051902,0.13564788698680091,-0.09979439907794252
-0.12506964619051902,0.1359609493845907,-0.09703683161978616
-0.12506964619051902,0.13600494247025988,-0.09760427641021452
-0.12506964619051902,0.13600459824017005,-0.10227332291697666
-0.12506964619051902,0.13646409494790407,-0.09630711328967423
-0.12506964619051902,0.13674680025669184,-0.09962154428193382
-0.12506964619051902,0.13735759103547168,-0.09555402702288618
-0.12506964619051902,0.13852256053756,-0.09848131217412137
-0.12506964619051902,0.13946136630205658,-0.0984264727061912
-0.12506964619051902,0.13957128222613152,-0.10117683664014743
-0.12506964619051902,0.1412594560635586,-0.09647530737448662
-0.12506964619051902,0.141161411916637,-0.09919543204137915
-0.12506964619051902,0.14140827023247415,-0.09718202944766074
-0.12506964619051902,0.14159947663714667,-0.10081645365745928
-0.12506964619051902,0.14189418726173902,-0.09658070254551543
-0.12506964619051902,0.14214138506198848,-0.10342230237166516
-0.12506964619051902,0.142596041978656,-0.10355542928607464
-0.12506964619051902,0.1429939524339776,-0.09809057853155723
-0.12506964619051902,0.14394924121317426,-0.09720448114760016
-0.12506964619051902,0.14396518614027848,-0.10375753017009348
-0.12506964619051902,0.14495543160843827,-0.09642644242787668
-0.12506964619051902,0.14492426115033094,-0.0973512488535796
-0.12506964619051902,0.14470982960798137,-0.10256090576535581
-0.12506964619051902,0.14497188810533837,-0.10088406022979968
-0.12506964619051902,0.1451376265349938,-0.09904618361878437
-0.12506964619051902,0.14520603380220737,-0.10046947336279588
-0.12506964619051902,0.14533813416063954,-0.0986237885455945
-0.12506964619051902,0.1461245164701744,-0.09589319640179494
-0.12506964619051902,0.14609435897438672,-0.09765772592380884
-0.12506964619051902,0.1462915233100879,-0.09802680867089897
-0.12506964619051902,0.14664847098539585,-0.09827461604391885
-0.12506964619051902,0.146724796804618,-0.09976570763244053
-0.12506964619051902,0.14701096926414303,-0.09690786709487709
-0.12506964619051902,0.14682446302756444,-0.10224835212797134
-0.12506964619051902,0.1473822481558652,-0.09800325481532868
-0.12506964619051902,0.14877472705283531,-0.09737851443984391
-0.12506964619051902,0.1492462696435061,-0.09766624497850507
-0.12506964619051902,0.14930333444898297,-0.09792934709157397
-0.12506964619051902,0.1494787753593869,-0.09878218505805536
-0.12506964619051902,0.14986328002666066,-0.09779293548803614
-0.12506964619051902,0.15020963608058027,-0.09816700754250385
-0.12506964619051902,0.15043927878422086,-0.09463631431225761
-0.12506964619051902,0.15035949094452566,-0.10275665174303528
-0.12506964619051902,0.15072642364779779,-0.10089422166103956
-0.12506964619051902,0.15077721321528673,-0.10297370726662836
-0.12506964619051902,0.15101172615228825,-0.10076638153810313
-0.12506964619051902,0.15096778765848573,-0.10196103582230187
-0.12506964619051902,0.15123644461696029,-0.09730299179780755
-0.12506964619051902,0.15215631892068193,-0.0973294730083013
-0.12506964619051902,0.1521894611094986,-0.10208194772204393
-0.12506964619051902,0.152629153855007,-0.09744176175890484
-0.12506964619051902,0.15253539156526538,-0.10140222062317694
-0.12506964619051902,0.1528238296459538,-0.09721813998192996
-0.12506964619051902,0.15260793937210002,-0.10239751811414699
-0.12506964619051902,0.1531888520729226,-0.09586470201918162
-0.12506964619051902,0.15324918371087362,-0.09754204889268236
-0.12506964619051902,0.15342618518413115,-0.09879869930736163
-0.12506964619051902,0.15340882424386001,-0.10076942364522434
-0.12506964619051902,0.15384761837078997,-0.09628274650407953
-0.12506964619051902,0.1538433994816739,-0.0996776722601348
-0.12506964619051902,0.15459973788090373,-0.09668808366551673
-0.12506964619051902,0.1548332044649077,-0.09564430381995881
-0.12506964619051902,0.15506299051313535,-0.09529190240533825
-0.12506964619051902,0.15523380518900914,-0.09840654611683397
-0.12506964619051902,0.15508893882194644,-0.10296612138725092
-0.12506964619051902,0.15527639779440366,-0.10057874223505847
-0.12506964619051902,0.1555023883706807,-0.09722384495699932
-0.12506964619051902,0.1556300999036455,-0.09825804901413027
-0.12506964619051902,0.15676288259483517,-0.09728655716960077
-0.12506964619051902,0.1569696363030821,-0.10247881192328268
-0.12506964619051902,0.15802974163597858,-0.097218409666598
-0.12506964619051902,0.15816245141184113,-0.09730147865562189
-0.12506964619051902,0.15807981637056692,-0.10273751350954885
-0.12506964619051902,0.1585881818290767,-0.09647445067361449
-0.12506964619051902,0.15869298206420884,-0.09754937531664731
-0.12506964619051902,0.15907099806745664,-0.0987890824188199
-0.12506964619051902,0.159700349341287,-0.09813803777611907
-0.12506964619051902,0.16025837360649395,-0.1007755433296067
-0.12506964619051902,0.16043040242489795,-0.09829486087930239
-0.12506964619051902,0.16101110789705758,-0.09810754620030293
-0.12506964619051902,0.16198963080399087,-0.09722002359436943
-0.12506964619051902,0.1621787995372681,-0.095095383226107
-0.12506964619051902,0.1621265023335854,-0.09672532090417574
-0.12506964619051902,0.1622160237923502,-0.0981011365563158
-0.12506964619051902,0.16249095697818314,-0.09762302374908871
-0.12506964619051902,0.1625037813944799,-0.09773871840710158
-0.12506964619051902,0.1627513138119411,-0.09719689675760745
-0.12506964619051902,0.16323038136651077,-0.09481831047082567
-0.12506964619051902,0.16377956393775206,-0.09566948690176658
-0.12506964619051902,0.16364011334427483,-0.1027047342444023
-0.12506964619051902,0.16455820646031483,-0.09523848759477904
-0.12506964619051902,0.16493270284359618,-0.09742238659795843
-0.12506964619051902,0.16482128458361076,-0.10186195779193696
-0.12506964619051902,0.16507831918308616,-0.09844869051207605
-0.12506964619051902,0.16554737585214666,-0.09734379800310322
-0.12506964619051902,0.16555146022047426,-0.09886077566870921
-0.12506964619051902,0.1658102769096576,-0.09721853251694113
-0.12506964619051902,0.166008827205524,-0.09801192038933038
-0.12506964619051902,0.16634004899318758,-0.09573422742489324
-0.12506964619051902,0.16671374601366498,-0.10140126205558742
-0.12506964619051902,0.16740260402015222,-0.09881689876032762
-0.12506964619051902,0.1677231389072743,-0.09787580190944378
-0.12506964619051902,0.1680986616165281,-0.09532024128214911
-0.12506964619051902,0.1680434380167656,-0.09747729659909987
-0.12506964619051902,0.17090329997520262,-0.09524541203034831
-0.12506964619051902,0.1709159481963582,-0.09822643219074179
-0.12506964619051902,0.1709444462579801,-0.10203859113369673
-0.12506964619051902,0.17206288047701215,-0.09732361575029902
-0.12506964619051902,0.17311884524930507,-0.09542314787452455
-0.12506964619051902,0.17341156094728744,-0.09443018758608146
-0.12506964619051902,0.17339565061465467,-0.0978727305172894
-0.12506964619051902,0.1736571156690074,-0.09596256390833358
-0.12506964619051902,0.17414757792021435,-0.09427102988278646
-0.12506964619051902,0.17442015281819376,-0.10127741019000869
-0.12506964619051902,0.17539900242356862,-0.09794726242991236
-0.12506964619051902,0.17581088545091417,-0.0983718659080487
-0.12506964619051902,0.17667927717800663,-0.09645566384660409
-0.12506964619051902,0.1769247762816357,-0.09419636909766738
-0.12506964619051902,0.17682762100537913,-0.09860158743092096
-0.12506964619051902,0.1767703480774589,-0.10093632827090027
-0.12506964619051902,0.17724944804977247,-0.09791583582591712
-0.12506964619051902,0.1774257228262312,-0.0979212002439469
-0.12506964619051902,0.17773219418098482,-0.09744111405416056
-0.12506964619051902,0.17780667262402694,-0.0974805001282929
-0.12506964619051902,0.17783260986282937,-0.09756445483251097
-0.12506964619051902,0.17876282763853968,-0.0974312986551018
-0.12506964619051902,0.17905679533956584,-0.09728212574175066
-0.12506964619051902,0.18004110882946212,-0.0996185527131852
-0.12506964619051902,0.18022822833564356,-0.10187769735176222
-0.12506964619051902,0.1807396046660918,-0.09645765345919854
-0.12506964619051902,0.18132720417184992,-0.09735506496601865
-0.12506964619051902,0.1820173665507931,-0.09471526995293467
-0.12506964619051902,0.18300622500032385,-0.09415781179153082
-0.12506964619051902,0.18292519503977417,-0.09754486510396165
-0.12506964619051902,0.1833403016546592,-0.09756065736836106
-0.12506964619051902,0.1835499785316415,-0.0954930437104331
-0.12506964619051902,0.1851408906634041,-0.09857318677514015
-0.12506964619051902,0.1854979181170056,-0.09393389838628519
-0.12506964619051902,0.18569349393388748,-0.09411582959851361
-0.12506964619051902,0.18563231896183674,-0.0986072626076121
-0.12506964619051902,0.18596755242154225,-0.09724154646474059
-0.12506964619051902,0.18638583797891858,-0.09723667385397994
-0.12506964619051902,0.18678598668337076,-0.09905815394476325
-0.12506964619051902,0.18709192762423182,-0.09642945637712785
-0.12506964619051902,0.18801946366033878,-0.09829046306086309
-0.12506964619051902,0.1885963413092961,-0.09726206249264346
-0.12506964619051902,0.18915771464482645,-0.10077588806284976
-0.12506964619051902,0.1901147113627064,-0.09868226017626969
-0.12506964619051902,0.19035681160288936,-0.09757391346103816
-0.12506964619051902,0.19045689106827685,-0.09803452885784047
-0.12506964619051902,0.19114442646517626,-0.09711506552538374
-0.12506964619051902,0.19169273863851582,-0.0982429432690074
-0.12506964619051902,0.19224900201965037,-0.09692308487296197
-0.12506964619051902,0.1923240801582439,-0.09676985580535902
-0.12506964619051902,0.19318029568000972,-0.09953149161792596
-0.12506964619051902,0.1935000752052803,-0.09742334982773437
-0.12506964619051902,0.1944385460843996,-0.10166417035875563
-0.12506964619051902,0.19511266818000889,-0.09719826131800469
-0.12506964619051902,0.19535779775997597,-0.09682890033166924
-0.12506964619051902,0.19553169708817691,-0.09917742084849612
-0.12506964619051902,0.19636940705719325,-0.09399873961639105
-0.12506964619051902,0.19659667863168995,-0.09406649172445936
-0.12506964619051902,0.19668340025423178,-0.09377536238280537
-0.12506964619051902,0.1968559532180956,-0.09541303117788813
-0.12506964619051902,0.19669852066343965,-0.1004142221476525
-0.12506964619051902,0.1970250087692522,-0.09439402423832322
-0.12506964619051902,0.19775472816316272,-0.09740575033956966
-0.12506964619051902,0.1980188706335901,-0.09733459122236121
-0.12506964619051902,0.19797181344128917,-0.09850439601524119
-0.12506964619051902,0.19798861613103433,-0.09875073477265772
-0.12506964619051902,0.19854675657463225,-0.09899542286131058
-0.12506964619051902,0.1989354314564113,-0.10142348781049082
-0.12506964619051902,0.19926625506897927,-0.09852432076175677
-0.12506964619051902,0.19968429944991228,-0.09806093583626807
-0.12506964619051902,0.20017416842526808,-0.09899684721807522
-0.12506964619051902,0.20105602628410552,-0.09718418542966234
-0.12506964619051902,0.20108489396468804,-0.09799942447850873
-0.12506964619051902,0.20216120209996433,-0.09819508617869077
-0.12506964619051902,0.20218551930491654,-0.09819717234125791
-0.12506964619051902,0.20307110047853708,-0.0988127835976369
-0.12506964619051902,0.20366037730427117,-0.10049137552115106
-0.12506964619051902,0.20433340537507982,-0.09824982832376106
-0.12506964619051902,0.2045431211201858,-0.10019043800401817
-0.12506964619051902,0.2046556680415058,-0.09957867961147493
-0.12506964619051902,0.2049498839368601,-0.09886311163449635
-0.12506964619051902,0.20504322922115037,-0.0981039660356332
-0.12506964619051902,0.20541802738256795,-0.09379341444216072
-0.12506964619051902,0.20570316749468287,-0.0940131915856024
-0.12506964619051902,0.20553724652234778,-0.10008082146344488
-0.12506964619051902,0.20624026303928047,-0.0941423236389074
-0.12506964619051902,0.20596452219784195,-0.10054921328501254
-0.12506964619051902,0.20632189568102785,-0.09903349427713437
-0.12506964619051902,0.20673123417395745,-0.09445942105716942
-0.12506964619051902,0.20665587748815953,-0.10004292664842851
-0.12506964619051902,0.20667195507612368,-0.09990551699474526
-0.12506964619051902,0.20680126578399502,-0.09894409561338557
-0.12506964619051902,0.20681444146957534,-0.09991153706386757
-0.12506964619051902,0.20740373123003208,-0.09804043579693233
-0.12506964619051902,0.207581065163589,-0.09537789124600704
-0.12506964619051902,0.20774802046577656,-0.10021096280602404
-0.12506964619051902,0.20789415526397018,-0.09905330026248738
-0.12506964619051902,0.20789176909537313,-0.09911629389945764
-0.12506964619051902,0.2078695928152702,-0.10022588588401427
-0.12506964619051902,0.2080612955645453,-0.10052677657480213
-0.12506964619051902,0.20846823266114592,-0.09959703255933383
-0.12506964619051902,0.20837803904093108,-0.10160327105887856
-0.12506964619051902,0.20888767754034848,-0.09984639230416359
-0.12506964619051902,0.20914499571136297,-0.099531647800008
-0.12506964619051902,0.209235336738942,-0.09788620807437032
-0.12506964619051902,0.20929097834679836,-0.09778026652009575
-0.12506964619051902,0.20937351508481356,-0.10079978036363446
-0.12506964619051902,0.20946085596924233,-0.10069320372827573
-0.12506964619051902,0.2096234284533107,-0.10079765815625408
-0.12506964619051902,0.2099051704823583,-0.09944264426879901
-0.12506964619051902,0.21053247142013076,-0.09840305787659864
-0.12506964619051902,0.21075063245517425,-0.09922488281734054
-0.12506964619051902,0.21072116954081702,-0.10031988797077884
-0.12506964619051902,0.21082752083778644,-0.09932418437745394
-0.12506964619051902,0.21082203623536108,-0.10087110051937653
-0.12506964619051902,0.2111396589434095,-0.10029789553704738
-0.12506964619051902,0.2114354749900238,-0.10044786392484617
-0.12506964619051902,0.21181075021063556,-0.10082721949035434
-0.12506964619051902,0.21194970394524418,-0.09847584954563016
-0.12506964619051902,0.2120237593085586,-0.10020970731725065
-0.12506964619051902,0.21213228948742976,-0.1000711280422687
-0.12506964619051902,0.21261740117044342,-0.1008145903674107
-0.12506964619051902,0.21297889096022182,-0.09394049835678753
-0.12506964619051902,0.21300243953529183,-0.09411478266540796
-0.12506964619051902,0.21321139702859704,-0.09411558732811243
-0.12506964619051902,0.2129742250748835,-0.10112552133001906
-0.12506964619051902,0.21320341968394083,-0.10106611600153548
-0.12506964619051902,0.21322680022812793,-0.10110559988218093
-0.12506964619051902,0.21365974755601125,-0.0944889478781834
-0.12506964619051902,0.21406539380110526,-0.09546385633695043
-0.12506964619051902,0.21458446694739536,-0.09890014961609428
-0.12506964619051902,0.21463049641114923,-0.09885457937452868
-0.12506964619051902,0.21829766219361035,-0.09864812625059172
-0.12506964619051902,0.2196986991343195,-0.09417159090277405
-0.12506964619051902,0.2205296873450322,-0.09428478216502811
-0.12506964619051902,0.22161062927744912,-0.0946772818996574
-0.12506964619051902,0.22179091698197245,-0.09552981447295927
-0.12506964619051902,0.22313968350229102,-0.09920245157860696
-0.12506964619051902,0.22598291248025304,-0.09417665284740617
-0.12506964619051902,0.22729251767842548,-0.09445770870228254
-0.12506964619051902,0.22884420791095744,-0.09493347593688695
-0.12506964619051902,0.22913612288872465,-0.09547125271927637
0.09044082045543937,-0.0336188825539164,-0.1346004450134406
0.09044082045543937,-0.03273539279738407,-0.13325887604742553
0.09044082045543937,-0.031539118119738405,-0.13310201206344263
0.09044082045543937,-0.03157558939402315,-0.1342763022879091
0.09044082045543937,-0.031421368668325254,-0.13374421132942893
0.09044082045543937,-0.03052694677694873,-0.13282079921353296
0.09044082045543937,-0.030571477695715006,-0.13418451051557978
0.09044082045543937,-0.02964066981320305,-0.13317980105574828
0.09044082045543937,-0.02967231108189779,-0.13390603761518916
0.09044082045543937,-0.029139370027794,-0.1327298723252942
0.09044082045543937,-0.02871582127711929,-0.13189771139615336
0.09044082045543937,-0.027822927162264297,-0.1324697639079363
0.09044082045543937,-0.02628535890257871,-0.13272005998586767
0.09044082045543937,-0.025095607723629395,-0.13183875064586736
0.09044082045543937,-0.023401831143144765,-0.13041500556722163
0.09044082045543937,-0.022826466794960525,-0.1321151705558129
0.09044082045543937,-0.021265333699637894,-0.13103451119422904
0.09044082045543937,-0.019935028848360126,-0.129807023014463
0.09044082045543937,-0.019016909599087976,-0.12949132062933366
0.09044082045543937,-0.018133221326768926,-0.13164296887511995
0.09044082045543937,-0.01797291910499387,-0.13164296887511995
0.09044082045543937,-0.016814383311247103,-0.1311160632944196
0.09044082045543937,-0.015751128625298885,-0.13088868660292496
0.09044082045543937,-0.015029989410440795,-0.13039280555515553
0.09044082045543937,-0.014904181795575422,-0.1319077831353126
0.09044082045543937,-0.011062342694232556,-0.13116307709365715
0.09044082045543937,-0.010536520647066876,-0.13096608278787436
0.09044082045543937,-0.010474894586004034,-0.1311423812771788
0.09044082045543937,-0.009078882947596357,-0.13115455632820694
0.09044082045543937,-0.009034061742494194,-0.13035478706859616
0.09044082045543937,-0.007262598449102636,-0.1288791137363441
0.09044082045543937,-0.006114154755683049,-0.13096368322617113
0.09044082045543937,-0.005440753942201759,-0.1308656869069793
0.09044082045543937,-0.0036882787109395166,-0.13135870097045832
0.09044082045543937,-0.0034850812799383647,-0.13018750912922772
0.09044082045543937,-0.002597018725122024,-0.12600973658124182
0.09044082045543937,-0.0028440761165420417,-0.13121858135494424
0.09044082045543937,-0.0009555626385051841,-0.13186154232028258
0.09044082045543937,-0.0007018334164749223,-0.12834793487640384
0.09044082045543937,-0.0005849290947431843,-0.12805975838323713
0.09044082045543937,-0.00031173830610982606,-0.12552761918632716
0.09044082045543937,0.0009579909956631432,-0.12686338664171937
0.09044082045543937,0.002374417084635718,-0.1289290289968218
0.09044082045543937,0.002475271474668692,-0.1302886837158972
0.09044082045543937,0.0027582402915468356,-0.12872180849099413
0.09044082045543937,0.004786911434988306,-0.12883105567613484
0.09044082045543937,0.004916359688847885,-0.12986909752977305
0.09044082045543937,0.00487671661666551,-0.1313917742276759
0.09044082045543937,0.006004900668879719,-0.12841736163428663
0.09044082045543937,0.006387717823595611,-0.12888363999601626
0.09044082045543937,0.007099279176053703,-0.13084170383295946
0.09044082045543937,0.007553645766524341,-0.12811938582273874
0.09044082045543937,0.008906036236569666,-0.12631181133160585
0.09044082045543937,0.00908065988223351,-0.1294054690298353
0.09044082045543937,0.010574702487548573,-0.13149521500676709
0.09044082045543937,0.011461453658955128,-0.12772443419607737
0.09044082045543937,0.011966082055511558,-0.12731953451426925
0.09044082045543937,0.012471856316524928,-0.12788169110303915
0.09044082045543937,0.01271372338329931,-0.12372216990808027
0.09044082045543937,0.013112014935281177,-0.12303637951762969
0.09044082045543937,0.013019549768613222,-0.1296501973801093
0.09044082045543937,0.015085528020027541,-0.1266489642101386
0.09044082045543937,0.014971930664016577,-0.1303589905426702
0.09044082045543937,0.015975689571692056,-0.1278533789332429
0.09044082045543937,0.01619883275951521,-0.12961657322620868
0.09044082045543937,0.01670168121891786,-0.12854584615978315
0.09044082045543937,0.01728975613078658,-0.1295698930185688
0.09044082045543937,0.017647602395536536,-0.12589779437849047
0.09044082045543937,0.017949514065819294,-0.1298097141010477
0.09044082045543937,0.01995610342179448,-0.1254876594342481
0.09044082045543937,0.019780975466301327,-0.1303438009907122
0.09044082045543937,0.020076724735397643,-0.12963800243185597
0.09044082045543937,0.02071032257610777,-0.12398177268483945
0.09044082045543937,0.020833101362685985,-0.12226821034080815
0.09044082045543937,0.020650688522778734,-0.12765553201234847
0.09044082045543937,0.021681801868241667,-0.12144281891299713
0.09044082045543937,0.021952961802901905,-0.12323802855141064
0.09044082045543937,0.022534659086306114,-0.12468137096935306
0.09044082045543937,0.022636910157286663,-0.1277802978835587
0.09044082045543937,0.023095210271974392,-0.12390736068857555
0.09044082045543937,0.023191704819563026,-0.12397813307716288
0.09044082045543937,0.023258378629721643,-0.12521993194598335
0.09044082045543937,0.023777401942646156,-0.12209877128801128
0.09044082045543937,0.023986919099294124,-0.12136363887757351
0.09044082045543937,0.023667813870640778,-0.12804325169773134
0.09044082045543937,0.024174521613752494,-0.12206151838502666
0.09044082045543937,0.02412216514699604,-0.12390505533340301
0.09044082045543937,0.024468707235595008,-0.12354855446691959
0.09044082045543937,0.02446966230342185,-0.12391799430353811
0.09044082045543937,0.024536640528372514,-0.12816241922104998
0.09044082045543937,0.02465100723678997,-0.12589483694807846
0.09044082045543937,0.025023177769538094,-0.12376065857912044
0.09044082045543937,0.025194687383750553,-0.1221379485284304
0.09044082045543937,0.025243159802606337,-0.12378650554603798
0.09044082045543937,0.025270513197218108,-0.12400271302011123
0.09044082045543937,0.025366563329397282,-0.12389219622227632
0.09044082045543937,0.02531138529411966,-0.12605663300954406
0.09044082045543937,0.025467005083207237,-0.12631706339531867
0.09044082045543937,0.02598034721164561,-0.12320284848147167
0.09044082045543937,0.026396381566170798,-0.12616435629540412
0.09044082045543937,0.026951853266876692,-0.12281330524546019
0.09044082045543937,0.02674417213667131,-0.12812500724688625
0.09044082045543937,0.0272041661379912,-0.1230419734135152
0.09044082045543937,0.0274745739888359,-0.12362093189845136
0.09044082045543937,0.02755007152445227,-0.12343219650830917
0.09044082045543937,0.027326628963153153,-0.12869090147951445
0.09044082045543937,0.0275151767706144,-0.12629329982023485
0.09044082045543937,0.027776126443316083,-0.1275946408952996
0.09044082045543937,0.028120881169897947,-0.12232615495475496
0.09044082045543937,0.02824149032002401,-0.12340327510653093
0.09044082045543937,0.028298582090748165,-0.12274735567321116
0.09044082045543937,0.02801227273597249,-0.12908985526321992
0.09044082045543937,0.028253377882294397,-0.1260537646048021
0.09044082045543937,0.02852275518633045,-0.12301008281867887
0.09044082045543937,0.028573098014365802,-0.12300597009818937
0.09044082045543937,0.028574792524449843,-0.12307683310861817
0.09044082045543937,0.02893416014782158,-0.12302991700943877
0.09044082045543937,0.029231924407002396,-0.12276111323993855
0.09044082045543937,0.029290360387843706,-0.12300229775547222
0.09044082045543937,0.02944330044564058,-0.12291133412004596
0.09044082045543937,0.02979811469230452,-0.12275949376569284
0.09044082045543937,0.030469065704036347,-0.12289393843397001
0.09044082045543937,0.030582250045046135,-0.12319058779559844
0.09044082045543937,0.030831412770438785,-0.12285865248426298
0.09044082045543937,0.031188585608085975,-0.12434224546666828
0.09044082045543937,0.03128326477791003,-0.12477575119003548
0.09044082045543937,0.03154876109655275,-0.1225161435691493
0.09044082045543937,0.031533569636073684,-0.12394070014933445
0.09044082045543937,0.03177908913292037,-0.12625346670378523
0.09044082045543937,0.03200813358198374,-0.12257696495872461
0.09044082045543937,0.03213755851213097,-0.1227158639246192
0.09044082045543937,0.03225170070160572,-0.12361383178824203
0.09044082045543937,0.03244450818748084,-0.12731920754552262
0.09044082045543937,0.03331735983840204,-0.1233571686457463
0.09044082045543937,0.033394090938237586,-0.12237315600385068
0.09044082045543937,0.033210968032217486,-0.12640647146834694
0.09044082045543937,0.03353082068016435,-0.12153233014535914
0.09044082045543937,0.033535618298029216,-0.12253402625730447
0.09044082045543937,0.033994269962457524,-0.12286636673010198
0.09044082045543937,0.0342241972555451,-0.12261372692633143
0.09044082045543937,0.03424537138275339,-0.12262414920221232
0.09044082045543937,0.03419913098333753,-0.123796608524257
0.09044082045543937,0.03423074163061632,-0.12646381668135254
0.09044082045543937,0.034278762695845295,-0.12717127727202304
0.09044082045543937,0.03463836479514805,-0.12337556442247977
0.09044082045543937,0.034808301149338465,-0.12254760917270968
0.09044082045543937,0.034813426489252446,-0.12710060676568014
0.09044082045543937,0.03509167687693384,-0.12370103347773131
0.09044082045543937,0.036264865221033185,-0.1216768248142659
0.09044082045543937,0.03657433710426799,-0.12092045567330412
0.09044082045543937,0.03627231139813068,-0.12737410512294622
0.09044082045543937,0.03650139719167442,-0.12500366277837593
0.09044082045543937,0.03701480475360387,-0.12173255103312786
0.09044082045543937,0.037491926224614704,-0.1188755294410816
0.09044082045543937,0.037246293529077996,-0.12591118796865908
0.09044082045543937,0.03724516000156581,-0.12827829826422998
0.09044082045543937,0.037565199434430506,-0.12820035939395036
0.09044082045543937,0.03776484442147611,-0.12643366324114613
0.09044082045543937,0.03772327456860426,-0.12787704107835196
0.09044082045543937,0.03818387826634806,-0.12135629620187638
0.09044082045543937,0.03840001121214738,-0.12306689827171302
0.09044082045543937,0.03850774793785444,-0.12225441603581999
0.09044082045543937,0.038489598173348134,-0.12640089314942338
0.09044082045543937,0.03887046331405471,-0.12070902065962608
0.09044082045543937,0.03884726089251697,-0.12241825941240392
0.09044082045543937,0.03879494434732931,-0.12380471521203751
0.09044082045543937,0.038740447364148924,-0.12611656107686298
0.09044082045543937,0.03896821935547566,-0.12218195908460538
0.09044082045543937,0.039073330289510495,-0.12272589971944181
0.09044082045543937,0.03916510963615489,-0.12257879262137839
0.09044082045543937,0.03899076657043823,-0.12788479913334339
0.09044082045543937,0.0395293703478414,-0.1199631444003193
0.09044082045543937,0.03964448737073356,-0.11997782344954688
0.09044082045543937,0.03969484238526022,-0.1225794941341325
0.09044082045543937,0.03978840488776314,-0.12153176586758263
0.09044082045543937,0.0398087287839121,-0.12225660274426398
0.09044082045543937,0.03987987402652332,-0.12094621483374879
0.09044082045543937,0.0398464980025639,-0.12181519708023136
0.09044082045543937,0.04002102647131055,-0.11942385929573962
0.09044082045543937,0.039954721521042215,-0.12155150386071012
0.09044082045543937,0.03968278402176165,-0.1272067485143582
0.09044082045543937,0.04003931746373211,-0.12093676650342033
0.09044082045543937,0.03981545164225706,-0.12813391523996842
0.09044082045543937,0.040250983029570905,-0.11992895440334195
0.09044082045543937,0.040425895291132635,-0.12255894248678767
0.09044082045543937,0.04054802787898029,-0.12546767393213287
0.09044082045543937,0.04044753436895428,-0.1278105186107612
0.09044082045543937,0.040892806081153026,-0.12213688009012835
0.09044082045543937,0.04094383118821136,-0.12764027371056086
0.09044082045543937,0.04133598440690238,-0.12170063068942649
0.09044082045543937,0.04121995577616952,-0.12416466241785207
0.09044082045543937,0.04127257204173778,-0.12717158898759806
0.09044082045543937,0.04168781833027445,-0.11985998423170408
0.09044082045543937,0.0413470639419789,-0.1268371526150076
0.09044082045543937,0.04139093817594001,-0.12683339752238676
0.09044082045543937,0.04147682933058996,-0.12776202621780053
0.09044082045543937,0.042006239877661694,-0.1260452021692814
0.09044082045543937,0.04221044885687769,-0.12256668885843014
0.09044082045543937,0.042272208259189176,-0.1269152306063065
0.09044082045543937,0.04250701041325046,-0.12426287052903962
0.09044082045543937,0.04268763709421986,-0.1256256792613718
0.09044082045543937,0.043207375073980196,-0.1203952079797731
0.09044082045543937,0.043242656161031366,-0.1198126670139329
0.09044082045543937,0.04359778811201092,-0.1198240598876601
0.09044082045543937,0.04362410941320969,-0.1264323020563165
0.09044082045543937,0.04389599462918327,-0.12266145247815363
0.09044082045543937,0.04415283183887452,-0.12143167524746667
0.09044082045543937,0.04432374493079927,-0.12144603838957746
0.09044082045543937,0.0444502825029345,-0.11978853803393663
0.09044082045543937,0.0443022827707799,-0.12647579086862692
0.09044082045543937,0.044619729668473926,-0.12207964208372468
0.09044082045543937,0.044801411127753085,-0.11990468592866421
0.09044082045543937,0.04451907607369443,-0.12738741966945832
0.09044082045543937,0.0450062751642144,-0.11995391752671503
0.09044082045543937,0.044966195922702366,-0.12080602576433364
0.09044082045543937,0.04491969370591833,-0.12181807575567383
0.09044082045543937,0.04489937234545476,-0.12224992414218772
0.09044082045543937,0.04506007218151319,-0.12099788244539156
0.09044082045543937,0.045382699984451,-0.11991769825943366
0.09044082045543937,0.04558372792850572,-0.11964544422096957
0.09044082045543937,0.04562651380676423,-0.11989350090424322
0.09044082045543937,0.04531337751189976,-0.12737252108565777
0.09044082045543937,0.04570016021001754,-0.11995946521895606
0.09044082045543937,0.045911437605956694,-0.12022814894254519
0.09044082045543937,0.045726964175066075,-0.12608214034983412
0.09044082045543937,0.046251981390908845,-0.11939445212933586
0.09044082045543937,0.04669663902815188,-0.11982262125201248
0.09044082045543937,0.04642177198122353,-0.1253634986523834
0.09044082045543937,0.04668202027127162,-0.12239848268082754
0.09044082045543937,0.046944674254066183,-0.12022184827640126
0.09044082045543937,0.047046100303418895,-0.11977782219868405
0.09044082045543937,0.04694735470638087,-0.12236178599673975
0.09044082045543937,0.04710606760908692,-0.11980017925663033
0.09044082045543937,0.046952043234941496,-0.12608917399642938
0.09044082045543937,0.04701535784419686,-0.1249310234244172
0.09044082045543937,0.04695673493556358,-0.12622062898702435
0.09044082045543937,0.04691757656650988,-0.12744598831263132
0.09044082045543937,0.04723484214270279,-0.12295939434895842
0.09044082045543937,0.04759436499584825,-0.11972881361805932
0.09044082045543937,0.047520667429646876,-0.12316574339240038
0.09044082045543937,0.04810196079626317,-0.11972726590494809
0.09044082045543937,0.04803111531170898,-0.12115530524281415
0.09044082045543937,0.048238525628410495,-0.12026506703244122
0.09044082045543937,0.04815839860549814,-0.12401954020952499
0.09044082045543937,0.048488245594643445,-0.1254250015090903
0.09044082045543937,0.04856033457080914,-0.1254465756498968
0.09044082045543937,0.04862861516049472,-0.12480628749122824
0.09044082045543937,0.04891247305880275,-0.12024912576494906
0.09044082045543937,0.048664697833462486,-0.12542595244280452
0.09044082045543937,0.049553092297170004,-0.12537531965895943
0.09044082045543937,0.04973087835596483,-0.12297763830517494
0.09044082045543937,0.04968557863842392,-0.12436286444966782
0.09044082045543937,0.04974797958971997,-0.12338697514445551
0.09044082045543937,0.04986434255966285,-0.1228218886705641
0.09044082045543937,0.05013495731312967,-0.11903237614039364
0.09044082045543937,0.050111771726193396,-0.12022836593924469
0.09044082045543937,0.050139899570438726,-0.12047561858204259
0.09044082045543937,0.05027377305382433,-0.12068683998079244
0.09044082045543937,0.05030307417270802,-0.12135588735460057
0.09044082045543937,0.050280996377672554,-0.12505302342300717
0.09044082045543937,0.050773379147720635,-0.1170007827449615
0.09044082045543937,0.05051543262144506,-0.12500867756729428
0.09044082045543937,0.05076416609533408,-0.12089299016889665
0.09044082045543937,0.05085327898331449,-0.11919517902911825
0.09044082045543937,0.05092738287104389,-0.11974441602728592
0.09044082045543937,0.05080176826440612,-0.12330527889220466
0.09044082045543937,0.050987436789595726,-0.1197511244684778
0.09044082045543937,0.05077663590773297,-0.12489693915686695
0.09044082045543937,0.050810151882044484,-0.12480622831421917
0.09044082045543937,0.05111051317876098,-0.11996265051821187
0.09044082045543937,0.05098937529493301,-0.12241922329784904
0.09044082045543937,0.05098791153163297,-0.12250681061869584
0.09044082045543937,0.05091501001728033,-0.12408076913359678
0.09044082045543937,0.05085800104817996,-0.12694680497011546
0.09044082045543937,0.05121348609945481,-0.11994381347533312
0.09044082045543937,0.05121492622144796,-0.12086023741659258
0.09044082045543937,0.05126407249850997,-0.11988124941475209
0.09044082045543937,0.05109590050496969,-0.12552215066189265
0.09044082045543937,0.05127333702240235,-0.12210992808201804
0.09044082045543937,0.051390053439726704,-0.11980259769614954
0.09044082045543937,0.051686630760031195,-0.12153188734152931
0.09044082045543937,0.05170402067277965,-0.12479849625659756
0.09044082045543937,0.05193515403101419,-0.12328478175553903
0.09044082045543937,0.052180770936317164,-0.12019527986743328
0.09044082045543937,0.052069513294718414,-0.12365834647788765
0.09044082045543937,0.05221937514584021,-0.12239980391155403
0.09044082045543937,0.052377082212280046,-0.11967683545926477
0.09044082045543937,0.052442354778675315,-0.12406837457229314
0.09044082045543937,0.052676874240141246,-0.12060229427516
0.09044082045543937,0.052758850524030995,-0.11967695088866348
0.09044082045543937,0.05286033514169148,-0.1200354426491298
0.09044082045543937,0.05300336084490252,-0.11974002057917699
0.09044082045543937,0.05289484652142157,-0.12388332109064637
0.09044082045543937,0.05301164703189083,-0.12391444667298512
0.09044082045543937,0.05299776176838235,-0.12631133981664588
0.09044082045543937,0.05317882029707681,-0.12346559377007893
0.09044082045543937,0.053213951593829,-0.12311339283305489
0.09044082045543937,0.05335355200082857,-0.12310118788540658
0.09044082045543937,0.05327495385973136,-0.1247948132396065
0.09044082045543937,0.05342685017535951,-0.12327785942342306
0.09044082045543937,0.053466343527264704,-0.12408568503491735
0.09044082045543937,0.05360434223188309,-0.12293080567903558
0.09044082045543937,0.05379584885828957,-0.12014324253158237
0.09044082045543937,0.05370003743699083,-0.12390595419070183
0.09044082045543937,0.05388894756312981,-0.1207506349188412
0.09044082045543937,0.053770053144814756,-0.12408278860665589
0.09044082045543937,0.05369411890086412,-0.12615700459369228
0.09044082045543937,0.05408429074181255,-0.11901383782930308
0.09044082045543937,0.05392717991377511,-0.12234423481655399
0.09044082045543937,0.053699522376939944,-0.12730191115840228
0.09044082045543937,0.053931285390825714,-0.12479704896536259
0.09044082045543937,0.05432006489746185,-0.1242883698392393
0.09044082045543937,0.05458411931790275,-0.11976115478664895
0.09044082045543937,0.05462353804778497,-0.1196072402750562
0.09044082045543937,0.05463929036425406,-0.12182055862197516
0.09044082045543937,0.05460235721684835,-0.12260770305324997
0.09044082045543937,0.05462782077197717,-0.12393363153437653
0.09044082045543937,0.05485218594099297,-0.12244886569846924
0.09044082045543937,0.05505312679790393,-0.1196145603112021
0.09044082045543937,0.055070757003329245,-0.11972388580273896
0.09044082045543937,0.054970423814371776,-0.12295785489282074
0.09044082045543937,0.055100216894360315,-0.12044836756064725
0.09044082045543937,0.05517850848670912,-0.12209340552865655
0.09044082045543937,0.05520730986911772,-0.1215988216503684
0.09044082045543937,0.05531851484683098,-0.1208113825309105
0.09044082045543937,0.05519713177933502,-0.1236498883347138
0.09044082045543937,0.055410981251535374,-0.11982097796778401
0.09044082045543937,0.05543385957805397,-0.1200868945788719
0.09044082045543937,0.05541184853494818,-0.12220425688032965
0.09044082045543937,0.05546672824352612,-0.12154707557617472
0.09044082045543937,0.05560851797882467,-0.12153390865625957
0.09044082045543937,0.05574047754463264,-0.12342617285764568
0.09044082045543937,0.05599234528862958,-0.12003064348295789
0.09044082045543937,0.055909076463604816,-0.12265183743038777
0.09044082045543937,0.05591349910684104,-0.12295707578342074
0.09044082045543937,0.056017016971940704,-0.12298156757320833
0.09044082045543937,0.05607810133993507,-0.12256253374438109
0.09044082045543937,0.056003119303841525,-0.12488212295601653
0.09044082045543937,0.05636713898696914,-0.11979591229580455
0.09044082045543937,0.056179174955446096,-0.12483976486178727
0.09044082045543937,0.056295258941687853,-0.12254787244472087
0.09044082045543937,0.056335718409287264,-0.12214925815373734
0.09044082045543937,0.056330272926953286,-0.1237059720922763
0.09044082045543937,0.05652962244455484,-0.12229676115751131
0.09044082045543937,0.05669178429619207,-0.12014069229315605
0.09044082045543937,0.05672302583420067,-0.11988489962763971
0.09044082045543937,0.056849017220253956,-0.1199694640163731
0.09044082045543937,0.05693072778030541,-0.11965584656620387
0.09044082045543937,0.056996455476913316,-0.11994581060929166
0.09044082045543937,0.05701186569366547,-0.12265261903289448
0.09044082045543937,0.05702659274220149,-0.12286350667513213
0.09044082045543937,0.05722362485222126,-0.12174674794650753
0.09044082045543937,0.0571513702434944,-0.1250791550639322
0.09044082045543937,0.057501078848187184,-0.1203284262653157
0.09044082045543937,0.05757128199192859,-0.11971042922945985
0.09044082045543937,0.05756782680012185,-0.1225404359363208
0.09044082045543937,0.058058956847916114,-0.11990406220562788
0.09044082045543937,0.05799026375327527,-0.12300660931232765
0.09044082045543937,0.05796584023124704,-0.12688592448743619
0.09044082045543937,0.058240176335399886,-0.12330662492685274
0.09044082045543937,0.05841952178108958,-0.11989213339642768
0.09044082045543937,0.05844746380857392,-0.12127286514810631
0.09044082045543937,0.05830670472023061,-0.12698319492411791
0.09044082045543937,0.05866699894222858,-0.12240060521890428
0.09044082045543937,0.05864957012012064,-0.12308993973911508
0.09044082045543937,0.058827051436556935,-0.12061884711689153
0.09044082045543937,0.05896561858458796,-0.12300117956658607
0.09044082045543937,0.05914295440680424,-0.12080345774652923
0.09044082045543937,0.05892365484512047,-0.12565895371792968
0.09044082045543937,0.05893955405590108,-0.12692186174464404
0.09044082045543937,0.059153998838339154,-0.12274097613590174
0.09044082045543937,0.059338818052230645,-0.12421253109036812
0.09044082045543937,0.05970919129296492,-0.11986874195512709
0.09044082045543937,0.05950134121808852,-0.12445522197661985
0.09044082045543937,0.05963460532122467,-0.12212411878148333
0.09044082045543937,0.059941505627829586,-0.12358181426577208
0.09044082045543937,0.060159913527803414,-0.11995998838828859
0.09044082045543937,0.06017743454828059,-0.12171938364059154
0.09044082045543937,0.06026009243999611,-0.12405484336882666
0.09044082045543937,0.06030844482899178,-0.12419587818236177
0.09044082045543937,0.06059961733928479,-0.11968108529787591
0.09044082045543937,0.06064366127991823,-0.11908534188341613
0.09044082045543937,0.06059797557249205,-0.1217543323896394
0.09044082045543937,0.06082548345256988,-0.11992539166520055
0.09044082045543937,0.060656421257389286,-0.12495201726026661
0.09044082045543937,0.060645279686606345,-0.12682801882013917
0.09044082045543937,0.061091009072431576,-0.12443616976960281
0.09044082045543937,0.06143088949512621,-0.12006517219984791
0.09044082045543937,0.06132123818591423,-0.12745788614608755
0.09044082045543937,0.06203857457704516,-0.11715495330183812
0.09044082045543937,0.06191151255003647,-0.12438011025283091
0.09044082045543937,0.06219525956803404,-0.11996659452573644
0.09044082045543937,0.06204331321523777,-0.12367620913410216
0.09044082045543937,0.06224335572373972,-0.11999872696818181
0.09044082045543937,0.06232741099930184,-0.11997419249473074
0.09044082045543937,0.06217517372196886,-0.12430830293100326
0.09044082045543937,0.06230529108288357,-0.1224308743260939
0.09044082045543937,0.062489207356725834,-0.12242173555159086
0.09044082045543937,0.06260396586795207,-0.12242847192289341
0.09044082045543937,0.06275567320146082,-0.12075027834937457
0.09044082045543937,0.06262442090806529,-0.1240803019369624
0.09044082045543937,0.06267880373242597,-0.12315682090539526
0.09044082045543937,0.06274312717638038,-0.12207044651366139
0.09044082045543937,0.06289636761717411,-0.12334075917801246
0.09044082045543937,0.06307562007839032,-0.12005931645469992
0.09044082045543937,0.06282116073160593,-0.12552549857478712
0.09044082045543937,0.06309932593603863,-0.12089752073432247
0.09044082045543937,0.06308916083515219,-0.12125164297455338
0.09044082045543937,0.0632004771794018,-0.12251381262141736
0.09044082045543937,0.06302360833714545,-0.12623133016063204
0.09044082045543937,0.06329708427031433,-0.12466625989215341
0.09044082045543937,0.06379845254046006,-0.11496927368188425
0.09044082045543937,0.06350523941534035,-0.12311190317454546
0.09044082045543937,0.06378209253883943,-0.12661857079258954
0.09044082045543937,0.06428413187149287,-0.11994575430039511
0.09044082045543937,0.06427543112978694,-0.12289631584102201
0.09044082045543937,0.06431927255426181,-0.12287998578027959
0.09044082045543937,0.06464215559586722,-0.11997614739254159
0.09044082045543937,0.06460194073818076,-0.12163212979904381
0.09044082045543937,0.06469168215498838,-0.12000732016524562
0.09044082045543937,0.0647377066318423,-0.12248128995153729
0.09044082045543937,0.06453740717460463,-0.12710251470567213
0.09044082045543937,0.06515034626019274,-0.11991873559648547
0.09044082045543937,0.06493491324102744,-0.1245994566305888
0.09044082045543937,0.06548691122081735,-0.12228258809610493
0.09044082045543937,0.06540361686955491,-0.1251755283767908
0.09044082045543937,0.0656630204049795,-0.12102801707906174
0.09044082045543937,0.0654318462039296,-0.12588937459779026
0.09044082045543937,0.06578207947671669,-0.12015494416322237
0.09044082045543937,0.06591592985445906,-0.12308648379485232
0.09044082045543937,0.0660662491648384,-0.12247515581731849
0.09044082045543937,0.06605303713167829,-0.12308145722748942
0.09044082045543937,0.0660904621556444,-0.12308817392423643
0.09044082045543937,0.0659911334623649,-0.12560569003062727
0.09044082045543937,0.06652183318367802,-0.12088804359659222
0.09044082045543937,0.06667217636294487,-0.12139581052779913
0.09044082045543937,0.06670328096970071,-0.12135188830538102
0.09044082045543937,0.06678947363327628,-0.11999519089076593
0.09044082045543937,0.06681385054427287,-0.12134796579980678
0.09044082045543937,0.06700095906456734,-0.12000608667150736
0.09044082045543937,0.0671877289653894,-0.12239649429167254
0.09044082045543937,0.06764054557888918,-0.11999500457457468
0.09044082045543937,0.06754593703592429,-0.12338166893301883
0.09044082045543937,0.0677796237658301,-0.12020632046090218
0.09044082045543937,0.06756559179787505,-0.12504476962324473
0.09044082045543937,0.06775105914825767,-0.12242191264832358
0.09044082045543937,0.06794274740357967,-0.12604329527810954
0.09044082045543937,0.06827560865114052,-0.1224124185462988
0.09044082045543937,0.06857683237522583,-0.12240841383532952
0.09044082045543937,0.06886164973247112,-0.11997362091106079
0.09044082045543937,0.06902519401851892,-0.11936710620361479
0.09044082045543937,0.06909034297283832,-0.121770375821044
0.09044082045543937,0.06911602624268433,-0.12135554032140272
0.09044082045543937,0.06918827316872951,-0.12647003420328184
0.09044082045543937,0.0694351960219455,-0.12168763304999486
0.09044082045543937,0.06945347053592671,-0.12151369903615272
0.09044082045543937,0.06957462618806814,-0.12018932239280133
0.09044082045543937,0.06963214143673448,-0.12003015915415838
0.09044082045543937,0.06981986830073729,-0.1215996749764684
0.09044082045543937,0.06995119173475381,-0.1201669451177052
0.09044082045543937,0.07008231450026167,-0.12179039985741713
0.09044082045543937,0.07036984160517043,-0.12255343329864721
0.09044082045543937,0.07065009633923612,-0.12166752804750502
0.09044082045543937,0.0707657599141237,-0.12002636805610145
0.09044082045543937,0.0709678594428545,-0.12024012731325229
0.09044082045543937,0.07070961025129949,-0.1263816909004486
0.09044082045543937,0.07104435419890888,-0.12001764011899396
0.09044082045543937,0.07135477650962219,-0.11724648558240092
0.09044082045543937,0.07120304799750508,-0.12667491891743188
0.09044082045543937,0.07167899343956968,-0.12016188344520862
0.09044082045543937,0.07167314055684032,-0.12075038295344187
0.09044082045543937,0.07174648834028974,-0.12039861751443592
0.09044082045543937,0.07212604607212335,-0.12300166423194125
0.09044082045543937,0.07220509435285508,-0.12240283520968953
0.09044082045543937,0.07240497733894218,-0.1205965880671086
0.09044082045543937,0.07242441839111392,-0.1214606780348052
0.09044082045543937,0.07246419849044965,-0.12093776456678385
0.09044082045543937,0.07252389835079386,-0.12019664399716679
0.09044082045543937,0.07286271895419176,-0.12177014113274476
0.09044082045543937,0.07288564778238574,-0.12284420898354276
0.09044082045543937,0.07301320256189113,-0.12043838304575083
0.09044082045543937,0.07312643506013265,-0.12153392730216239
0.09044082045543937,0.07328841180858779,-0.1203233535133652
0.09044082045543937,0.07345803246900655,-0.12051569303776455
0.09044082045543937,0.07359601752349931,-0.12046616059293391
0.09044082045543937,0.07404629843587895,-0.11530901047476849
0.09044082045543937,0.07431260525725714,-0.12004126069808008
0.09044082045543937,0.07443950445252079,-0.12000998963860021
0.09044082045543937,0.07458484564519242,-0.12031069368772707
0.09044082045543937,0.07465942859507783,-0.12042024214635638
0.09044082045543937,0.07468638590099484,-0.12063228355004585
0.09044082045543937,0.0747114220895897,-0.12096609998433894
0.09044082045543937,0.07491567490977072,-0.12047414775924237
0.09044082045543937,0.07498748037421764,-0.11999442203331723
0.09044082045543937,0.07506744306423997,-0.12161144355471498
0.09044082045543937,0.07507363860293258,-0.12162077759238532
0.09044082045543937,0.07510132049008239,-0.12162021134825995
0.09044082045543937,0.07535577469560274,-0.12689329018877082
0.09044082045543937,0.07588176292572604,-0.12030391347105096
0.09044082045543937,0.07594947099311067,-0.12141445425932296
0.09044082045543937,0.075980719995298,-0.12463136600751401
0.09044082045543937,0.07631095426466532,-0.12040581238586046
0.09044082045543937,0.07631734608156603,-0.1208672573052001
0.09044082045543937,0.07646395560553776,-0.12011932823157279
0.09044082045543937,0.07644815814655666,-0.12046073711036276
0.09044082045543937,0.07682976793272343,-0.11313523529245462
0.09044082045543937,0.07649347387484778,-0.12066411387921494
0.09044082045543937,0.07677425742093502,-0.12065180500646855
0.09044082045543937,0.07715775360805538,-0.12022439438949595
0.09044082045543937,0.07702616453495113,-0.12300998136279762
0.09044082045543937,0.07714969151316885,-0.12121298534886216
0.09044082045543937,0.07717237682672774,-0.12080922515111092
0.09044082045543937,0.07773916286326286,-0.12061231069031608
0.09044082045543937,0.07777401015490938,-0.12002612749256958
0.09044082045543937,0.07785140944640624,-0.12116894300433645
0.09044082045543937,0.07784398256670337,-0.12156849443095363
0.09044082045543937,0.07794175235206362,-0.11995680823786026
0.09044082045543937,0.07791918549086144,-0.1205003336172149
0.09044082045543937,0.07787899832058527,-0.12156869919311208
0.09044082045543937,0.07845509459222762,-0.12041164555053041
0.09044082045543937,0.0786185593963311,-0.12314348957380405
0.09044082045543937,0.07842120639961471,-0.1270921842781344
0.09044082045543937,0.07886602858759822,-0.11866990310932335
0.09044082045543937,0.07923269287872532,-0.1199728867302079
0.09044082045543937,0.07934584597804012,-0.11863911731029686
0.09044082045543937,0.07949597367394226,-0.12018593255533583
0.09044082045543937,0.07945720005203846,-0.1217917374342834
0.09044082045543937,0.07950850911841068,-0.12117306090631019
0.09044082045543937,0.07967500261778673,-0.12303911819439195
0.09044082045543937,0.07990375446041911,-0.12000151944277704
0.09044082045543937,0.0798248462622141,-0.12199101793437317
0.09044082045543937,0.08057449493404902,-0.12004270324875
0.09044082045543937,0.08046528490205561,-0.12723681904631035
0.09044082045543937,0.08079754592633938,-0.12143058006305252
0.09044082045543937,0.08133081101688336,-0.12011010847411485
0.09044082045543937,0.0816688730002962,-0.11705036016417025
0.09044082045543937,0.08185189416110258,-0.12176845304888217
0.09044082045543937,0.08200724485091725,-0.12128302720502748
0.09044082045543937,0.08249813666930181,-0.12307222709746546
0.09044082045543937,0.08266017722349554,-0.12106987685110793
0.09044082045543937,0.08333268228809725,-0.1256865216998332
0.09044082045543937,0.08388022154720069,-0.12176709649935724
0.09044082045543937,0.0848482599629632,-0.11499643318714037
0.09044082045543937,0.08646283882363104,-0.12153889264457418
0.09044082045543937,0.08658662321374848,-0.12163906472689412
0.09044082045543937,0.08661886484810433,-0.12180632570819394
0.09044082045543937,0.08746983997340571,-0.11336877434560722
0.09044082045543937,0.08679675991766113,-0.1280436155045499
0.09044082045543937,0.08820792380922399,-0.12072718327238063
0.09044082045543937,0.08978416488424903,-0.12634337291194986
0.09044082045543937,0.09185097460632571,-0.11105330345889797
0.09044082045543937,0.0915300280553252,-0.12001889406557475
0.09044082045543937,0.09124512830285379,-0.1272640005144119
0.09044082045543937,0.09152776612403929,-0.12281279110793031
0.09044082045543937,0.09207104560529329,-0.12136657020265718
0.09044082045543937,0.09298416951246907,-0.12026459530528688
0.09044082045543937,0.09332521079546366,-0.12140796883384286
0.09044082045543937,0.09387561726504058,-0.12038207388157929
0.09044082045543937,0.09357504823599502,-0.12740065969654168
0.09044082045543937,0.09410142885057446,-0.1199371953340439
0.09044082045543937,0.0942659501063368,-0.12024362598313343
0.09044082045543937,0.09432117327320808,-0.1218477578930297
0.09044082045543937,0.09468248099175079,-0.11990173401905635
0.09044082045543937,0.09470795528499601,-0.11990369752368013
0.09044082045543937,0.09484626772474994,-0.1199447292358441
0.09044082045543937,0.09509848468969961,-0.11514477004990165
0.09044082045543937,0.0953228399724093,-0.11647675423845039
0.09044082045543937,0.09509608135706536,-0.12414689517318078
0.09044082045543937,0.09509528649148326,-0.12777544398843166
0.09044082045543937,0.0959640937102155,-0.12052599960080168
0.09044082045543937,0.09607553828817612,-0.11831397727239656
0.09044082045543937,0.09623226383979551,-0.11758177400353009
0.09044082045543937,0.09730811669328036,-0.11352314808537933
0.09044082045543937,0.0974556329621963,-0.12116262342729245
0.09044082045543937,0.09773795009102097,-0.12777698151654382
0.09044082045543937,0.0982001584003656,-0.12039735085385173
0.09044082045543937,0.09904041458782237,-0.12235842122052176
0.09044082045543937,0.09918148837919255,-0.12006324788560863
0.09044082045543937,0.09946274873572974,-0.11980107820160357
0.09044082045543937,0.09954655469103296,-0.12111407336291757
0.09044082045543937,0.09965250493938933,-0.12483375365869531
0.09044082045543937,0.10012395414418879,-0.12068825814319417
0.09044082045543937,0.1001551025804653,-0.12083994160453426
0.09044082045543937,0.10024293574037982,-0.12108544959071987
0.09044082045543937,0.10038938070397549,-0.11988430732922406
0.09044082045543937,0.10047997972729295,-0.11972196716696659
0.09044082045543937,0.10093233489504395,-0.12027566659310462
0.09044082045543937,0.10101220197371,-0.12022580628686086
0.09044082045543937,0.10093317351657588,-0.12229342199704152
0.09044082045543937,0.10108667633849817,-0.12222261167904835
0.09044082045543937,0.10127146293270439,-0.12038314645439485
0.09044082045543937,0.10162352581638635,-0.12167396376774298
0.09044082045543937,0.10183354908554679,-0.11997233829179788
0.09044082045543937,0.10284375131695553,-0.11144891320375372
0.09044082045543937,0.1025803282749743,-0.11972142023252563
0.09044082045543937,0.10278928419431246,-0.11913973235101138
0.09044082045543937,0.10278729834118275,-0.12062107108940034
0.09044082045543937,0.102918307017143,-0.11940531525952691
0.09044082045543937,0.10315329274385703,-0.11951534823133769
0.09044082045543937,0.10321339306126137,-0.11948373933650569
0.09044082045543937,0.10323747268143497,-0.11925508349059633
0.09044082045543937,0.10322228473991156,-0.12025148019442744
0.09044082045543937,0.10323697951663498,-0.12002230303673478
0.09044082045543937,0.10330832336437612,-0.11935115371991856
0.09044082045543937,0.10328781073595245,-0.12053036574035925
0.09044082045543937,0.10342661204207332,-0.11987087640158334
0.09044082045543937,0.10361339854688191,-0.11918488961530682
0.09044082045543937,0.10377194024331908,-0.11914205887381546
0.09044082045543937,0.10380937760548065,-0.11984133333504132
0.09044082045543937,0.10388606579339048,-0.11922119930675923
0.09044082045543937,0.10384033123578265,-0.12115925243368142
0.09044082045543937,0.10467164803249746,-0.1096851555762367
0.09044082045543937,0.10415580690078109,-0.12118219366738903
0.09044082045543937,0.10423398238163238,-0.11972035305110817
0.09044082045543937,0.10427886379812984,-0.1191845437304967
0.09044082045543937,0.10428727439837177,-0.12176246263371704
0.09044082045543937,0.1042591544396556,-0.12262716109785843
0.09044082045543937,0.10435880957640088,-0.12077713137881696
0.09044082045543937,0.10446744556289057,-0.12246274391563272
0.09044082045543937,0.10518990045453293,-0.11947401845811301
0.09044082045543937,0.10521406997600384,-0.11940454417221058
0.09044082045543937,0.105182756963571,-0.12040359603443329
0.09044082045543937,0.10527897726516623,-0.1190450471439719
0.09044082045543937,0.10533784951010744,-0.11988437740615876
0.09044082045543937,0.10550544621671289,-0.11834083259757511
0.09044082045543937,0.10544400184695424,-0.11991396828836687
0.09044082045543937,0.10558644065188716,-0.11968081509164075
0.09044082045543937,0.10611806591345277,-0.11933751711766216
0.09044082045543937,0.10634389706170434,-0.1196520683969875
0.09044082045543937,0.1066895559322504,-0.119627112335697
0.09044082045543937,0.10680440146485776,-0.11961526302387249
0.09044082045543937,0.10749858745180012,-0.11905928785942665
0.09044082045543937,0.1074240766280172,-0.12248923529597133
0.09044082045543937,0.10759379145545157,-0.12079523705890949
0.09044082045543937,0.10734191564479985,-0.1273591704964011
0.09044082045543937,0.10824968829405687,-0.12124445091568037
0.09044082045543937,0.10874489070622854,-0.11874104923293238
0.09044082045543937,0.10873319144481942,-0.11938372910294892
0.09044082045543937,0.10876649321051414,-0.11918761089530738
0.09044082045543937,0.1084662269262001,-0.12729154271961352
0.09044082045543937,0.10920681385091882,-0.11821864478762778
0.09044082045543937,0.10973907636675348,-0.12551468723029768
0.09044082045543937,0.10970676054855277,-0.12751169654126548
0.09044082045543937,0.11090698709098296,-0.11506322535924562
0.09044082045543937,0.11114476065086555,-0.11352120210008065
0.09044082045543937,0.11112769389596533,-0.11862503148019743
0.09044082045543937,0.11139079472051273,-0.11886598443837881
0.09044082045543937,0.11137973256384162,-0.11928010126446498
0.09044082045543937,0.11140043383597927,-0.12096882380226537
0.09044082045543937,0.11104846114627871,-0.12880331687900148
0.09044082045543937,0.1118686475107426,-0.11903902885989404
0.09044082045543937,0.11206062980923633,-0.11884417805637715
0.09044082045543937,0.11280401267983299,-0.11947972668422291
0.09044082045543937,0.11295194556729472,-0.11790274984152449
0.09044082045543937,0.11288165916610213,-0.11977498667081599
0.09044082045543937,0.11371472344789244,-0.11192571181848887
0.09044082045543937,0.11322864852978193,-0.1222200192796773
0.09044082045543937,0.11386049714411371,-0.11796890040163344
0.09044082045543937,0.11387339558924311,-0.11796842356447523
0.09044082045543937,0.11412075306991504,-0.11892173027286368
0.09044082045543937,0.11406965976369154,-0.1205594105258363
0.09044082045543937,0.11439067027745524,-0.1201431030162039
0.09044082045543937,0.11437314069749939,-0.12052308521746036
0.09044082045543937,0.11456261473706814,-0.12074449889270378
0.09044082045543937,0.11486531769310292,-0.12203914070398447
0.09044082045543937,0.11557266505150614,-0.11021739029088806
0.09044082045543937,0.11520956538437573,-0.1212392699031829
0.09044082045543937,0.1153534413656325,-0.11836830976544965
0.09044082045543937,0.11545292892059686,-0.11867416445570711
0.09044082045543937,0.11573851157533435,-0.12000505355140756
0.09044082045543937,0.11595791345079161,-0.11950109468487335
0.09044082045543937,0.11663871188604197,-0.11814260325313042
0.09044082045543937,0.11688048947620962,-0.118678210820781
0.09044082045543937,0.11740530187215774,-0.11883973913005819
0.09044082045543937,0.1171609078974329,-0.12481817678372686
0.09044082045543937,0.11735930349086131,-0.12086229462832188
0.09044082045543937,0.11764971032866015,-0.11819465800239193
0.09044082045543937,0.11840478583669535,-0.1205509671229874
0.09044082045543937,0.11864433722620904,-0.12011779807013778
0.09044082045543937,0.11890090459520686,-0.12046921538453903
0.09044082045543937,0.11902378462448364,-0.1203941691341629
0.09044082045543937,0.11926396365570929,-0.11913030562421001
0.09044082045543937,0.11931864266391749,-0.1184342328514365
0.09044082045543937,0.11969925860271002,-0.11728736111957627
0.09044082045543937,0.12026826589003312,-0.11839270288147563
0.09044082045543937,0.12070896783652174,-0.11874554706726392
0.09044082045543937,0.1209159894539563,-0.11560139671325276
0.09044082045543937,0.12204586879889685,-0.11817361338724919
0.09044082045543937,0.12246960152980649,-0.11514886558295645
0.09044082045543937,0.12235562150067646,-0.11949504793008481
0.09044082045543937,0.12316224592820921,-0.1172923046421478
0.09044082045543937,0.12329166672553903,-0.11796434853471871
0.09044082045543937,0.1242227211495742,-0.12281633565888317
0.09044082045543937,0.12441524639425257,-0.11976349968657374
0.09044082045543937,0.12402936490624505,-0.12757858490188423
0.09044082045543937,0.1248239715651883,-0.11757819908109868
0.09044082045543937,0.12436856030911768,-0.1270286366209329
0.09044082045543937,0.1246832268892288,-0.12242731537854212
0.09044082045543937,0.12486713132247187,-0.1198874906899875
0.09044082045543937,0.12515048277445748,-0.11508172527632599
0.09044082045543937,0.12587714185232243,-0.11735373791815362
0.09044082045543937,0.1261464317145072,-0.11712983578771852
0.09044082045543937,0.12641710557286737,-0.11704151312333555
0.09044082045543937,0.12652399140439585,-0.11750195059478397
0.09044082045543937,0.1265475451625669,-0.12848510525375245
0.09044082045543937,0.12715548751284073,-0.11816892259710421
0.09044082045543937,0.12676975016253467,-0.12650873218735348
0.09044082045543937,0.12762123153166693,-0.11250916590801996
0.09044082045543937,0.12691914286432804,-0.12794173706095457
0.09044082045543937,0.1275286488369681,-0.11976494370681623
0.09044082045543937,0.12791772485980232,-0.11429838269056536
0.09044082045543937,0.1282379340637103,-0.11068048066174585
0.09044082045543937,0.12800400890990252,-0.1216910500009144
0.09044082045543937,0.12840456801819622,-0.11673635521315295
0.09044082045543937,0.1289298322036004,-0.11722626108158085
0.09044082045543937,0.12952540306861307,-0.10920862769721673
0.09044082045543937,0.1294345629088812,-0.12390011583080518
0.09044082045543937,0.12980223187142542,-0.11711167561824776
0.09044082045543937,0.1298853129731857,-0.11582681896243474
0.09044082045543937,0.13009166277191564,-0.11848634337247754
0.09044082045543937,0.131077523218179,-0.11692531945254947
0.09044082045543937,0.13090320492800064,-0.12197590853186036
0.09044082045543937,0.1312987343402413,-0.11757118885069784
0.09044082045543937,0.13142323536666278,-0.11854362767720583
0.09044082045543937,0.1313846717354221,-0.12329306116272687
0.09044082045543937,0.13208328124879845,-0.11535022569057551
0.09044082045543937,0.13195196968077744,-0.11936100708395403
0.09044082045543937,0.13243086696463477,-0.12601316207946844
0.09044082045543937,0.13336633627916272,-0.115780759751557
0.09044082045543937,0.13335526449878626,-0.11631969821388721
0.09044082045543937,0.13327681320550974,-0.12194891078291437
0.09044082045543937,0.13394684236362003,-0.11241611043724942
0.09044082045543937,0.13405044510885708,-0.11774023985240245
0.09044082045543937,0.13442892390492128,-0.11427785299659521
0.09044082045543937,0.13476811113771142,-0.11699402915597468
0.09044082045543937,0.13463204246505447,-0.11972185165922378
0.09044082045543937,0.1343100114522153,-0.12796999982412927
0.09044082045543937,0.13486157734153556,-0.11892350799233153
0.09044082045543937,0.13478209411913777,-0.12192675134783015
0.09044082045543937,0.13480273066642695,-0.121614222657072
0.09044082045543937,0.1348625840562338,-0.12836028217827578
0.09044082045543937,0.1351177787147132,-0.12336403859734746
0.09044082045543937,0.13543218160525483,-0.12846315266574015
0.09044082045543937,0.1361602833234403,-0.11588893965890701
0.09044082045543937,0.13650683265781216,-0.11628610744646883
0.09044082045543937,0.13599731939555823,-0.12716431878446854
0.09044082045543937,0.1362928568192273,-0.1220611729651454
0.09044082045543937,0.13643618598594012,-0.12511589626761388
0.09044082045543937,0.1366882984398584,-0.12015497799307329
0.09044082045543937,0.13722234365051195,-0.11573662177597499
0.09044082045543937,0.13724620855460076,-0.11588878175969952
0.09044082045543937,0.13700335865208427,-0.12114684766886419
0.09044082045543937,0.13748048164588142,-0.11588685912403429
0.09044082045543937,0.13749906072357265,-0.11595783895337863
0.09044082045543937,0.13760921236118598,-0.11580243238353782
0.09044082045543937,0.1370663357964688,-0.12847423552253623
0.09044082045543937,0.1377641857698873,-0.11586333817459837
0.09044082045543937,0.13822674438847604,-0.11678451544306057
0.09044082045543937,0.1383084762806638,-0.11577061724277748
0.09044082045543937,0.1382970059177283,-0.11610438306282278
0.09044082045543937,0.13858391501985856,-0.12007162367773727
0.09044082045543937,0.13880442839131193,-0.11685110945366561
0.09044082045543937,0.13886997469604428,-0.11587678999422701
0.09044082045543937,0.13871443925320212,-0.11899920056824786
0.09044082045543937,0.1384680357217124,-0.12830245784061267
0.09044082045543937,0.13912771893846287,-0.11569934105859125
0.09044082045543937,0.1390887918794557,-0.11782877173834638
0.09044082045543937,0.1389318648088692,-0.12131015820875723
0.09044082045543937,0.13920304704295408,-0.11798710365871679
0.09044082045543937,0.13944077892410053,-0.11568607902512873
0.09044082045543937,0.1391796783334561,-0.12126668289729203
0.09044082045543937,0.1390086345782108,-0.12920059328666544
0.09044082045543937,0.1399158384670453,-0.11555850348373309
0.09044082045543937,0.13983130413223588,-0.11743627300267068
0.09044082045543937,0.1399727424321133,-0.1154059188246257
0.09044082045543937,0.1399535299622531,-0.11587133405724426
0.09044082045543937,0.14008740841482237,-0.11563087711136244
0.09044082045543937,0.1401324632094042,-0.11615795341256396
0.09044082045543937,0.14040465467546387,-0.11571546970452229
0.09044082045543937,0.1403289216896086,-0.1192281923787013
0.09044082045543937,0.1406831027598056,-0.11558175577992835
0.09044082045543937,0.14057187851343755,-0.12108847091124253
0.09044082045543937,0.14086815130378688,-0.11556429461249351
0.09044082045543937,0.1408513737473046,-0.11639592759793049
0.09044082045543937,0.14085171083731013,-0.11766244980993845
0.09044082045543937,0.1411116288132407,-0.11856713912526307
0.09044082045543937,0.14124610871495344,-0.1162564575096825
0.09044082045543937,0.1408865640986411,-0.12777232112827486
0.09044082045543937,0.14147277734656105,-0.11732379903722279
0.09044082045543937,0.14153896312089875,-0.11600418003194124
0.09044082045543937,0.14136327995925263,-0.12093670779494792
0.09044082045543937,0.14157050639047794,-0.11740261033020649
0.09044082045543937,0.14159464693764592,-0.11928983413093053
0.09044082045543937,0.14165801559849867,-0.1202937271559521
0.09044082045543937,0.14207608744838576,-0.11546869708120888
0.09044082045543937,0.14169629486341723,-0.12446344838536749
0.09044082045543937,0.14214559224594592,-0.11612595450638208
0.09044082045543937,0.14224085245605625,-0.11547984500623487
0.09044082045543937,0.14229454199219335,-0.1155410481497795
0.09044082045543937,0.14220703950999747,-0.11888720684650578
0.09044082045543937,0.14239270270085982,-0.11579114238007837
0.09044082045543937,0.14238941240925035,-0.11821770924032526
0.09044082045543937,0.14195598027468995,-0.12828405561600098
0.09044082045543937,0.14240325292429223,-0.12120611475836807
0.09044082045543937,0.14260905911565455,-0.11976054404094505
0.09044082045543937,0.14270240658313474,-0.11813241490576176
0.09044082045543937,0.14244521823536122,-0.12361012269806915
0.09044082045543937,0.142859601248681,-0.11550321392761354
0.09044082045543937,0.14323267249643523,-0.10849003958075087
0.09044082045543937,0.14293643593639938,-0.11725042764537608
0.09044082045543937,0.1430385883385814,-0.11534254163767588
0.09044082045543937,0.14230519673185069,-0.13005609776199012
0.09044082045543937,0.14237191573639027,-0.12889571196874994
0.09044082045543937,0.14296643469949658,-0.11754690025742076
0.09044082045543937,0.14307746693042597,-0.11706958747437268
0.09044082045543937,0.14332999507330407,-0.11601332798772446
0.09044082045543937,0.1433451058332677,-0.11912439857948032
0.09044082045543937,0.14360639667194314,-0.11570680238704933
0.09044082045543937,0.1436461805775749,-0.11852117364324422
0.09044082045543937,0.14407475353939606,-0.11205226778038169
0.09044082045543937,0.14394101304992676,-0.1153353201937607
0.09044082045543937,0.1440233289477424,-0.11534023514379077
0.09044082045543937,0.14407232154508537,-0.11529264343552792
0.09044082045543937,0.144158731494969,-0.11442997104897012
0.09044082045543937,0.1440610486698343,-0.11776489614564611
0.09044082045543937,0.14452651482587225,-0.10992660423040368
0.09044082045543937,0.144117156334287,-0.11816485201425286
0.09044082045543937,0.14422841021369204,-0.11838596432522142
0.09044082045543937,0.14435430705314956,-0.11775083217636917
0.09044082045543937,0.14448404934464137,-0.1154786870800325
0.09044082045543937,0.14450759150325934,-0.1250184715350181
0.09044082045543937,0.1450927818985135,-0.11587047040575083
0.09044082045543937,0.145011050880971,-0.11815560440024586
0.09044082045543937,0.14525655476814334,-0.11523026594184216
0.09044082045543937,0.14531094373570974,-0.11520529268558011
0.09044082045543937,0.1450168511529043,-0.12184477277087136
0.09044082045543937,0.14539053482996214,-0.11655308611293425
0.09044082045543937,0.1455229096988925,-0.11703152478819101
0.09044082045543937,0.14569257653976722,-0.11521854731110104
0.09044082045543937,0.14597365503364584,-0.11689364037146388
0.09044082045543937,0.1456722742788196,-0.12780271691624134
0.09044082045543937,0.14624380720708255,-0.11691902058879988
0.09044082045543937,0.1461603005216153,-0.12151266259963578
0.09044082045543937,0.14658013874080558,-0.11607766398116215
0.09044082045543937,0.14665407456362958,-0.11756141580344093
0.09044082045543937,0.14697278369297323,-0.11671427686391889
0.09044082045543937,0.14723868046902153,-0.11543183767217624
0.09044082045543937,0.1471795419863823,-0.11676697075431297
0.09044082045543937,0.14731220530139058,-0.1150592153505362
0.09044082045543937,0.14727278085527273,-0.11593441336698151
0.09044082045543937,0.14721568607757032,-0.11710915212353668
0.09044082045543937,0.14725629390114356,-0.11687996418061508
0.09044082045543937,0.14767450447045236,-0.11243608632720992
0.09044082045543937,0.14753927311412024,-0.11518535458983581
0.09044082045543937,0.14752716227729767,-0.11641513731436492
0.09044082045543937,0.14693737984419977,-0.13036558205853366
0.09044082045543937,0.14790316581075363,-0.11617821200661416
0.09044082045543937,0.1479632946493506,-0.11675849958271756
0.09044082045543937,0.14800066990751515,-0.11642484894526561
0.09044082045543937,0.14809422280467224,-0.1169010795659744
0.09044082045543937,0.14827793964011832,-0.115835988427342
0.09044082045543937,0.14809576567202964,-0.1198472249478909
0.09044082045543937,0.14828090732500956,-0.11640900293170564
0.09044082045543937,0.14834598740328495,-0.11689061664220424
0.09044082045543937,0.14839182809535373,-0.11684263994365596
0.09044082045543937,0.1485461585163826,-0.11561830123805306
0.09044082045543937,0.14853019055550826,-0.1160981313962095
0.09044082045543937,0.14818241206298957,-0.12792373169460314
0.09044082045543937,0.1488208633887,-0.11600467332143871
0.09044082045543937,0.1487546047267158,-0.11849264226570222
0.09044082045543937,0.14890816495214837,-0.1158904938994888
0.09044082045543937,0.14946353661577952,-0.11688241059635351
0.09044082045543937,0.14953883845208676,-0.11662130335859322
0.09044082045543937,0.14919862354752858,-0.12384022267387707
0.09044082045543937,0.1496778985824732,-0.11755908189135156
0.09044082045543937,0.14913449874820067,-0.12938996552786008
0.09044082045543937,0.14962180481459852,-0.12044772665101444
0.09044082045543937,0.14990559100424794,-0.11647807563465284
0.09044082045543937,0.14968342543870722,-0.12463042848491568
0.09044082045543937,0.1501175674510772,-0.11885508241260967
0.09044082045543937,0.1503398027759781,-0.11485292636890876
0.09044082045543937,0.1504895638825621,-0.11659387662157639
0.09044082045543937,0.1505992850148676,-0.11496462776604544
0.09044082045543937,0.15067758774938675,-0.1155936957213134
0.09044082045543937,0.1506874681152939,-0.11695674567834391
0.09044082045543937,0.15084814911014094,-0.11532533707916681
0.09044082045543937,0.150996235926138,-0.11491865802704426
0.09044082045543937,0.15098561243476413,-0.11661155932636036
0.09044082045543937,0.15082400849817537,-0.11987110173042004
0.09044082045543937,0.1511004854183049,-0.11475685937452784
0.09044082045543937,0.15102791888004358,-0.11659608645148778
0.09044082045543937,0.1511747530576753,-0.1151554183751099
0.09044082045543937,0.15120820728065615,-0.1148383385820192
0.09044082045543937,0.15140989848108594,-0.11659836767337495
0.09044082045543937,0.15164129487535932,-0.11477785457999401
0.09044082045543937,0.15188189010297257,-0.11449314651888465
0.09044082045543937,0.1518074130719845,-0.1161730257863186
0.09044082045543937,0.15220090229493086,-0.11622780176331626
0.09044082045543937,0.15220369379325235,-0.11662697204344408
0.09044082045543937,0.15223076393147225,-0.11665771346476428
0.09044082045543937,0.1523971340309178,-0.11471536036847141
0.09044082045543937,0.15243163081451755,-0.11458357264516972
0.09044082045543937,0.15272051888890953,-0.11446790112623817
0.09044082045543937,0.15274142563335275,-0.11563581058127026
0.09044082045543937,0.1525541920680851,-0.11943829693564889
0.09044082045543937,0.15257847224114465,-0.11914844736685193
0.09044082045543937,0.15253110967199893,-0.12014740921521816
0.09044082045543937,0.1527056982776043,-0.11705333137327378
0.09044082045543937,0.15221125536300917,-0.13084815860990995
0.09044082045543937,0.15308158650844544,-0.1162751035241758
0.09044082045543937,0.15312875997793451,-0.11992889404669127
0.09044082045543937,0.15341833504278507,-0.11432598822083184
0.09044082045543937,0.15340967144073026,-0.1145795419175003
0.09044082045543937,0.1527200715108223,-0.12876134546950435
0.09044082045543937,0.15337900827327589,-0.1170796847014911
0.09044082045543937,0.15341067196381186,-0.11704124383632197
0.09044082045543937,0.15347480104460623,-0.12038417535561585
0.09044082045543937,0.15386621773565726,-0.11431226889593071
0.09044082045543937,0.15389506242998435,-0.11463169354521652
0.09044082045543937,0.1533253678446883,-0.12799010625112806
0.09044082045543937,0.15405572463033318,-0.11452205962101902
0.09044082045543937,0.15395836193088677,-0.1165854774722016
0.09044082045543937,0.15394591000869426,-0.11743700997811568
0.09044082045543937,0.15427866456369077,-0.1176745214656646
0.09044082045543937,0.1545193260926846,-0.11457048787580337
0.09044082045543937,0.15407793059417188,-0.1237524021032913
0.09044082045543937,0.1540758344613203,-0.12977360339516542
0.09044082045543937,0.15482573996721496,-0.1164962929994321
0.09044082045543937,0.15521345342857956,-0.11517414050062635
0.09044082045543937,0.15508235448341431,-0.11854818364357489
0.09044082045543937,0.1553183123182001,-0.12012091310045703
0.09044082045543937,0.1554744857581619,-0.11822599904546571
0.09044082045543937,0.15571042651809278,-0.11540831053893441
0.09044082045543937,0.15563605955635595,-0.11908407661255838
0.09044082045543937,0.15587158123126282,-0.11673476772463987
0.09044082045543937,0.15574258371961847,-0.1195141010127364
0.09044082045543937,0.1560399920112731,-0.11515974516086158
0.09044082045543937,0.15619143747558953,-0.11432228538735145
0.09044082045543937,0.1559592270772088,-0.12296243455708111
0.09044082045543937,0.15625668852177602,-0.11895849229549316
0.09044082045543937,0.15628114773837343,-0.12034331507610707
0.09044082045543937,0.1560316532351595,-0.12984278075117617
0.09044082045543937,0.15681654441604959,-0.11471386855110988
0.09044082045543937,0.15715688050213006,-0.1082320660540087
0.09044082045543937,0.157020757733179,-0.11166185567712583
0.09044082045543937,0.15716623608210456,-0.11702961190045924
0.09044082045543937,0.1573618307871069,-0.1163191042975531
0.09044082045543937,0.15714584052869982,-0.12174164501460405
0.09044082045543937,0.15717072896843717,-0.12392104641855772
0.09044082045543937,0.15764491457882387,-0.1148251872424686
0.09044082045543937,0.15722243018069731,-0.12528367470269408
0.09044082045543937,0.15713569422655768,-0.1282597314327686
0.09044082045543937,0.15706698029988647,-0.1310123202212794
0.09044082045543937,0.15823175029506303,-0.11624781147609453
0.09044082045543937,0.15835718770256438,-0.11424390625938874
0.09044082045543937,0.1584506910830265,-0.11290192554491107
0.09044082045543937,0.15816451114774008,-0.12040656231068725
0.09044082045543937,0.15872753656372587,-0.1095823284167835
0.09044082045543937,0.15780071206821042,-0.12834515968297566
0.09044082045543937,0.1581371681593357,-0.12356760023217983
0.09044082045543937,0.15898508139467976,-0.11069187104263023
0.09044082045543937,0.1588879604286963,-0.11577543227194198
0.09044082045543937,0.15875054262697505,-0.1235365330943069
0.09044082045543937,0.15860952866171926,-0.12666598832459885
0.09044082045543937,0.15945176304266173,-0.11418164531246844
0.09044082045543937,0.15957844718354056,-0.11436320599817118
0.09044082045543937,0.15960061756120011,-0.11416441458460913
0.09044082045543937,0.15966623245070555,-0.1142320269779683
0.09044082045543937,0.15899700849060788,-0.1278928302430722
0.09044082045543937,0.1596225161034293,-0.11746764270557741
0.09044082045543937,0.1599705424734535,-0.1120921457002183
0.09044082045543937,0.15976441188168447,-0.11825253211030584
0.09044082045543937,0.1600476377625921,-0.11417601939974797
0.09044082045543937,0.1600487202063189,-0.11462264119422316
0.09044082045543937,0.1592523058716077,-0.1307980477730809
0.09044082045543937,0.1607830567525964,-0.11752129399493527
0.09044082045543937,0.16040014768240418,-0.1280004395777079
0.09044082045543937,0.16040360697070893,-0.1296014874096001
0.09044082045543937,0.16137621424849832,-0.11448674282895521
0.09044082045543937,0.1611914458180743,-0.11906624660397058
0.09044082045543937,0.16102130426134215,-0.1250079057658039
0.09044082045543937,0.1618792803539091,-0.1201074834398328
0.09044082045543937,0.1619069115747106,-0.12831316277210836
0.09044082045543937,0.1626374699581115,-0.12040200475919138
0.09044082045543937,0.1622820687536377,-0.1294526759797141
0.09044082045543937,0.16277866888562392,-0.1210947946296137
0.09044082045543937,0.16286750306101663,-0.11974148200121026
0.09044082045543937,0.16302503184871422,-0.1173861918227469
0.09044082045543937,0.16291563478851387,-0.12137073948683719
0.09044082045543937,0.16331894666246988,-0.11474905497335752
0.09044082045543937,0.16358813614256348,-0.11856295796317151
0.09044082045543937,0.1634110907900405,-0.12458583185423366
0.09044082045543937,0.16426980548150122,-0.11537783248506961
0.09044082045543937,0.16530387352139309,-0.11078323044287952
0.09044082045543937,0.16505491697548733,-0.12078415782841068
0.09044082045543937,0.1653141463938367,-0.11639328195776166
0.09044082045543937,0.16555286006042647,-0.11535117265572026
0.09044082045543937,0.16548217498137774,-0.12549487684526373
0.09044082045543937,0.16605676926043075,-0.11402365630081279
0.09044082045543937,0.1668299513930022,-0.11493518628438959
0.09044082045543937,0.16624476351192954,-0.12758622886743753
0.09044082045543937,0.16790776776567595,-0.11362916373160159
0.09044082045543937,0.16776249151312625,-0.11729924441712736
0.09044082045543937,0.1680984516897978,-0.11521053963899475
0.09044082045543937,0.16826142763543633,-0.1136136336579957
0.09044082045543937,0.1686880929750575,-0.11356913281114567
0.09044082045543937,0.16978832957172824,-0.10726353968748459
0.09044082045543937,0.1696797903495411,-0.11003033344118418
0.09044082045543937,0.16955404486051465,-0.11340434370254926
0.09044082045543937,0.16958606025930345,-0.11967963711983975
0.09044082045543937,0.1702519216878226,-0.12148698775983735
0.09044082045543937,0.1705847014147747,-0.12032359910867207
0.09044082045543937,0.1705161326398738,-0.12477110604452768
0.09044082045543937,0.17106970568278398,-0.11546744233857298
0.09044082045543937,0.17109373659754099,-0.11562626234521844
0.09044082045543937,0.17097795128823237,-0.12094786367672694
0.09044082045543937,0.1707996309162591,-0.1269112835954911
0.09044082045543937,0.17216446861526138,-0.11003811803331665
0.09044082045543937,0.17213287337597097,-0.1172066261256215
0.09044082045543937,0.17282007109587685,-0.11848697781462725
0.09044082045543937,0.1729125611837037,-0.12227368391754556
0.09044082045543937,0.17317309847490778,-0.11770962865355816
0.09044082045543937,0.1736361048461432,-0.10866088790907835
0.09044082045543937,0.1737575952928421,-0.11550811742422917
0.09044082045543937,0.17413968657884604,-0.11285909183899423
0.09044082045543937,0.17406314644707516,-0.11742547690368421
0.09044082045543937,0.1745210254392714,-0.11312584190910857
0.09044082045543937,0.17451179866873037,-0.11676779330260856
0.09044082045543937,0.17521086206982503,-0.11685635311422138
0.09044082045543937,0.17533802796414807,-0.11809428867377714
0.09044082045543937,0.1754764554901582,-0.11803521436487197
0.09044082045543937,0.1758899149062701,-0.11569610222885285
0.09044082045543937,0.17577084091723394,-0.12213207459020636
0.09044082045543937,0.17666979849905642,-0.11104524046214415
0.09044082045543937,0.1769918210234051,-0.1096599044707145
0.09044082045543937,0.17702201410807175,-0.11376776021272461
0.09044082045543937,0.1778828130369928,-0.11294529704926992
0.09044082045543937,0.17789505417526572,-0.11300100231624333
0.09044082045543937,0.17835873785965392,-0.11281254310018896
0.09044082045543937,0.178352903761779,-0.11788332661243783
0.09044082045543937,0.17895233897449703,-0.11280286260903805
0.09044082045543937,0.17894710780084136,-0.11322965264455154
0.09044082045543937,0.1793062090858364,-0.11593026425609787
0.09044082045543937,0.17957167441885902,-0.11906127965266011
0.09044082045543937,0.17981338744676975,-0.1143887100799672
0.09044082045543937,0.18036807072472122,-0.11701462044599287
0.09044082045543937,0.180267178361537,-0.12637982763639133
0.09044082045543937,0.1806921759588111,-0.12088513044469928
0.09044082045543937,0.18142043752266743,-0.11949456454701668
0.09044082045543937,0.18141082958308544,-0.12202284203004776
0.09044082045543937,0.1822560210085111,-0.10829003966659145
0.09044082045543937,0.18196382359185212,-0.11724449562768513
0.09044082045543937,0.182502156931979,-0.12327414251367508
0.09044082045543937,0.18260728797025147,-0.12148660085606056
0.09044082045543937,0.18337717605776155,-0.10844025176524219
0.09044082045543937,0.18357491462127984,-0.1144793190169674
0.09044082045543937,0.1832285982941236,-0.12365740192144514
0.09044082045543937,0.18444364566785532,-0.11085044052367443
0.09044082045543937,0.18403685891256308,-0.11974800533691798
0.09044082045543937,0.18449709093726246,-0.11703088103425507
0.09044082045543937,0.18419991883414438,-0.12468885174033162
0.09044082045543937,0.18546599446939654,-0.11755146103612246
0.09044082045543937,0.1863824288871654,-0.11318693540993585
0.09044082045543937,0.18620314734380378,-0.11869462331765579
0.09044082045543937,0.18646786988434852,-0.1138006727231965
0.09044082045543937,0.1866357205855388,-0.11834175352237364
0.09044082045543937,0.1867835398328549,-0.1190413659274896
0.09044082045543937,0.18734695941481222,-0.11219881977548396
0.09044082045543937,0.18760058151127615,-0.11170847041974896
0.09044082045543937,0.18731198646332206,-0.12092161147300173
0.09044082045543937,0.18776047274948093,-0.11241881097881823
0.09044082045543937,0.18753738539765197,-0.11723584676441945
0.09044082045543937,0.18781848004638182,-0.1123529951726131
0.09044082045543937,0.18803580825249813,-0.1082510058746966
0.09044082045543937,0.18799799238055556,-0.10985075863278215
0.09044082045543937,0.18812583428895768,-0.11660483046148118
0.09044082045543937,0.18791841595941675,-0.12105775423588516
0.09044082045543937,0.18864240255693818,-0.11015101381880354
0.09044082045543937,0.18865644933635906,-0.11651431635247889
0.09044082045543937,0.18903018284152456,-0.10982344482987594
0.09044082045543937,0.1889312775233491,-0.11448542846218279
0.09044082045543937,0.1892817391518384,-0.11213253320406291
0.09044082045543937,0.1890218334284841,-0.11824771370108655
0.09044082045543937,0.18912013236856426,-0.1192069519080613
0.09044082045543937,0.18898640942591075,-0.12241394072487277
0.09044082045543937,0.19016038288500198,-0.11208040647250994
0.09044082045543937,0.18968899225323696,-0.12155127143659017
0.09044082045543937,0.1911016664785043,-0.12201282655852141
0.09044082045543937,0.19151159681843055,-0.11872064556500361
0.09044082045543937,0.19121505586457235,-0.12540400656519124
0.09044082045543937,0.19161615450116012,-0.11872486258009407
0.09044082045543937,0.1924394160766831,-0.10814744752071637
0.09044082045543937,0.19177801063601085,-0.12315577228469432
0.09044082045543937,0.19225561180583398,-0.11638348825041378
0.09044082045543937,0.19229774612334927,-0.11997042914749423
0.09044082045543937,0.19216727662630834,-0.12422455008131805
0.09044082045543937,0.19256752848920708,-0.11897564452012066
0.09044082045543937,0.19323167829227403,-0.10786468016226636
0.09044082045543937,0.19461249347560652,-0.11228115026788044
0.09044082045543937,0.19473775630096873,-0.11097097736180617
0.09044082045543937,0.19489107540828807,-0.11038232071600518
0.09044082045543937,0.1949907591744264,-0.1122149118471043
0.09044082045543937,0.1957340044574217,-0.11078753736028057
0.09044082045543937,0.19577939748794132,-0.11008784669305194
0.09044082045543937,0.19586887804045877,-0.11206616775066325
0.09044082045543937,0.19574840120482695,-0.12528467440693314
0.09044082045543937,0.19667564735143184,-0.11127513909173603
0.09044082045543937,0.19631079030425208,-0.1195490221871276
0.09044082045543937,0.19675854350709332,-0.11572671521284505
0.09044082045543937,0.19732496161500196,-0.11201303486495107
0.09044082045543937,0.19736140255475257,-0.11191776120072461
0.09044082045543937,0.19747582850917286,-0.11239482965665848
0.09044082045543937,0.19730003307973124,-0.11949680088202796
0.09044082045543937,0.1979186789299095,-0.10759259980874625
0.09044082045543937,0.19764125686900874,-0.11380012489656
0.09044082045543937,0.1977470016579149,-0.11367956023571824
0.09044082045543937,0.19807020388413088,-0.11115896398421876
0.09044082045543937,0.19826454491581352,-0.11183681750662611
0.09044082045543937,0.19895934216795647,-0.11237564115212206
0.09044082045543937,0.1985989378681392,-0.120379648506731
0.09044082045543937,0.19887006401445145,-0.12138811264704441
0.09044082045543937,0.1989517670812773,-0.12138161574076389
0.09044082045543937,0.19954014762099243,-0.10995548310792624
0.09044082045543937,0.1995829799125273,-0.11164312000318821
0.09044082045543937,0.19929766511619026,-0.11969180354920628
0.09044082045543937,0.2000265673127703,-0.11155485255067144
0.09044082045543937,0.19971641322847264,-0.12033918922536357
0.09044082045543937,0.19990068839473157,-0.11707795551840816
0.09044082045543937,0.2006403975390994,-0.11342240201844778
0.09044082045543937,0.20065276658973444,-0.12170863557027722
0.09044082045543937,0.20177949279396964,-0.1115471504509149
0.09044082045543937,0.20195025444914358,-0.11239822714893177
0.09044082045543937,0.20155945222000474,-0.1204182059854415
0.09044082045543937,0.20207610258279637,-0.11269727635811655
0.09044082045543937,0.20207517010049844,-0.11485542554391137
0.09044082045543937,0.20182213222337553,-0.12010550843490064
0.09044082045543937,0.20171842690201444,-0.12309136637946672
0.09044082045543937,0.20168287741474494,-0.12458308476631808
0.09044082045543937,0.20235505007685886,-0.11494012721733005
0.09044082045543937,0.20287256941772225,-0.10825677970373182
0.09044082045543937,0.2027090023643541,-0.11272009704762131
0.09044082045543937,0.20290730537211266,-0.11448863441095802
0.09044082045543937,0.2033842501669126,-0.11047643117303407
0.09044082045543937,0.20337129134368703,-0.11285676733865091
0.09044082045543937,0.20381924373910157,-0.11220470146292172
0.09044082045543937,0.20384132727315382,-0.11213885901331733
0.09044082045543937,0.20378844067069413,-0.12357218338919473
0.09044082045543937,0.20444600087243972,-0.11276012915961364
0.09044082045543937,0.20495054085598904,-0.11229602511633763
0.09044082045543937,0.20513258985219746,-0.11161255890464683
0.09044082045543937,0.2051372122074819,-0.12508381614549113
0.09044082045543937,0.20578717689816167,-0.11256272078015805
0.09044082045543937,0.20523405152183521,-0.12526266120717378
0.09044082045543937,0.20590202372486852,-0.11339580473250221
0.09044082045543937,0.2054527220814013,-0.12496557429627386
0.09044082045543937,0.206770299372015,-0.10549003277512892
0.09044082045543937,0.20650224881218515,-0.11151888577993374
0.09044082045543937,0.20647778264287808,-0.1135635815742565
0.09044082045543937,0.20671688711600494,-0.11139688233654488
0.09044082045543937,0.20671623582183915,-0.11215085465334074
0.09044082045543937,0.20617740749072289,-0.12447750148715964
0.09044082045543937,0.2070552232693362,-0.11124706287155461
0.09044082045543937,0.2066935394721354,-0.12048898437622668
0.09044082045543937,0.20720566325883072,-0.11317537562258329
0.09044082045543937,0.20739657760988184,-0.11298843058404962
0.09044082045543937,0.20734544236800936,-0.11647216377254066
0.09044082045543937,0.207682453517429,-0.1115179653513031
0.09044082045543937,0.20761542592463997,-0.11333162615292214
0.09044082045543937,0.20700467394660452,-0.12615670661227207
0.09044082045543937,0.20789272522444277,-0.11123494725610983
0.09044082045543937,0.20801550472638772,-0.11643031926923464
0.09044082045543937,0.2082484503043924,-0.11356563659416596
0.09044082045543937,0.20848244434624444,-0.11475079109528785
0.09044082045543937,0.20811148881713926,-0.12590762438648617
0.09044082045543937,0.2089337214719476,-0.11469372923607912
0.09044082045543937,0.20855371538602963,-0.1237724061455302
0.09044082045543937,0.2091226895512007,-0.1145138587625294
0.09044082045543937,0.20941314848659098,-0.11175987984791735
0.09044082045543937,0.20954564317678184,-0.11167129508868667
0.09044082045543937,0.20955025236872513,-0.11486987892615619
0.09044082045543937,0.20974277021303048,-0.11338998529491728
0.09044082045543937,0.20988304949533468,-0.11339165173750199
0.09044082045543937,0.21024405961844428,-0.10778804790246632
0.09044082045543937,0.20996340632494231,-0.11363851866661867
0.09044082045543937,0.20946922968049478,-0.12451939477734308
0.09044082045543937,0.21031727937824066,-0.11388290753813524
0.09044082045543937,0.2106831708997089,-0.1112488548492786
0.09044082045543937,0.21026172643358523,-0.1199911495082111
0.09044082045543937,0.21089438550825876,-0.11417031597279825
0.09044082045543937,0.21100768111520593,-0.11425025352761053
0.09044082045543937,0.21096036693807457,-0.11842044929508333
0.09044082045543937,0.2108486172846586,-0.1299662024410625
0.09044082045543937,0.21170550332392638,-0.11382623215414345
0.09044082045543937,0.21126033021181162,-0.12482669122874668
0.09044082045543937,0.21230197397429254,-0.1114372657191568
0.09044082045543937,0.21234821883591196,-0.11142885170163275
0.09044082045543937,0.21240673212887087,-0.11039342669258179
0.09044082045543937,0.212510410890409,-0.1111857693646725
0.09044082045543937,0.2126504590764933,-0.11391397088029442
0.09044082045543937,0.21265424898603677,-0.1140370653724242
0.09044082045543937,0.2132032033836459,-0.11127233435570372
0.09044082045543937,0.2134294713050148,-0.11625371473365187
0.09044082045543937,0.21332186386387894,-0.12428362287835604
0.09044082045543937,0.2135729116825751,-0.12618773656351523
0.09044082045543937,0.2143135336698975,-0.11258787780694701
0.09044082045543937,0.21420285700037683,-0.1181049725294937
0.09044082045543937,0.2140815605689985,-0.12062423717449466
0.09044082045543937,0.21469739615561254,-0.11427601616253735
0.09044082045543937,0.21473707999101485,-0.11522352368952504
0.09044082045543937,0.2154707914430625,-0.11541170162906778
0.09044082045543937,0.21542201584408144,-0.12231926751269728
0.09044082045543937,0.21544102406849272,-0.12582976740247565
0.09044082045543937,0.2155936065891016,-0.12350523915875022
0.09044082045543937,0.2157241605540352,-0.1218649030947202
0.09044082045543937,0.2155739639089996,-0.12586542152550184
0.09044082045543937,0.2163543414848046,-0.11131093872785902
0.09044082045543937,0.21572326908089504,-0.1260830105776709
0.09044082045543937,0.21656826551040348,-0.12132108781043671
0.09044082045543937,0.21680097333795548,-0.12249224046002627
0.09044082045543937,0.2175918922841306,-0.11281025382540733
0.09044082045543937,0.2184034546986439,-0.11141943416775824
0.09044082045543937,0.21806038591196367,-0.11980453569109206
0.09044082045543937,0.21870090764974154,-0.11134081484570157
0.09044082045543937,0.218344292035733,-0.1199799610937301
0.09044082045543937,0.21794975294464702,-0.1309162764333135
0.09044082045543937,0.2194699772706338,-0.1113624707584151
0.09044082045543937,0.21918996262391796,-0.12007040579470585
0.09044082045543937,0.21930268478623932,-0.12549591760573464
0.09044082045543937,0.22029458254421258,-0.11998548820936916
0.09044082045543937,0.2220717657933628,-0.10770622159700671
0.09044082045543937,0.22250160116527404,-0.11047339763672392
0.09044082045543937,0.22337877627227268,-0.11994081755776409
0.09044082045543937,0.22387587354148258,-0.1285864985204137
0.09044082045543937,0.22575766277346726,-0.11414965738622285
0.09044082045543937,0.2277554175983614,-0.12719907794927487
0.09044082045543937,0.22955146934285095,-0.10548136977259503
0.09044082045543937,0.229131261505662,-0.11460996214612573
0.09044082045543937,0.23020250104225007,-0.12122300018248078
0.09044082045543937,0.23054026204889838,-0.12022009008993384
0.09044082045543937,0.2315488629234168,-0.10777824158468086
0.09044082045543937,0.23142764605227487,-0.12794890223862176
0.09044082045543937,0.2333598668721038,-0.1184599388339107
0.09044082045543937,0.2370308461948327,-0.10581862105472906
0.09044082045543937,0.23632837537627174,-0.12660780896392865
0.09044082045543937,0.23778633464509777,-0.11621464792233271
0.09044082045543937,0.23922427014774977,-0.1101131846030382
0.09044082045543937,0.2392467323473415,-0.12112392743653133
0.09044082045543937,0.23894328694483366,-0.1345444711484977
0.09044082045543937,0.23945437458263596,-0.13272765674474568
0.09044082045543937,0.24200588115931587,-0.1243273107170555
0.09044082045543937,0.24324601883366737,-0.11990741705818142
0.09044082045543937,0.2437508215787355,-0.11122809112700172
0.09044082045543937,0.24636567010195382,-0.12133245348250143
0.09044082045543937,0.24739547360388264,-0.10587752646478743
0.09044082045543937,0.24671995721011886,-0.12629162919459047
0.09044082045543937,0.24713315724297985,-0.12462506100627313
0.09044082045543937,0.24872916677445583,-0.12330700973873543
0.09044082045543937,0.2494274195094601,-0.13197113696561663
0.09044082045543937,0.2497909741942678,-0.1283000686695812
0.09044082045543937,0.24995900495085485,-0.13322397685860776
0.09044082045543937,0.25075148353804644,-0.12334664579681853
0.09044082045543937,0.25062284500442944,-0.1295944688583628
0.09044082045543937,0.25251043173470744,-0.1264960368657585
0.09044082045543937,0.2530355281377128,-0.126571004518791
-0.11426612878073128,-0.05854708915845454,-0.12561974540080179
-0.11426612878073128,-0.056065034992237056,-0.12422903999179402
-0.11426612878073128,-0.05355065609137452,-0.12340891125712794
-0.11426612878073128,-0.04961307626255641,-0.1222337566712659
-0.11426612878073128,-0.04727495515163542,-0.12148913291852337
-0.11426612878073128,-0.04662135556288791,-0.12200032263299676
-0.11426612878073128,-0.04023721962056616,-0.11956768386544692
-0.11426612878073128,-0.03994341342530707,-0.1194325601357411
-0.11426612878073128,-0.03747733665142704,-0.11944931151532212
-0.11426612878073128,-0.035418115774680806,-0.11788802998505299
-0.11426612878073128,-0.03259619172266138,-0.11735596389586611
-0.11426612878073128,-0.029084453582741858,-0.11654736702846846
-0.11426612878073128,-0.028838007369883532,-0.11658693761791161
-0.11426612878073128,-0.024946680683658937,-0.11569605491034696
-0.11426612878073128,-0.024684724405332835,-0.11602388081335369
-0.11426612878073128,-0.023614876224601265,-0.11517855689818268
-0.11426612878073128,-0.020028036522922996,-0.11450587353273312
-0.11426612878073128,-0.01843554931942555,-0.11396775449007901
-0.11426612878073128,-0.017922829859915244,-0.1140767976757785
-0.11426612878073128,-0.016093966704907016,-0.11333778802682137
-0.11426612878073128,-0.014077210597770753,-0.11310403847324657
-0.11426612878073128,-0.011919273313905882,-0.11309672488513156
-0.11426612878073128,-0.011360185351810869,-0.1126237629988619
-0.11426612878073128,-0.00941474454592043,-0.11216422021159311
-0.11426612878073128,-0.009413862486746132,-0.11234846875134363
-0.11426612878073128,-0.008508661328236003,-0.1123085115496858
-0.11426612878073128,-0.008192480314755368,-0.11178679909265332
-0.11426612878073128,-0.007275258799247341,-0.11264052664284507
-0.11426612878073128,-0.006244809591317338,-0.11154329069862967
-0.11426612878073128,-0.00397469884396871,-0.11091146659237894
-0.11426612878073128,-0.003470971557927003,-0.1109376285556436
-0.11426612878073128,-0.0027793582612747076,-0.1109187701225689
-0.11426612878073128,-0.002688043652343314,-0.11099108055210627
-0.11426612878073128,-0.0023496107677652596,-0.11044383088880871
-0.11426612878073128,-0.001449844708227746,-0.11031543952434009
-0.11426612878073128,-0.0009503900706348527,-0.11015027057124649
-0.11426612878073128,-0.0008346053141280313,-0.111385784312941
-0.11426612878073128,0.0003035695426302776,-0.11021259803701844
-0.11426612878073128,0.0004481661670325734,-0.11056200957389462
-0.11426612878073128,0.0012041547619780438,-0.1104448298887305
-0.11426612878073128,0.0015063616560320355,-0.11036927070083957
-0.11426612878073128,0.0015519407130948244,-0.10991157095116988
-0.11426612878073128,0.0018544791779588222,-0.10956939489612405
-0.11426612878073128,0.0019108731784096885,-0.10979343454522505
-0.11426612878073128,0.001907360172579661,-0.11035175900071692
-0.11426612878073128,0.002225208575534765,-0.11013680427736494
-0.11426612878073128,0.002578855233718362,-0.11070097025897341
-0.11426612878073128,0.002979022884585054,-0.111275278120892
-0.11426612878073128,0.003315893162835676,-0.11055325080266365
-0.11426612878073128,0.0034481232165714266,-0.10938751682969061
-0.11426612878073128,0.0037339373246432477,-0.10972510398875213
-0.11426612878073128,0.0037000073873252777,-0.11072738990126452
-0.11426612878073128,0.004521710198728197,-0.10906813803712367
-0.11426612878073128,0.0045447971212330615,-0.1091500298839525
-0.11426612878073128,0.0054245678740506426,-0.10890495077520235
-0.11426612878073128,0.005670994789565259,-0.111135835626476
-0.11426612878073128,0.0059627292710309285,-0.10880618587880952
-0.11426612878073128,0.006177561559172751,-0.1090335594465286
-0.11426612878073128,0.006717572946570402,-0.11052054994990101
-0.11426612878073128,0.007417596053266367,-0.10855399154991019
-0.11426612878073128,0.008083746244353457,-0.10915379496198607
-0.11426612878073128,0.008575643389702339,-0.10828064534881232
-0.11426612878073128,0.008542065928729543,-0.1095121630783168
-0.11426612878073128,0.008614274617026605,-0.1104307507830431
-0.11426612878073128,0.00882243445907283,-0.10904751810426339
-0.11426612878073128,0.009155350690127465,-0.10816753604058815
-0.11426612878073128,0.009244623789256442,-0.10823292106756277
-0.11426612878073128,0.01033312231844658,-0.11125352915878695
-0.11426612878073128,0.011118858461078041,-0.10824375446688217
-0.11426612878073128,0.011079385384933941,-0.10929758759902941
-0.11426612878073128,0.011772203311167727,-0.10769150708303288
-0.11426612878073128,0.01215115236340317,-0.10829782096874097
-0.11426612878073128,0.012672181059050302,-0.11019621038062544
-0.11426612878073128,0.012809936676042731,-0.1076366219276782
-0.11426612878073128,0.01303506453348545,-0.11096847026212264
-0.11426612878073128,0.013500722057489156,-0.10827713395671013
-0.11426612878073128,0.013596976000671859,-0.10970469893958945
-0.11426612878073128,0.014725054764405257,-0.1071644465124153
-0.11426612878073128,0.014762590050022773,-0.1080042876664783
-0.11426612878073128,0.01492261889537343,-0.10944787141982959
-0.11426612878073128,0.015149133097036837,-0.10736481396539055
-0.11426612878073128,0.015127331925276176,-0.1086132303532027
-0.11426612878073128,0.016050657610074723,-0.10560831921987457
-0.11426612878073128,0.0158861543713167,-0.11106822848814124
-0.11426612878073128,0.016041387710252937,-0.10910595640133625
-0.11426612878073128,0.016160313615509878,-0.10714989105091799
-0.11426612878073128,0.016625619258181464,-0.10775874449133616
-0.11426612878073128,0.01709323034928951,-0.10479051517318172
-0.11426612878073128,0.017013540807550527,-0.10667335579864656
-0.11426612878073128,0.017023290709520897,-0.10758747240855171
-0.11426612878073128,0.017362004361839246,-0.10847080608585757
-0.11426612878073128,0.01836596472108367,-0.10383851109089837
-0.11426612878073128,0.01840340341212036,-0.10427301312296267
-0.11426612878073128,0.01865818352742936,-0.10932283250504027
-0.11426612878073128,0.019237271596935515,-0.1039190084354128
-0.11426612878073128,0.01934410781127917,-0.11052970698087772
-0.11426612878073128,0.019876994392441644,-0.10689463294747825
-0.11426612878073128,0.02054111458297753,-0.1082042330590246
-0.11426612878073128,0.020904074146460824,-0.10608800957927389
-0.11426612878073128,0.020940053674292348,-0.10844856871733999
-0.11426612878073128,0.021570248385950855,-0.10856690358283017
-0.11426612878073128,0.02185430384223877,-0.10759932753293844
-0.11426612878073128,0.022297669211633148,-0.10767516220818207
-0.11426612878073128,0.022277448234781984,-0.10981706070535868
-0.11426612878073128,0.022801209946079287,-0.10633072967016377
-0.11426612878073128,0.022872822644606994,-0.10854015477065426
-0.11426612878073128,0.023064903046589775,-0.10754668336624496
-0.11426612878073128,0.023174496602276908,-0.10649800164220757
-0.11426612878073128,0.0236396392939413,-0.10554040865810499
-0.11426612878073128,0.023560141700647897,-0.10799326815631027
-0.11426612878073128,0.023664779607345268,-0.10801671868667684
-0.11426612878073128,0.023637969285712088,-0.10906540454671887
-0.11426612878073128,0.023936383287811086,-0.10466744713872633
-0.11426612878073128,0.024004499380538315,-0.10369301133092923
-0.11426612878073128,0.024418806339740785,-0.10387677727284417
-0.11426612878073128,0.024266374656505746,-0.10793213386595679
-0.11426612878073128,0.024661953382439046,-0.1069541579222798
-0.11426612878073128,0.024945831399292052,-0.10409392429703213
-0.11426612878073128,0.025208601253513326,-0.10509424690138247
-0.11426612878073128,0.025501068523047288,-0.10695963754376436
-0.11426612878073128,0.025623068997063486,-0.1102102727961407
-0.11426612878073128,0.02629621877935799,-0.10713526771954474
-0.11426612878073128,0.026582316618912454,-0.10862214683794691
-0.11426612878073128,0.027098236105563944,-0.10998335542924242
-0.11426612878073128,0.027375108845718636,-0.10681462371779893
-0.11426612878073128,0.02766462506979877,-0.10664097832561703
-0.11426612878073128,0.027617397273745077,-0.10791197467282143
-0.11426612878073128,0.028015423199116894,-0.10633984894054382
-0.11426612878073128,0.028080237074654006,-0.10712094493470481
-0.11426612878073128,0.02811235775656043,-0.10727075284934551
-0.11426612878073128,0.029018832285679808,-0.10650775935214107
-0.11426612878073128,0.029349677081115563,-0.10362473257164806
-0.11426612878073128,0.029374663131216283,-0.1067115909993942
-0.11426612878073128,0.029592032816090467,-0.10367672976016007
-0.11426612878073128,0.029549447738491958,-0.10632356929559572
-0.11426612878073128,0.02983911090743637,-0.10449159622647752
-0.11426612878073128,0.030031734637331144,-0.10540236886749688
-0.11426612878073128,0.030516437816343937,-0.1039550503797887
-0.11426612878073128,0.030409404250556292,-0.10715044156919307
-0.11426612878073128,0.031042826630988354,-0.10645491334250279
-0.11426612878073128,0.031114794911391824,-0.10653039921143281
-0.11426612878073128,0.030986722247664637,-0.1101672327145472
-0.11426612878073128,0.03127186271164437,-0.10628572528294622
-0.11426612878073128,0.031600506949190886,-0.10603816979507108
-0.11426612878073128,0.03168493281572179,-0.10539674350623296
-0.11426612878073128,0.0317469045044677,-0.10430774660836795
-0.11426612878073128,0.03185143465697313,-0.10532521245998172
-0.11426612878073128,0.032156171591051,-0.10640623761315438
-0.11426612878073128,0.03217183009687761,-0.10713527018848434
-0.11426612878073128,0.032336677255301705,-0.1057027193827087
-0.11426612878073128,0.03258457393121428,-0.10591285067866174
-0.11426612878073128,0.03257038328446752,-0.10664598014175297
-0.11426612878073128,0.033135025206863455,-0.10558207370369144
-0.11426612878073128,0.03328416377359236,-0.10692943202117444
-0.11426612878073128,0.033444014624640646,-0.10646756135125668
-0.11426612878073128,0.03356302133639448,-0.10558668524744907
-0.11426612878073128,0.033821629997844924,-0.10352504599390622
-0.11426612878073128,0.03387168488999409,-0.10548767919937696
-0.11426612878073128,0.03411645419315141,-0.10354934816685868
-0.11426612878073128,0.03436506795981719,-0.10380482138799763
-0.11426612878073128,0.034256999882085,-0.10676983629121983
-0.11426612878073128,0.03460074315019639,-0.10548662747586812
-0.11426612878073128,0.03483679921511922,-0.10432373385715188
-0.11426612878073128,0.034935860387202006,-0.10369486471090505
-0.11426612878073128,0.034935076774116974,-0.10545726444943082
-0.11426612878073128,0.03496399613343361,-0.10516969037252288
-0.11426612878073128,0.035371268711662684,-0.10859172513161008
-0.11426612878073128,0.03566104024927172,-0.10499526932323566
-0.11426612878073128,0.03590309345903324,-0.10525268412736233
-0.11426612878073128,0.035943290145774506,-0.10511291807286982
-0.11426612878073128,0.03600994104244914,-0.10431004895818585
-0.11426612878073128,0.036002995626200185,-0.10728279620215009
-0.11426612878073128,0.036079852506615495,-0.10661182797672275
-0.11426612878073128,0.0362761991455782,-0.10349514648366553
-0.11426612878073128,0.03625718441966551,-0.10437051632503702
-0.11426612878073128,0.0364087775809815,-0.10484408526618305
-0.11426612878073128,0.036669317061440124,-0.10498665460650469
-0.11426612878073128,0.03683250236106739,-0.10340205383789403
-0.11426612878073128,0.03706501721209294,-0.1034168173660377
-0.11426612878073128,0.037099923039052386,-0.10372030941237165
-0.11426612878073128,0.037246474347857446,-0.1066111453621581
-0.11426612878073128,0.037440186545324744,-0.1076780793665526
-0.11426612878073128,0.03778969474532659,-0.1049247097202457
-0.11426612878073128,0.03804117045926165,-0.1034362090675498
-0.11426612878073128,0.038086207159452275,-0.10433221569001216
-0.11426612878073128,0.03813392883959676,-0.10492931389815696
-0.11426612878073128,0.0383155666779082,-0.10489316637133672
-0.11426612878073128,0.03856539868282763,-0.10366324042519548
-0.11426612878073128,0.03886848332436542,-0.10466335372652302
-0.11426612878073128,0.03940815997651327,-0.10328084347745536
-0.11426612878073128,0.03947317721756747,-0.10337976334825816
-0.11426612878073128,0.03990793578782747,-0.10482671355806483
-0.11426612878073128,0.040094888963647775,-0.10411687708806949
-0.11426612878073128,0.040893455730385594,-0.10333991177284918
-0.11426612878073128,0.04062790945989222,-0.10963530098632368
-0.11426612878073128,0.04101822584759686,-0.10309217565566442
-0.11426612878073128,0.04139677019357611,-0.1045980390789939
-0.11426612878073128,0.04151114543197057,-0.1035236294796329
-0.11426612878073128,0.04255193085797608,-0.10418143634267829
-0.11426612878073128,0.04289077245881123,-0.10348977882755683
-0.11426612878073128,0.04341485304366725,-0.10289742019942705
-0.11426612878073128,0.04356880576569152,-0.10405939322561131
-0.11426612878073128,0.043765219030087094,-0.10291066990762399
-0.11426612878073128,0.04376893613289005,-0.10437182865288708
-0.11426612878073128,0.04386865895818322,-0.10318669369512046
-0.11426612878073128,0.04396568547260795,-0.10408224279342437
-0.11426612878073128,0.044118501367016026,-0.10404663250259949
-0.11426612878073128,0.044175740695507816,-0.10421284498095051
-0.11426612878073128,0.04443991635849913,-0.10410401551768811
-0.11426612878073128,0.044534066908341045,-0.1038369354031985
-0.11426612878073128,0.04486454055151451,-0.10756549065843068
-0.11426612878073128,0.0450760709685204,-0.10346051319014216
-0.11426612878073128,0.04551615033814952,-0.10391612580739706
-0.11426612878073128,0.045997525923006266,-0.10403413529643335
-0.11426612878073128,0.046094871463723666,-0.10276465189979955
-0.11426612878073128,0.04624221116537619,-0.10275004876182958
-0.11426612878073128,0.046297839772980125,-0.10379196411245051
-0.11426612878073128,0.04629821673782478,-0.10390041830485508
-0.11426612878073128,0.04640871641668606,-0.10298027758488626
-0.11426612878073128,0.046495137025706366,-0.1038680117232682
-0.11426612878073128,0.04668393162591986,-0.10295393938446584
-0.11426612878073128,0.046971893919948576,-0.10686259127368003
-0.11426612878073128,0.04766531554838103,-0.10329673459164113
-0.11426612878073128,0.047688517981243565,-0.1037257193549469
-0.11426612878073128,0.04786721399704957,-0.10411840218346957
-0.11426612878073128,0.04813360643708443,-0.10367254641764412
-0.11426612878073128,0.04862402594978567,-0.10395074876400268
-0.11426612878073128,0.04849749313003454,-0.10816326004607002
-0.11426612878073128,0.048709243332229764,-0.10437762874736034
-0.11426612878073128,0.04890776912454338,-0.10115419700662509
-0.11426612878073128,0.04881025316711735,-0.10348919997865036
-0.11426612878073128,0.04881305293713714,-0.1040089396168028
-0.11426612878073128,0.04885230765477001,-0.10356226966047333
-0.11426612878073128,0.048656198485497834,-0.10912220535666428
-0.11426612878073128,0.04904808336325009,-0.10332873311527513
-0.11426612878073128,0.049072846390754224,-0.10366079668814876
-0.11426612878073128,0.04920347230325255,-0.10329836554961813
-0.11426612878073128,0.049311626572038546,-0.10227650121370291
-0.11426612878073128,0.049251730389136945,-0.10413778170325105
-0.11426612878073128,0.04939530838511149,-0.10358339862926513
-0.11426612878073128,0.049505404715349755,-0.1017181148532521
-0.11426612878073128,0.04948383492933011,-0.10268241304409598
-0.11426612878073128,0.0495268199446961,-0.10382360293823856
-0.11426612878073128,0.04966030421090806,-0.10367805248509843
-0.11426612878073128,0.04967344440805656,-0.10357878136152765
-0.11426612878073128,0.049683046511723665,-0.1037161589726111
-0.11426612878073128,0.049757694658456204,-0.10358646504328173
-0.11426612878073128,0.04976156896568227,-0.10384068054260842
-0.11426612878073128,0.050255278078296085,-0.10341071911720301
-0.11426612878073128,0.050465403911704676,-0.10233350865949875
-0.11426612878073128,0.05123841119338037,-0.10307390183030463
-0.11426612878073128,0.051325468456343545,-0.10459761031723713
-0.11426612878073128,0.05146453527501548,-0.10333144796453309
-0.11426612878073128,0.05155707796422278,-0.1034780513766097
-0.11426612878073128,0.051693353035959844,-0.10331806672178101
-0.11426612878073128,0.051877529750132746,-0.10358640243469608
-0.11426612878073128,0.05193166620990427,-0.10345089886615921
-0.11426612878073128,0.052096681747841975,-0.1034546302880539
-0.11426612878073128,0.05277883345718225,-0.10344435005719566
-0.11426612878073128,0.05278729571413887,-0.10340639711469413
-0.11426612878073128,0.052955223468937884,-0.10336925513373696
-0.11426612878073128,0.05300033089404004,-0.10310579620000981
-0.11426612878073128,0.05306826718050549,-0.10336327974544413
-0.11426612878073128,0.0531006423626869,-0.10515409150571575
-0.11426612878073128,0.053702507783380246,-0.10269629309136019
-0.11426612878073128,0.05432766449582678,-0.10315398360923311
-0.11426612878073128,0.05471017127295701,-0.1032125183872149
-0.11426612878073128,0.05520814070932339,-0.10326141643977971
-0.11426612878073128,0.05531330181021328,-0.10772384229421017
-0.11426612878073128,0.05637767777754014,-0.10191869174195989
-0.11426612878073128,0.056861327320346614,-0.10537033482220026
-0.11426612878073128,0.05683241525831605,-0.1071139849727093
-0.11426612878073128,0.05737966699777449,-0.10251005953768544
-0.11426612878073128,0.0572279981168219,-0.10595216454519762
-0.11426612878073128,0.05745203472825658,-0.10156940029694206
-0.11426612878073128,0.0575753835984524,-0.10249916684490379
-0.11426612878073128,0.058164689770733746,-0.10282386856015802
-0.11426612878073128,0.05902149456157765,-0.1025801080425105
-0.11426612878073128,0.05911685047339209,-0.10268268672500369
-0.11426612878073128,0.059173989836414594,-0.1024564724730953
-0.11426612878073128,0.05937521975402875,-0.10458129639896352
-0.11426612878073128,0.059741893055010376,-0.10273049985701577
-0.11426612878073128,0.0598698890105508,-0.10598416234663766
-0.11426612878073128,0.0598616105096518,-0.10680491620830523
-0.11426612878073128,0.060584414951356184,-0.10283927867619502
-0.11426612878073128,0.06054982088932455,-0.10462057792517643
-0.11426612878073128,0.0612377189991164,-0.10200070815160078
-0.11426612878073128,0.06157539209415983,-0.0997084545663055
-0.11426612878073128,0.06166052586726431,-0.10105409508036611
-0.11426612878073128,0.0626381264772256,-0.10696178608380047
-0.11426612878073128,0.06368621279888144,-0.10212960690157513
-0.11426612878073128,0.06381568564931017,-0.10401672153662778
-0.11426612878073128,0.06414766429386014,-0.10317566226888208
-0.11426612878073128,0.06420157216941773,-0.10231990046180539
-0.11426612878073128,0.06430974637890134,-0.10238570388295998
-0.11426612878073128,0.06464660140890628,-0.10211908672630343
-0.11426612878073128,0.06519402276610542,-0.10210995047692162
-0.11426612878073128,0.06580838865423276,-0.10168402270978583
-0.11426612878073128,0.06611668015933216,-0.10080214090481643
-0.11426612878073128,0.06661530675823395,-0.10106393617763543
-0.11426612878073128,0.06708971321777273,-0.10533510661529266
-0.11426612878073128,0.0676991918776566,-0.09942575177824398
-0.11426612878073128,0.06748205427382045,-0.10555480563584962
-0.11426612878073128,0.0679626502258373,-0.10655564054392719
-0.11426612878073128,0.06838712778977604,-0.10139265603635472
-0.11426612878073128,0.06848135670704437,-0.10190635906140522
-0.11426612878073128,0.06923372722199299,-0.1016359348591841
-0.11426612878073128,0.06934684650851311,-0.10159527946745239
-0.11426612878073128,0.06955120855216122,-0.102021300748535
-0.11426612878073128,0.06970467896055056,-0.10155585843785242
-0.11426612878073128,0.07017675251388093,-0.102145586916911
-0.11426612878073128,0.0707712245981543,-0.09848325035072536
-0.11426612878073128,0.07132740313630384,-0.10192431944490832
-0.11426612878073128,0.07138844603770424,-0.10357603636229051
-0.11426612878073128,0.07195525831239633,-0.09959764608698252
-0.11426612878073128,0.07212825993678276,-0.10177355812321986
-0.11426612878073128,0.07199823270967504,-0.10598845679370006
-0.11426612878073128,0.07438313302246098,-0.10110993033193105
-0.11426612878073128,0.07433041025209926,-0.10601764681474313
-0.11426612878073128,0.07439624954271816,-0.1060140705360566
-0.11426612878073128,0.07453878489731533,-0.10419464902322673
-0.11426612878073128,0.07481069758156021,-0.10174058617260973
-0.11426612878073128,0.07510581353470511,-0.10141740788200693
-0.11426612878073128,0.07523290816295336,-0.10099245565986814
-0.11426612878073128,0.07562236358271886,-0.10668261519617317
-0.11426612878073128,0.0762100446027853,-0.10019314320460582
-0.11426612878073128,0.07691544904471655,-0.10156743427817538
-0.11426612878073128,0.07711019152367705,-0.10099374204930434
-0.11426612878073128,0.07741142947976011,-0.10195294817176537
-0.11426612878073128,0.07932713948354796,-0.10406441489564422
-0.11426612878073128,0.07964579625489583,-0.1009359376137362
-0.11426612878073128,0.07978268784915762,-0.10542227441525165
-0.11426612878073128,0.08088788190506915,-0.09979787936263729
-0.11426612878073128,0.08131283885175061,-0.09812132150653463
-0.11426612878073128,0.08115553405872875,-0.10633261552002626
-0.11426612878073128,0.0816729827457566,-0.10322407768702757
-0.11426612878073128,0.08172212417682462,-0.10693249881104705
-0.11426612878073128,0.08215460990474717,-0.10112259442816507
-0.11426612878073128,0.08264758563732351,-0.10007228252147071
-0.11426612878073128,0.08272903127448235,-0.10152926127049411
-0.11426612878073128,0.08297968975576892,-0.10114377820105058
-0.11426612878073128,0.08327145311633037,-0.10498185117961933
-0.11426612878073128,0.08396524463461519,-0.09726480942419213
-0.11426612878073128,0.08398553676729631,-0.0979059222049059
-0.11426612878073128,0.08412027923991622,-0.09934998494789238
-0.11426612878073128,0.08407611035341395,-0.1030418374651576
-0.11426612878073128,0.08424992933489013,-0.10100714148639989
-0.11426612878073128,0.08431032740496444,-0.10303787881732873
-0.11426612878073128,0.08457916193490611,-0.10093045353168906
-0.11426612878073128,0.08475238533884433,-0.10000829442483261
-0.11426612878073128,0.08486179074504696,-0.10547119158450269
-0.11426612878073128,0.08879644596207337,-0.10108835288195162
-0.11426612878073128,0.08898089272133183,-0.10005109525901812
-0.11426612878073128,0.08999860678474846,-0.1013736718671524
-0.11426612878073128,0.09050686549746328,-0.10009506216261743
-0.11426612878073128,0.09063705483105146,-0.10032246567021408
-0.11426612878073128,0.0904463763773575,-0.1063391201591013
-0.11426612878073128,0.09129523794316281,-0.09937796183796688
-0.11426612878073128,0.09215231006462746,-0.10196639772357341
-0.11426612878073128,0.0921067036198732,-0.10471701380416387
-0.11426612878073128,0.09234551415961878,-0.10061282689713369
-0.11426612878073128,0.09208011272259678,-0.106505499302042
-0.11426612878073128,0.09229468564989368,-0.1061405483859138
-0.11426612878073128,0.09272198373556537,-0.10047706025402392
-0.11426612878073128,0.09281103650066243,-0.10022463081329891
-0.11426612878073128,0.09347130054631636,-0.10528073570203367
-0.11426612878073128,0.09365486105570887,-0.10295305434017288
-0.11426612878073128,0.09400580362126554,-0.10038016808975392
-0.11426612878073128,0.09406847181953482,-0.09960713648375052
-0.11426612878073128,0.09413688843120914,-0.1001416364230836
-0.11426612878073128,0.09516762706569874,-0.0999402872162235
-0.11426612878073128,0.09526331171358368,-0.10038898401092966
-0.11426612878073128,0.09559274989278957,-0.09965399640112438
-0.11426612878073128,0.09603620915073907,-0.09693766376182511
-0.11426612878073128,0.09744012284707089,-0.09997373107942698
-0.11426612878073128,0.09749268091752712,-0.1005433260621682
-0.11426612878073128,0.09798414402966056,-0.09982827299035968
-0.11426612878073128,0.09820103004198971,-0.09674062986096121
-0.11426612878073128,0.09850553916033804,-0.10046836425009298
-0.11426612878073128,0.09902117891125382,-0.09609852441510836
-0.11426612878073128,0.09965112614917408,-0.09902573038007223
-0.11426612878073128,0.09965604234289348,-0.10061686096880207
-0.11426612878073128,0.10013473827248263,-0.10003687292309005
-0.11426612878073128,0.10048733895223445,-0.09932679120058252
-0.11426612878073128,0.10075995872018295,-0.10026577515479296
-0.11426612878073128,0.10109434112290809,-0.0994390210228061
-0.11426612878073128,0.10133598642285328,-0.10015730258990796
-0.11426612878073128,0.10134580688781072,-0.10068530155875033
-0.11426612878073128,0.10235377555343339,-0.09947102481907166
-0.11426612878073128,0.102808207816161,-0.10039361195936536
-0.11426612878073128,0.1029491769585426,-0.09972292842014097
-0.11426612878073128,0.1031916927874196,-0.09908217202119918
-0.11426612878073128,0.10358480355044203,-0.09941003060995568
-0.11426612878073128,0.10376746602675915,-0.09921717162322063
-0.11426612878073128,0.10452053579943296,-0.10000750411504555
-0.11426612878073128,0.10458190303908706,-0.09970004600878335
-0.11426612878073128,0.10474033580946965,-0.09760060655870206
-0.11426612878073128,0.10505666347864738,-0.10053583984886028
-0.11426612878073128,0.10516594236391152,-0.09923654310298513
-0.11426612878073128,0.10560063436766713,-0.10144427375519427
-0.11426612878073128,0.10574012089296045,-0.09958095881835105
-0.11426612878073128,0.10598603288015213,-0.10307765120459189
-0.11426612878073128,0.10632542676244623,-0.10517127411553218
-0.11426612878073128,0.10688220698161782,-0.09954954717055442
-0.11426612878073128,0.10689241725211418,-0.10502965927612551
-0.11426612878073128,0.10736248343730836,-0.09960071768029799
-0.11426612878073128,0.10754095228705994,-0.09928797506086784
-0.11426612878073128,0.1075682994647737,-0.10006855692187788
-0.11426612878073128,0.1077339213793454,-0.09915743879372763
-0.11426612878073128,0.10776194823235012,-0.10034040908392139
-0.11426612878073128,0.10815316249056997,-0.09972512069646289
-0.11426612878073128,0.10822918840667961,-0.09885873326765715
-0.11426612878073128,0.10834036039933734,-0.10028364415691327
-0.11426612878073128,0.10861041191282543,-0.10009734299651729
-0.11426612878073128,0.10847108411082375,-0.1043748715767231
-0.11426612878073128,0.10884761293620765,-0.09977210161032102
-0.11426612878073128,0.10881538007617199,-0.1020896623521581
-0.11426612878073128,0.10964071137578522,-0.09952240058904538
-0.11426612878073128,0.11002569046149559,-0.1002222734234477
-0.11426612878073128,0.11115623391316447,-0.09885315979877118
-0.11426612878073128,0.11138496802819707,-0.10004732246212722
-0.11426612878073128,0.11181238821335292,-0.09939609442936015
-0.11426612878073128,0.11190592127002529,-0.09989220365820195
-0.11426612878073128,0.11199548190625434,-0.10002506726262506
-0.11426612878073128,0.11194308278680701,-0.101315449178633
-0.11426612878073128,0.11225624707673824,-0.10104827039987685
-0.11426612878073128,0.11233286329617823,-0.10101142989690026
-0.11426612878073128,0.1124981941201539,-0.1006762992435859
-0.11426612878073128,0.11278460541920741,-0.10027710269087897
-0.11426612878073128,0.11282700666299188,-0.10100177394444665
-0.11426612878073128,0.11301010768612299,-0.10087241625326981
-0.11426612878073128,0.11304619890036512,-0.10081042816090968
-0.11426612878073128,0.11304335540625954,-0.10104658340801598
-0.11426612878073128,0.11307040316381872,-0.10118828440170313
-0.11426612878073128,0.11330562922493231,-0.0985351889112226
-0.11426612878073128,0.11324628155496035,-0.10105591959424487
-0.11426612878073128,0.11328626059254353,-0.10028819837338188
-0.11426612878073128,0.11347926795444602,-0.10071457776969395
-0.11426612878073128,0.1136532016915677,-0.10125408749310316
-0.11426612878073128,0.11383428822010663,-0.10074805547230792
-0.11426612878073128,0.1139141436758365,-0.09929187612468049
-0.11426612878073128,0.11389096699495364,-0.10127062735868153
-0.11426612878073128,0.11394735906986542,-0.10066480383997045
-0.11426612878073128,0.11402842376026068,-0.10048741976311426
-0.11426612878073128,0.11419879239659686,-0.09915242655033085
-0.11426612878073128,0.11432565371734568,-0.10043093525647195
-0.11426612878073128,0.11442544636288146,-0.10077551846199606
-0.11426612878073128,0.1146346029097956,-0.10031835746783624
-0.11426612878073128,0.11472961755832475,-0.10029647951333043
-0.11426612878073128,0.1147535352669794,-0.10044516412137361
-0.11426612878073128,0.11486554055195439,-0.09935231060935401
-0.11426612878073128,0.11479953654627784,-0.10093859464517274
-0.11426612878073128,0.11491315380527216,-0.09924042805873967
-0.11426612878073128,0.11494632764950317,-0.09950219890461087
-0.11426612878073128,0.11509010764873374,-0.0998876307297466
-0.11426612878073128,0.11526875613852879,-0.09858126415551693
-0.11426612878073128,0.11528712435881645,-0.09858963405052446
-0.11426612878073128,0.11532104139781929,-0.09908563989439667
-0.11426612878073128,0.11535093663237121,-0.09897077995747805
-0.11426612878073128,0.11531618971301759,-0.10113860809210462
-0.11426612878073128,0.11551228832049629,-0.10030037030502092
-0.11426612878073128,0.11551745386855047,-0.10040600219397489
-0.11426612878073128,0.11559236443152068,-0.09933402832288263
-0.11426612878073128,0.11585731800755984,-0.09517198035288577
-0.11426612878073128,0.11570643464051142,-0.09892644161429809
-0.11426612878073128,0.11567782827516289,-0.09995406261520023
-0.11426612878073128,0.11598199770943841,-0.09871999806375176
-0.11426612878073128,0.11599148048744695,-0.09882202635922133
-0.11426612878073128,0.11599491077399507,-0.10035004529430336
-0.11426612878073128,0.11632147998395106,-0.09576471972191636
-0.11426612878073128,0.11643774826348348,-0.09937197199559955
-0.11426612878073128,0.11649313967581615,-0.10001767274377993
-0.11426612878073128,0.11657577217278722,-0.09870066009011236
-0.11426612878073128,0.11668001465176146,-0.10061272516971709
-0.11426612878073128,0.11694709925790908,-0.10042482289390697
-0.11426612878073128,0.11705873964889078,-0.09867281685527884
-0.11426612878073128,0.11710125117101929,-0.10058081919412232
-0.11426612878073128,0.11722446579685211,-0.09932951955932001
-0.11426612878073128,0.1178324712929643,-0.09570172242906805
-0.11426612878073128,0.11777663284569777,-0.09930756327320567
-0.11426612878073128,0.11796986062770674,-0.09936950063742744
-0.11426612878073128,0.11879768247184058,-0.09829438948879476
-0.11426612878073128,0.11877563928347737,-0.09930691236537426
-0.11426612878073128,0.11891408356103648,-0.09881705734675916
-0.11426612878073128,0.11893812848078213,-0.0995392691748016
-0.11426612878073128,0.11905520304769712,-0.09901749655961911
-0.11426612878073128,0.11908767865375636,-0.09997801433098863
-0.11426612878073128,0.11935760367910934,-0.09867123659089216
-0.11426612878073128,0.11960167948370658,-0.09885169604468735
-0.11426612878073128,0.11958629810828776,-0.10035821914309317
-0.11426612878073128,0.12001952717262188,-0.10000063904670675
-0.11426612878073128,0.11983587206427004,-0.10481021880970254
-0.11426612878073128,0.12002787016462146,-0.1009778595900982
-0.11426612878073128,0.12036606448843844,-0.10077194852435656
-0.11426612878073128,0.12052199018909372,-0.09819680386317986
-0.11426612878073128,0.12051680802268197,-0.09935524665175921
-0.11426612878073128,0.12050767785272132,-0.10419352521059744
-0.11426612878073128,0.12100578369503705,-0.09910237397079602
-0.11426612878073128,0.12091604580378439,-0.10140521927125024
-0.11426612878073128,0.12105800421053986,-0.10295378732864235
-0.11426612878073128,0.12196696180946856,-0.10396276198768639
-0.11426612878073128,0.12314451560855386,-0.09840684551353995
-0.11426612878073128,0.12381640596366122,-0.09916016785698256
-0.11426612878073128,0.12388648294303731,-0.10125229564061455
-0.11426612878073128,0.12480375284743804,-0.09863542152103011
-0.11426612878073128,0.12497232151400499,-0.09837277946101519
-0.11426612878073128,0.12502990197754518,-0.09985565329751689
-0.11426612878073128,0.12518290592152836,-0.09839368150059968
-0.11426612878073128,0.12534974131766183,-0.09792270510230772
-0.11426612878073128,0.12564541098465748,-0.09978176011712825
-0.11426612878073128,0.12587950517169283,-0.099961172833123
-0.11426612878073128,0.12651189853183076,-0.0999003760954521
-0.11426612878073128,0.12736621325736516,-0.0985670694738362
-0.11426612878073128,0.12758361120405143,-0.09698827968189938
-0.11426612878073128,0.12768817776256247,-0.09933703364221536
-0.11426612878073128,0.12767127517435503,-0.10075434795214955
-0.11426612878073128,0.12810578865753144,-0.10032679348668194
-0.11426612878073128,0.13007151900387037,-0.09801443325674941
-0.11426612878073128,0.1301554839431476,-0.09745460875504375
-0.11426612878073128,0.13083929637311412,-0.09715721008281719
-0.11426612878073128,0.1306424958738217,-0.10152957845968358
-0.11426612878073128,0.13089035408447777,-0.09825042715313481
-0.11426612878073128,0.1313327718060491,-0.09831855176984661
-0.11426612878073128,0.13140405078160386,-0.09699758029453853
-0.11426612878073128,0.13155614518203768,-0.09853382877201
-0.11426612878073128,0.13155960564292146,-0.09908828143425918
-0.11426612878073128,0.1318211528181624,-0.09841062920339372
-0.11426612878073128,0.13205879599876436,-0.09522543048592258
-0.11426612878073128,0.13309435355740368,-0.09901045480696091
-0.11426612878073128,0.13339027981851748,-0.09467852024599166
-0.11426612878073128,0.13347434266067745,-0.1005694960607667
-0.11426612878073128,0.13370859285449954,-0.10102329222005524
-0.11426612878073128,0.13374990203471737,-0.1017980879633964
-0.11426612878073128,0.1338021953234352,-0.10416937837811047
-0.11426612878073128,0.13430994554104853,-0.09829486998209502
-0.11426612878073128,0.13415443715741807,-0.10380254708860215
-0.11426612878073128,0.1342973221316752,-0.10444526509883711
-0.11426612878073128,0.13511354510155066,-0.10101581043383467
-0.11426612878073128,0.13600149912637524,-0.09770654624094122
-0.11426612878073128,0.13596008642103824,-0.09874782330151155
-0.11426612878073128,0.13603963015631662,-0.09934170746380189
-0.11426612878073128,0.13623246865319738,-0.0983824105884814
-0.11426612878073128,0.1361880628572903,-0.09979439907794252
-0.11426612878073128,0.1365011252550801,-0.09703683161978616
-0.11426612878073128,0.13654511834074926,-0.09760427641021452
-0.11426612878073128,0.13654477411065943,-0.10227332291697666
-0.11426612878073128,0.13664129228966476,-0.10107826466162917
-0.11426612878073128,0.13700427081839345,-0.09630711328967423
-0.11426612878073128,0.13728697612718124,-0.09962154428193382
-0.11426612878073128,0.13744760852642082,-0.10033401343853832
-0.11426612878073128,0.1378977669059611,-0.09555402702288618
-0.11426612878073128,0.13785785252171956,-0.1016126796269422
-0.11426612878073128,0.13830024008179514,-0.10136060500146238
-0.11426612878073128,0.13866991554028354,-0.10081928610288238
-0.11426612878073128,0.13906273640804942,-0.09848131217412137
-0.11426612878073128,0.13898829320584602,-0.10113099466862907
-0.11426612878073128,0.13914388842063175,-0.10058624223050805
-0.11426612878073128,0.13917052226660787,-0.10054007227533512
-0.11426612878073128,0.13955616835092902,-0.09958732758756006
-0.11426612878073128,0.13987375205235975,-0.099659944047637
-0.11426612878073128,0.14000154217254598,-0.0984264727061912
-0.11426612878073128,0.1401114580966209,-0.10117683664014743
-0.11426612878073128,0.14042604422050015,-0.09961571740121367
-0.11426612878073128,0.14098069687514228,-0.09970385874023979
-0.11426612878073128,0.141799631934048,-0.09647530737448662
-0.11426612878073128,0.1417015877871264,-0.09919543204137915
-0.11426612878073128,0.14194844610296353,-0.09718202944766074
-0.11426612878073128,0.14213965250763605,-0.10081645365745928
-0.11426612878073128,0.1424343631322284,-0.09658070254551543
-0.11426612878073128,0.14268156093247789,-0.10342230237166516
-0.11426612878073128,0.14313621784914538,-0.10355542928607464
-0.11426612878073128,0.14353412830446702,-0.09809057853155723
-0.11426612878073128,0.1435712702493477,-0.09995712134331602
-0.11426612878073128,0.14448941708366364,-0.09720448114760016
-0.11426612878073128,0.14450536201076786,-0.10375753017009348
-0.11426612878073128,0.1450004473493196,-0.09919729656191767
-0.11426612878073128,0.14549560747892767,-0.09642644242787668
-0.11426612878073128,0.14546443702082032,-0.0973512488535796
-0.11426612878073128,0.14525000547847075,-0.10256090576535581
-0.11426612878073128,0.145612435080908,-0.0987239938062362
-0.11426612878073128,0.14551206397582775,-0.10088406022979968
-0.11426612878073128,0.14562028155453918,-0.09961182750199549
-0.11426612878073128,0.14567780240548317,-0.09904618361878437
-0.11426612878073128,0.14574620967269677,-0.10046947336279588
-0.11426612878073128,0.14587831003112892,-0.0986237885455945
-0.11426612878073128,0.1458007792394516,-0.10078960475582632
-0.11426612878073128,0.14588182651004905,-0.10002315586137345
-0.11426612878073128,0.14597361896253505,-0.09959668112678366
-0.11426612878073128,0.14622061708321657,-0.09867992872217402
-0.11426612878073128,0.1462880380751126,-0.09906441895100959
-0.11426612878073128,0.1466646923406638,-0.09589319640179494
-0.11426612878073128,0.14663453484487612,-0.09765772592380884
-0.11426612878073128,0.1466096600685919,-0.10004050979350709
-0.11426612878073128,0.14683169918057729,-0.09802680867089897
-0.11426612878073128,0.14718864685588523,-0.09827461604391885
-0.11426612878073128,0.1472649726751074,-0.09976570763244053
-0.11426612878073128,0.14755114513463244,-0.09690786709487709
-0.11426612878073128,0.14736463889805382,-0.10224835212797134
-0.11426612878073128,0.14762405691161345,-0.1000478588081779
-0.11426612878073128,0.14792242402635458,-0.09800325481532868
-0.11426612878073128,0.14842192743487068,-0.10071886935876972
-0.11426612878073128,0.14861508054104863,-0.09910997691416279
-0.11426612878073128,0.1493149029233247,-0.09737851443984391
-0.11426612878073128,0.14932882728441788,-0.09942012577292869
-0.11426612878073128,0.1494546345495852,-0.1001706316725578
-0.11426612878073128,0.1496564426050281,-0.10012553820761938
-0.11426612878073128,0.14978644551399548,-0.09766624497850507
-0.11426612878073128,0.14984351031947235,-0.09792934709157397
-0.11426612878073128,0.15001895122987627,-0.09878218505805536
-0.11426612878073128,0.15040345589715004,-0.09779293548803614
-0.11426612878073128,0.1503128699087771,-0.10010554340046307
-0.11426612878073128,0.15074981195106965,-0.09816700754250385
-0.11426612878073128,0.15097945465471027,-0.09463631431225761
-0.11426612878073128,0.15096274290754627,-0.09981008472438113
-0.11426612878073128,0.15089966681501504,-0.10275665174303528
-0.11426612878073128,0.15126659951828716,-0.10089422166103956
-0.11426612878073128,0.15156816012864352,-0.09505516635900846
-0.11426612878073128,0.1513173890857761,-0.10297370726662836
-0.11426612878073128,0.15155190202277763,-0.10076638153810313
-0.11426612878073128,0.1515079635289751,-0.10196103582230187
-0.11426612878073128,0.1517766204874497,-0.09730299179780755
-0.11426612878073128,0.1526964947911713,-0.0973294730083013
-0.11426612878073128,0.15272963697998798,-0.10208194772204393
-0.11426612878073128,0.1530762434453296,-0.09819765530238833
-0.11426612878073128,0.15316932972549638,-0.09744176175890484
-0.11426612878073128,0.1530755674357548,-0.10140222062317694
-0.11426612878073128,0.1533640055164432,-0.09721813998192996
-0.11426612878073128,0.1531481152425894,-0.10239751811414699
-0.11426612878073128,0.15372902794341198,-0.09586470201918162
-0.11426612878073128,0.153789359581363,-0.09754204889268236
-0.11426612878073128,0.15396636105462053,-0.09879869930736163
-0.11426612878073128,0.1539490001143494,-0.10076942364522434
-0.11426612878073128,0.1541451037627031,-0.09960129870884427
-0.11426612878073128,0.15438779424127938,-0.09628274650407953
-0.11426612878073128,0.15438357535216327,-0.0996776722601348
-0.11426612878073128,0.15484304184368236,-0.09933446089287823
-0.11426612878073128,0.1551399137513931,-0.09668808366551673
-0.11426612878073128,0.15487767322330862,-0.10358419399107888
-0.11426612878073128,0.15537338033539708,-0.09564430381995881
-0.11426612878073128,0.15560316638362473,-0.09529190240533825
-0.11426612878073128,0.15577398105949852,-0.09840654611683397
-0.11426612878073128,0.15562911469243582,-0.10296612138725092
-0.11426612878073128,0.15581657366489304,-0.10057874223505847
-0.11426612878073128,0.15604256424117008,-0.09722384495699932
-0.11426612878073128,0.15584034039049535,-0.1033780215248008
-0.11426612878073128,0.1561702757741349,-0.09825804901413027
-0.11426612878073128,0.15648805921262368,-0.09920388943650338
-0.11426612878073128,0.15730305846532458,-0.09728655716960077
-0.11426612878073128,0.1575098121735715,-0.10247881192328268
-0.11426612878073128,0.15774229418517421,-0.10351068020617238
-0.11426612878073128,0.1582175251242541,-0.10343476758310233
-0.11426612878073128,0.15856991750646798,-0.097218409666598
-0.11426612878073128,0.1587026272823305,-0.09730147865562189
-0.11426612878073128,0.15861999224105633,-0.10273751350954885
-0.11426612878073128,0.15912835769956607,-0.09647445067361449
-0.11426612878073128,0.15923315793469825,-0.09754937531664731
-0.11426612878073128,0.15922886553153984,-0.10011521223997577
-0.11426612878073128,0.15940116959801068,-0.10016416758955571
-0.11426612878073128,0.15961117393794605,-0.0987890824188199
-0.11426612878073128,0.15969055103440224,-0.09956121117055117
-0.11426612878073128,0.15977438706150404,-0.10011773557127568
-0.11426612878073128,0.16024052521177637,-0.09813803777611907
-0.11426612878073128,0.16079854947698333,-0.1007755433296067
-0.11426612878073128,0.16097057829538733,-0.09829486087930239
-0.11426612878073128,0.16087434867715086,-0.10313363173242607
-0.11426612878073128,0.1615164143403105,-0.09745125589510317
-0.11426612878073128,0.161551283767547,-0.09810754620030293
-0.11426612878073128,0.1622553036889659,-0.09854747787664397
-0.11426612878073128,0.16218536846886777,-0.10298710402120947
-0.11426612878073128,0.16252980667448028,-0.09722002359436943
-0.11426612878073128,0.1627189754077575,-0.095095383226107
-0.11426612878073128,0.1626666782040748,-0.09672532090417574
-0.11426612878073128,0.1624862053790777,-0.10280108469168459
-0.11426612878073128,0.16275619966283958,-0.0981011365563158
-0.11426612878073128,0.16303113284867252,-0.09762302374908871
-0.11426612878073128,0.16304395726496929,-0.09773871840710158
-0.11426612878073128,0.16329148968243049,-0.09719689675760745
-0.11426612878073128,0.16312306369093119,-0.10282093542318427
-0.11426612878073128,0.16377055723700018,-0.09481831047082567
-0.11426612878073128,0.16382215707467065,-0.10261145905375157
-0.11426612878073128,0.16431973980824144,-0.09566948690176658
-0.11426612878073128,0.1641802892147642,-0.1027047342444023
-0.11426612878073128,0.1645253786075702,-0.1029446341727206
-0.11426612878073128,0.16462667457395638,-0.10230968848677391
-0.11426612878073128,0.1650983823308042,-0.09523848759477904
-0.11426612878073128,0.1654728787140856,-0.09742238659795843
-0.11426612878073128,0.16536146045410013,-0.10186195779193696
-0.11426612878073128,0.16561849505357554,-0.09844869051207605
-0.11426612878073128,0.16608755172263603,-0.09734379800310322
-0.11426612878073128,0.16609163609096364,-0.09886077566870921
-0.11426612878073128,0.166350452780147,-0.09721853251694113
-0.11426612878073128,0.1665490030760134,-0.09801192038933038
-0.11426612878073128,0.16688022486367696,-0.09573422742489324
-0.11426612878073128,0.16690446971877645,-0.10244328661821755
-0.11426612878073128,0.16725392188415436,-0.10140126205558742
-0.11426612878073128,0.16746080925449552,-0.09923560480253302
-0.11426612878073128,0.16784699155893118,-0.09534962647565681
-0.11426612878073128,0.1679427798906416,-0.09881689876032762
-0.11426612878073128,0.16826331477776368,-0.09787580190944378
-0.11426612878073128,0.16863883748701747,-0.09532024128214911
-0.11426612878073128,0.16858361388725498,-0.09747729659909987
-0.11426612878073128,0.16870442033790112,-0.10196896815864387
-0.11426612878073128,0.16901427828082025,-0.09822504592299419
-0.11426612878073128,0.169096402557776,-0.09888553120233745
-0.11426612878073128,0.1695043840547654,-0.09934415949706643
-0.11426612878073128,0.17031573338882644,-0.09808237435121558
-0.11426612878073128,0.171443475845692,-0.09524541203034831
-0.11426612878073128,0.1714561240668476,-0.09822643219074179
-0.11426612878073128,0.17131642716676793,-0.10183188877297311
-0.11426612878073128,0.1714846221284695,-0.10203859113369673
-0.11426612878073128,0.17260305634750153,-0.09732361575029902
-0.11426612878073128,0.1726325279673943,-0.09684201488261457
-0.11426612878073128,0.17327090062655678,-0.09847256935682325
-0.11426612878073128,0.17352559625071434,-0.09590369827184386
-0.11426612878073128,0.17365902111979445,-0.09542314787452455
-0.11426612878073128,0.17395173681777681,-0.09443018758608146
-0.11426612878073128,0.17393582648514405,-0.0978727305172894
-0.11426612878073128,0.17419729153949678,-0.09596256390833358
-0.11426612878073128,0.17468775379070373,-0.09427102988278646
-0.11426612878073128,0.17496032868868314,-0.10127741019000869
-0.11426612878073128,0.1753458373755666,-0.10148668082434076
-0.11426612878073128,0.175939178294058,-0.09794726242991236
-0.11426612878073128,0.17635106132140355,-0.0983718659080487
-0.11426612878073128,0.177219453048496,-0.09645566384660409
-0.11426612878073128,0.17746495215212507,-0.09419636909766738
-0.11426612878073128,0.17736779687586854,-0.09860158743092096
-0.11426612878073128,0.1773105239479483,-0.10093632827090027
-0.11426612878073128,0.17778962392026185,-0.09791583582591712
-0.11426612878073128,0.17796589869672058,-0.0979212002439469
-0.11426612878073128,0.1782723700514742,-0.09744111405416056
-0.11426612878073128,0.17834684849451632,-0.0974805001282929
-0.11426612878073128,0.17831136889663468,-0.09846331792786445
-0.11426612878073128,0.17837278573331874,-0.09756445483251097
-0.11426612878073128,0.17930300350902909,-0.0974312986551018
-0.11426612878073128,0.1793298815889213,-0.09764246049264358
-0.11426612878073128,0.17959697121005525,-0.09728212574175066
-0.11426612878073128,0.1805812846999515,-0.0996185527131852
-0.11426612878073128,0.18083333386203246,-0.09586967000070934
-0.11426612878073128,0.18076840420613297,-0.10187769735176222
-0.11426612878073128,0.18127978053658117,-0.09645765345919854
-0.11426612878073128,0.1818673800423393,-0.09735506496601865
-0.11426612878073128,0.18255754242128247,-0.09471526995293467
-0.11426612878073128,0.18259946439428723,-0.09893301334316962
-0.11426612878073128,0.183441694656833,-0.09607044320243086
-0.11426612878073128,0.18354640087081323,-0.09415781179153082
-0.11426612878073128,0.18346537091026355,-0.09754486510396165
-0.11426612878073128,0.18388047752514858,-0.09756065736836106
-0.11426612878073128,0.1840901544021309,-0.0954930437104331
-0.11426612878073128,0.18391961123549436,-0.1008217832720123
-0.11426612878073128,0.1856810665338935,-0.09857318677514015
-0.11426612878073128,0.186038093987495,-0.09393389838628519
-0.11426612878073128,0.18623366980437686,-0.09411582959851361
-0.11426612878073128,0.18617135230601145,-0.09790872959284436
-0.11426612878073128,0.18617249483232612,-0.0986072626076121
-0.11426612878073128,0.18650772829203163,-0.09724154646474059
-0.11426612878073128,0.186926013849408,-0.09723667385397994
-0.11426612878073128,0.18732616255386017,-0.09905815394476325
-0.11426612878073128,0.18763210349472123,-0.09642945637712785
-0.11426612878073128,0.18855963953082816,-0.09829046306086309
-0.11426612878073128,0.18913651717978547,-0.09726206249264346
-0.11426612878073128,0.18969789051531583,-0.10077588806284976
-0.11426612878073128,0.1906548872331958,-0.09868226017626969
-0.11426612878073128,0.19089698747337874,-0.09757391346103816
-0.11426612878073128,0.19099706693876625,-0.09803452885784047
-0.11426612878073128,0.19116051478582177,-0.09766320860611644
-0.11426612878073128,0.19168460233566564,-0.09711506552538374
-0.11426612878073128,0.1922329145090052,-0.0982429432690074
-0.11426612878073128,0.19278917789013977,-0.09692308487296197
-0.11426612878073128,0.19286425602873328,-0.09676985580535902
-0.11426612878073128,0.1937204715504991,-0.09953149161792596
-0.11426612878073128,0.1940402510757697,-0.09742334982773437
-0.11426612878073128,0.19419204244805657,-0.09864382394355886
-0.11426612878073128,0.194978721954889,-0.10166417035875563
-0.11426612878073128,0.19565284405049826,-0.09719826131800469
-0.11426612878073128,0.19589797363046538,-0.09682890033166924
-0.11426612878073128,0.1960718729586663,-0.09917742084849612
-0.11426612878073128,0.19627743185839072,-0.0968782890974399
-0.11426612878073128,0.19690958292768265,-0.09399873961639105
-0.11426612878073128,0.19713685450217935,-0.09406649172445936
-0.11426612878073128,0.1972235761247212,-0.09377536238280537
-0.11426612878073128,0.19739612908858498,-0.09541303117788813
-0.11426612878073128,0.19723869653392903,-0.1004142221476525
-0.11426612878073128,0.19756518463974157,-0.09439402423832322
-0.11426612878073128,0.1982949040336521,-0.09740575033956966
-0.11426612878073128,0.19855904650407952,-0.09733459122236121
-0.11426612878073128,0.19851198931177855,-0.09850439601524119
-0.11426612878073128,0.1985287920015237,-0.09875073477265772
-0.11426612878073128,0.19908693244512166,-0.09899542286131058
-0.11426612878073128,0.1994756073269007,-0.10142348781049082
-0.11426612878073128,0.19980643093946865,-0.09852432076175677
-0.11426612878073128,0.20022447532040166,-0.09806093583626807
-0.11426612878073128,0.2007143442957575,-0.09899684721807522
-0.11426612878073128,0.20079204051695707,-0.09783314656928388
-0.11426612878073128,0.2015962021545949,-0.09718418542966234
-0.11426612878073128,0.20162506983517742,-0.09799942447850873
-0.11426612878073128,0.20214675621370407,-0.09712005729827589
-0.11426612878073128,0.20270137797045373,-0.09819508617869077
-0.11426612878073128,0.20272569517540595,-0.09819717234125791
-0.11426612878073128,0.20308068664371345,-0.09792445582352871
-0.11426612878073128,0.20361127634902645,-0.0988127835976369
-0.11426612878073128,0.20420055317476055,-0.10049137552115106
-0.11426612878073128,0.20487358124556923,-0.09824982832376106
-0.11426612878073128,0.2050832969906752,-0.10019043800401817
-0.11426612878073128,0.2051958439119952,-0.09957867961147493
-0.11426612878073128,0.2054900598073495,-0.09886311163449635
-0.11426612878073128,0.20558340509163978,-0.0981039660356332
-0.11426612878073128,0.20595820325305733,-0.09379341444216072
-0.11426612878073128,0.20624334336517225,-0.0940131915856024
-0.11426612878073128,0.20607742239283716,-0.10008082146344488
-0.11426612878073128,0.20678043890976985,-0.0941423236389074
-0.11426612878073128,0.20650469806833133,-0.10054921328501254
-0.11426612878073128,0.20686207155151726,-0.09903349427713437
-0.11426612878073128,0.20727141004444682,-0.09445942105716942
-0.11426612878073128,0.2071960533586489,-0.10004292664842851
-0.11426612878073128,0.20721213094661306,-0.09990551699474526
-0.11426612878073128,0.20737665932859617,-0.09687637667292959
-0.11426612878073128,0.2073414416544844,-0.09894409561338557
-0.11426612878073128,0.20735461734006475,-0.09991153706386757
-0.11426612878073128,0.20786807048102585,-0.09862452398408428
-0.11426612878073128,0.2079439071005215,-0.09804043579693233
-0.11426612878073128,0.2081212410340784,-0.09537789124600704
-0.11426612878073128,0.20828819633626594,-0.10021096280602404
-0.11426612878073128,0.20843433113445956,-0.09905330026248738
-0.11426612878073128,0.2084319449658625,-0.09911629389945764
-0.11426612878073128,0.20840976868575958,-0.10022588588401427
-0.11426612878073128,0.20860147143503469,-0.10052677657480213
-0.11426612878073128,0.20900840853163533,-0.09959703255933383
-0.11426612878073128,0.20891821491142046,-0.10160327105887856
-0.11426612878073128,0.20942785341083786,-0.09984639230416359
-0.11426612878073128,0.20961897228506784,-0.09791362054854447
-0.11426612878073128,0.20968517158185238,-0.099531647800008
-0.11426612878073128,0.2097755126094314,-0.09788620807437032
-0.11426612878073128,0.20979428271534145,-0.09799118810349683
-0.11426612878073128,0.20983115421728774,-0.09778026652009575
-0.11426612878073128,0.20991369095530293,-0.10079978036363446
-0.11426612878073128,0.2100010318397317,-0.10069320372827573
-0.11426612878073128,0.21016360432380007,-0.10079765815625408
-0.11426612878073128,0.2104453463528477,-0.09944264426879901
-0.11426612878073128,0.21107264729062014,-0.09840305787659864
-0.11426612878073128,0.21129080832566363,-0.09922488281734054
-0.11426612878073128,0.2112613454113064,-0.10031988797077884
-0.11426612878073128,0.21136769670827582,-0.09932418437745394
-0.11426612878073128,0.21136221210585046,-0.10087110051937653
-0.11426612878073128,0.21176798601558444,-0.0979386307660961
-0.11426612878073128,0.21167983481389888,-0.10029789553704738
-0.11426612878073128,0.21197565086051318,-0.10044786392484617
-0.11426612878073128,0.21235092608112496,-0.10082721949035434
-0.11426612878073128,0.21248987981573358,-0.09847584954563016
-0.11426612878073128,0.21256393517904798,-0.10020970731725065
-0.11426612878073128,0.21267246535791914,-0.1000711280422687
-0.11426612878073128,0.21315757704093283,-0.1008145903674107
-0.11426612878073128,0.2135190668307112,-0.09394049835678753
-0.11426612878073128,0.2135426154057812,-0.09411478266540796
-0.11426612878073128,0.21375157289908642,-0.09411558732811243
-0.11426612878073128,0.21356281706396252,-0.09830552198036369
-0.11426612878073128,0.21351440094537288,-0.10112552133001906
-0.11426612878073128,0.2137435955544302,-0.10106611600153548
-0.11426612878073128,0.21376697609861733,-0.10110559988218093
-0.11426612878073128,0.21419992342650063,-0.0944889478781834
-0.11426612878073128,0.21460556967159466,-0.09546385633695043
-0.11426612878073128,0.2149787958749068,-0.09687112380983764
-0.11426612878073128,0.21512464281788474,-0.09890014961609428
-0.11426612878073128,0.2151706722816386,-0.09885457937452868
-0.11426612878073128,0.21560370901701922,-0.0983760602276208
-0.11426612878073128,0.21573729355977303,-0.09832061910668066
-0.11426612878073128,0.21883783806409973,-0.09864812625059172
-0.11426612878073128,0.22023887500480888,-0.09417159090277405
-0.11426612878073128,0.22048595833579235,-0.0988531040724645
-0.11426612878073128,0.22071626437998654,-0.09876085138613744
-0.11426612878073128,0.22106986321552158,-0.09428478216502811
-0.11426612878073128,0.2221508051479385,-0.0946772818996574
-0.11426612878073128,0.22233109285246183,-0.09552981447295927
-0.11426612878073128,0.22219589226119438,-0.09906248430481424
-0.11426612878073128,0.22228821775923027,-0.09972885395125952
-0.11426612878073128,0.22247302368648597,-0.09690705112561893
-0.11426612878073128,0.2228405746089689,-0.09909037927856912
-0.11426612878073128,0.2229826860075842,-0.09894170850254014
-0.11426612878073128,0.22357316806307817,-0.09930193039047908
-0.11426612878073128,0.2236798593727804,-0.09920245157860696
-0.11426612878073128,0.22652308835074242,-0.09417665284740617
-0.11426612878073128,0.2278326935489149,-0.09445770870228254
-0.11426612878073128,0.22803307860005592,-0.09819877684542577
-0.11426612878073128,0.2286346633567182,-0.09983377468495447
-0.11426612878073128,0.22899618202795768,-0.09968259298429416
-0.11426612878073128,0.22938438378144685,-0.09493347593688695
-0.11426612878073128,0.22941281313780443,-0.09990161234074058
-0.11426612878073128,0.22967629875921403,-0.09547125271927637
-0.11426612878073128,0.22999258933606734,-0.09659974708465757
-0.11426612878073128,0.23181130640288247,-0.10060267570565051
-0.11426612878073128,0.2325664786682869,-0.10052291038243666
-0.11426612878073128,0.23278141421172785,-0.10069243218901414
-0.11426612878073128,0.2332973432598462,-0.10041551758420919
-0.11426612878073128,0.2334309861316647,-0.10054483861830732
-0.11426612878073128,0.23826384731189043,-0.10099166662937131
-0.11426612878073128,0.2396942406621626,-0.10111774951960129
-0.11426612878073128,0.23993392478853248,-0.10135423437120483
-0.1616057190815082,-0.023172638688871226,0.060383799392755955
-0.1616057190815082,-0.021841958096877112,0.06061745927250728
-0.1616057190815082,-0.02130612714393087,0.06066413349032618
-0.1616057190815082,-0.02122107983461423,0.060810624192040086
-0.1616057190815082,-0.019873695064738045,0.05950374392713853
-0.1616057190815082,-0.01883954448312604,0.06144142509213468
-0.1616057190815082,-0.01663327669195506,0.0621892549130717
-0.1616057190815082,-0.01522441559614272,0.06043907889141409
-0.1616057190815082,-0.014088068182258044,0.06210151948158327
-0.1616057190815082,-0.013380093024960103,0.06041099159484831
-0.1616057190815082,-0.01143340146307337,0.06213011625670217
-0.1616057190815082,-0.010971544746721622,0.059461773279566144
-0.1616057190815082,-0.010042798257060954,0.0629027076165567
-0.1616057190815082,-0.009685427390999327,0.06301397603973569
-0.1616057190815082,-0.007755502866345378,0.06118133224451827
-0.1616057190815082,-0.007479102275040547,0.059826116182231215
-0.1616057190815082,-0.007223064564019573,0.06319677725580197
-0.1616057190815082,-0.0070067502875882865,0.06133084857060833
-0.1616057190815082,-0.006940341806353252,0.061125348096116694
-0.1616057190815082,-0.0065384597250877675,0.06406993272326988
-0.1616057190815082,-0.0046963399725067695,0.05950179417269241
-0.1616057190815082,-0.0011048891298724526,0.06001925321937451
-0.1616057190815082,-4.202413389152795e-06,0.06243178747005007
-0.1616057190815082,2.5554195186666857e-05,0.06216358942438105
-0.1616057190815082,0.00036240876994216974,0.06464028499762564
-0.1616057190815082,0.0003334216458367985,0.06365669620859238
-0.1616057190815082,0.0024744822330205404,0.06519843188016039
-0.1616057190815082,0.0038339434123592815,0.06134118255464904
-0.1616057190815082,0.00587457716383122,0.06237927276232358
-0.1616057190815082,0.006244540691660085,0.06017730219206985
-0.1616057190815082,0.008523136785114856,0.06423519267955835
-0.1616057190815082,0.009245403615155653,0.06097682234118984
-0.1616057190815082,0.00957556202434099,0.06297028304068619
-0.1616057190815082,0.01340814134582008,0.060475948701363746
-0.1616057190815082,0.013686460811700248,0.06590960311315563
-0.1616057190815082,0.013843592072054885,0.06599381094559886
-0.1616057190815082,0.01673291857168316,0.06447650148531314
-0.1616057190815082,0.017543211080143617,0.06851095808779128
-0.1616057190815082,0.017564071589568568,0.06569358552536164
-0.1616057190815082,0.0182235048792002,0.062145207059728924
-0.1616057190815082,0.01906665677812694,0.06768588444852353
-0.1616057190815082,0.020315986447756104,0.06739240254826107
-0.1616057190815082,0.020663805912483877,0.06789119325582138
-0.1616057190815082,0.02086618667093442,0.07024833522713991
-0.1616057190815082,0.02170083620020309,0.06565070818898511
-0.1616057190815082,0.022025038966190603,0.06404039096849778
-0.1616057190815082,0.022302169606948363,0.06749336447126275
-0.1616057190815082,0.022781609305095978,0.06557752976828213
-0.1616057190815082,0.025056553633000703,0.06798112263802447
-0.1616057190815082,0.025244025825976974,0.0609871049028583
-0.1616057190815082,0.026365429897991653,0.07043130804781539
-0.1616057190815082,0.02799228718338148,0.06858700968787812
-0.1616057190815082,0.028386026420498152,0.06948200905096114
-0.1616057190815082,0.029335338222736408,0.06847918869616809
-0.1616057190815082,0.03090651575171618,0.06401982141157192
-0.1616057190815082,0.03147248643851803,0.07049043804035382
-0.1616057190815082,0.031796763880378276,0.07044383769354545
-0.1616057190815082,0.03247375976764879,0.06884935218334798
-0.1616057190815082,0.03267657930302653,0.06434466233903191
-0.1616057190815082,0.033392907172474354,0.069138701374721
-0.1616057190815082,0.03473391169770923,0.06307443960054016
-0.1616057190815082,0.03493466483251338,0.061578765736809316
-0.1616057190815082,0.035414097988833125,0.07056851720414958
-0.1616057190815082,0.03569353984140885,0.07054139908293355
-0.1616057190815082,0.03578549400308694,0.07024487236447674
-0.1616057190815082,0.03580844364639499,0.07056104891661064
-0.1616057190815082,0.03666608579606384,0.07055801729296862
-0.1616057190815082,0.03679337292476165,0.07060060742032837
-0.1616057190815082,0.03688143447974116,0.07049615226406958
-0.1616057190815082,0.03691450181316184,0.07070466288844546
-0.1616057190815082,0.03699635801075237,0.07054115360995583
-0.1616057190815082,0.0370544554343477,0.06852114017309541
-0.1616057190815082,0.03729677015828261,0.06947535637864721
-0.1616057190815082,0.037406731658305964,0.07066030565246129
-0.1616057190815082,0.03855046984052834,0.07077789006671042
-0.1616057190815082,0.038659513394474536,0.06890776577840385
-0.1616057190815082,0.038888331155418905,0.06892114702115593
-0.1616057190815082,0.039629048488225,0.07078514400420599
-0.1616057190815082,0.03952654110989592,0.06808609156798384
-0.1616057190815082,0.03977638818987753,0.07079974714217596
-0.1616057190815082,0.04087440139170398,0.06714581199684466
-0.1616057190815082,0.041903865879384744,0.0703679430508759
-0.1616057190815082,0.042793312569465614,0.06327599918684157
-0.1616057190815082,0.043427900706597536,0.0711545245791847
-0.1616057190815082,0.044721871618858336,0.07077502079065179
-0.1616057190815082,0.04484785255647474,0.06622412861948201
-0.1616057190815082,0.04482943262238538,0.06430185139116451
-0.1616057190815082,0.04536550718629,0.06602356034578305
-0.1616057190815082,0.04784793307294384,0.06966198566391302
-0.1616057190815082,0.04784817369246303,0.06536635285468051
-0.1616057190815082,0.04784137854856164,0.06435687151840219
-0.1616057190815082,0.04819774218144,0.06723684078491265
-0.1616057190815082,0.04943086289790871,0.06718446541662881
-0.1616057190815082,0.05071510437189757,0.07197230913064778
-0.1616057190815082,0.05075221950926378,0.07065115087118756
-0.1616057190815082,0.05085758387879313,0.07032860981347411
-0.1616057190815082,0.05100692724579753,0.07107221132284991
-0.1616057190815082,0.051235598147362164,0.07175539884187054
-0.1616057190815082,0.05155214483345931,0.06432261158039443
-0.1616057190815082,0.053104921494604544,0.06790331961060703
-0.1616057190815082,0.05459467620535847,0.06978451237455319
-0.1616057190815082,0.056990421794458165,0.06592662938510041
-0.1616057190815082,0.057495905688569424,0.06665775489268344
-0.1616057190815082,0.05763534153527117,0.06472323358664323
-0.1616057190815082,0.05802547690970171,0.07155357242420368
-0.1616057190815082,0.05919371355816647,0.07127279113645324
-0.1616057190815082,0.05985232344634952,0.07209276654315133
-0.1616057190815082,0.06023939785106742,0.07278899024148455
-0.1616057190815082,0.06302286817540746,0.0721384824850343
-0.1616057190815082,0.06302366710864893,0.06563045715216209
-0.1616057190815082,0.06323599045958905,0.06917200211890517
-0.1616057190815082,0.06394744794764591,0.0735906782553305
-0.1616057190815082,0.06513250498175815,0.06532170689720651
-0.1616057190815082,0.06519834427237704,0.06532528317589303
-0.1616057190815082,0.06537970900191764,0.06757753032788716
-0.1616057190815082,0.06684326995331039,0.06463602951438585
-0.1616057190815082,0.06881384432534407,0.07280955670177103
-0.1616057190815082,0.06926067480099211,0.07273041082034437
-0.1616057190815082,0.06920315552613285,0.07043153974894578
-0.1616057190815082,0.07187824254044212,0.07269767324054532
-0.1616057190815082,0.07240167498293187,0.06654260404301082
-0.1616057190815082,0.07280778262095078,0.0684406426256624
-0.1616057190815082,0.07320166020437789,0.06490174862349551
-0.1616057190815082,0.07387755389982636,0.06876570798905346
-0.1616057190815082,0.07439611982074994,0.07536207794184857
-0.1616057190815082,0.07396156020167266,0.06419083436547268
-0.1616057190815082,0.07527880678730695,0.07088922686135646
-0.1616057190815082,0.07601776259529494,0.06660030735966926
-0.1616057190815082,0.07713073642216767,0.07373357557713656
-0.1616057190815082,0.07711687190898278,0.06971165226381282
-0.1616057190815082,0.07790767773872831,0.07395990066457514
-0.1616057190815082,0.07815701803234372,0.06632395879502406
-0.1616057190815082,0.07844757570908455,0.06990275787511269
-0.1616057190815082,0.07869488122085434,0.07249299574413948
-0.1616057190815082,0.08206800019359309,0.07401492139840016
-0.1616057190815082,0.08341873511036024,0.07247794617138503
-0.1616057190815082,0.08477897580521622,0.06489307577139558
-0.1616057190815082,0.08683533250969004,0.07033200825450414
-0.1616057190815082,0.087044193036058,0.07218404693378289
-0.1616057190815082,0.08678233609879296,0.06682076378922142
-0.1616057190815082,0.08675863759186225,0.06467123691414134
-0.1616057190815082,0.08704380996285335,0.06513934082755024
-0.1616057190815082,0.08877532427807155,0.07370561125477382
-0.1616057190815082,0.08862335468716684,0.06650025498772216
-0.1616057190815082,0.08887432376452732,0.06972826476694594
-0.1616057190815082,0.08916456644089406,0.07320432828078094
-0.1616057190815082,0.08947503545961676,0.07263699254484635
-0.1616057190815082,0.09102363241522025,0.07324118067646712
-0.1616057190815082,0.09200055788755945,0.07677085213124646
-0.1616057190815082,0.09292751775945142,0.07410373006434268
-0.1616057190815082,0.09551237520315234,0.07448098080278343
-0.1616057190815082,0.09769189094048072,0.07425087699363775
-0.1616057190815082,0.09799146771222683,0.07470675066637411
-0.1616057190815082,0.10238859165388428,0.07314573072598007
-0.1616057190815082,0.10259793594638088,0.07590699529915146
-0.1616057190815082,0.10284785799214458,0.0747681709505591
-0.1616057190815082,0.10351819445549743,0.07472977088841382
-0.1616057190815082,0.10375329169673245,0.07094792582559384
-0.1616057190815082,0.10427346950533824,0.06889635173224606
-0.1616057190815082,0.10473852457147292,0.06635545231250983
-0.1616057190815082,0.10549924946687907,0.06663902361536322
-0.1616057190815082,0.10719848809991923,0.07407664135689507
-0.1616057190815082,0.10761188324200296,0.06766696648478943
-0.1616057190815082,0.1080791898383279,0.07087881830142129
-0.1616057190815082,0.11218724815265557,0.07449545156827564
-0.1616057190815082,0.11406762120163776,0.07564676618859068
-0.1616057190815082,0.1166858986134818,0.0756008297371733
-0.1616057190815082,0.11903845096054089,0.07830798874183342
-0.1616057190815082,0.12011090361571468,0.07559081689045488
-0.1616057190815082,0.12107824611852587,0.07447434272189912
-0.1616057190815082,0.12174215340833384,0.06681335528869292
-0.1616057190815082,0.12242918061013232,0.07179979506063372
-0.1616057190815082,0.12264380724036389,0.06775386903606728
-0.1616057190815082,0.12303821136975071,0.07485045554376812
-0.1616057190815082,0.12335876151133197,0.06903056875620706
-0.1616057190815082,0.12459439583604696,0.06815908640034951
-0.1616057190815082,0.12536310499819306,0.07553618970637543
-0.1616057190815082,0.12716245267173393,0.07194694801501833
-0.1616057190815082,0.1286154180700659,0.07588991566198533
-0.1616057190815082,0.12889586846114007,0.07585546989673242
-0.1616057190815082,0.13223649118946773,0.07460287251355535
-0.1616057190815082,0.1323456427338165,0.07479206715493547
-0.1616057190815082,0.13499909819343472,0.07575921095359128
-0.1616057190815082,0.13507810072706034,0.07596887510221018
-0.1616057190815082,0.13549626752922583,0.07603838932987783
-0.1616057190815082,0.13612791288653037,0.07664318036406692
-0.1616057190815082,0.13633317901320025,0.0746443209159352
-0.1616057190815082,0.13641714788435857,0.07503431744936129
-0.1616057190815082,0.13696472293180245,0.07657034970459353
-0.1616057190815082,0.13924715707563845,0.07220599296832186
-0.1616057190815082,0.1395271765220385,0.07387326646480219
-0.1616057190815082,0.13936070303697606,0.06778606481271676
-0.1616057190815082,0.13983238239331003,0.06831564475253027
-0.1616057190815082,0.14001520569973275,0.06730488755381481
-0.1616057190815082,0.14108312118461908,0.07146985760819913
-0.1616057190815082,0.142362631563312,0.07459660101501009
-0.1616057190815082,0.14301701598004526,0.07423107491560221
-0.1616057190815082,0.1429984449770198,0.06993354323578937
-0.1616057190815082,0.1437714463794947,0.07845528514919287
-0.1616057190815082,0.14677541519553644,0.07200581689608343
-0.1616057190815082,0.1484727512909962,0.07253041510858649
-0.1616057190815082,0.14885737433621404,0.07691224973310962
-0.1616057190815082,0.1488520101670044,0.07377613071032052
-0.1616057190815082,0.1501928928365932,0.06882533978567607
-0.1616057190815082,0.15079694337726496,0.06860466360209772
-0.1616057190815082,0.15115957659236995,0.07464162774499195
-0.1616057190815082,0.15226146300371993,0.07277498197445287
-0.1616057190815082,0.15261719689526457,0.06822975514013163
-0.1616057190815082,0.15314360376125022,0.07603871625742831
-0.1616057190815082,0.15359773258530518,0.0695788090085172
-0.1616057190815082,0.15393985625388,0.07166884983123467
-0.1616057190815082,0.15441686020365977,0.0757607013469902
-0.1616057190815082,0.15526208335629713,0.07866377991793305
-0.1616057190815082,0.1552618984310877,0.07303914814453893
-0.1616057190815082,0.15542951040757427,0.0704234290683241
-0.1616057190815082,0.15838087171566478,0.07708706588784242
-0.1616057190815082,0.15860961429760775,0.07214374145196756
-0.1616057190815082,0.15913048414284497,0.07678995653393361
-0.1616057190815082,0.15899047758610385,0.07232339393272647
-0.1616057190815082,0.16013908116741812,0.06966970032615027
-0.1616057190815082,0.16069152914325782,0.06928999192452479
-0.1616057190815082,0.1609273585838221,0.07027482417627195
-0.1616057190815082,0.16122960255164856,0.07600851902703742
-0.1616057190815082,0.16156653231952878,0.07050167428386689
-0.1616057190815082,0.1617587920739221,0.07381255722955937
-0.1616057190815082,0.16206178730800985,0.07231933778989819
-0.1616057190815082,0.1620311544973981,0.07147560848596135
-0.1616057190815082,0.1631232834676707,0.06987396643440269
-0.1616057190815082,0.1636329144986724,0.07699528666093014
-0.1616057190815082,0.16412945934633058,0.07921067670789517
-0.1616057190815082,0.16431304166437266,0.07708833550190897
-0.1616057190815082,0.165052178434058,0.07829829896632234
-0.1616057190815082,0.16542509275203623,0.06917457904846436
-0.1616057190815082,0.16565557713212667,0.07196853292100436
-0.1616057190815082,0.16767292483375143,0.07577858800584059
-0.1616057190815082,0.16792319536704847,0.06963444447038258
-0.1616057190815082,0.16840686020083953,0.06954046444474693
-0.1616057190815082,0.1695928362705658,0.07708503124174815
-0.1616057190815082,0.16959921707477954,0.07711439677619303
-0.1616057190815082,0.1695317773670805,0.07564506032768825
-0.1616057190815082,0.17017512875870652,0.07624054195022956
-0.1616057190815082,0.17031021336070512,0.07231117821072164
-0.1616057190815082,0.17077023380777762,0.07525289416693448
-0.1616057190815082,0.17126986719241252,0.07653706820713746
-0.1616057190815082,0.17433651520957763,0.0769203761928533
-0.1616057190815082,0.1756835708041139,0.07967729138913093
-0.1616057190815082,0.17580738409006674,0.06932006195060925
-0.1616057190815082,0.17635853915202088,0.07486420175858499
-0.1616057190815082,0.1766640734281854,0.07987243486357021
-0.1616057190815082,0.17638831301298427,0.07074699258341699
-0.1616057190815082,0.17895161446316096,0.07529605158594432
-0.1616057190815082,0.17998691867135427,0.0799621676788893
-0.1616057190815082,0.17989505069689155,0.07084781915512128
-0.1616057190815082,0.18201462538712382,0.07694515996426188
-0.1616057190815082,0.18197135948939108,0.07564794678192377
-0.1616057190815082,0.18250206228885973,0.07570999306254156
-0.1616057190815082,0.1836178396518004,0.07672759640690496
-0.1616057190815082,0.18453594756004432,0.07017986108575536
-0.1616057190815082,0.18682068536990182,0.08001357742040482
-0.1616057190815082,0.18747034042746727,0.07608221941031412
-0.1616057190815082,0.18817876576963855,0.07154808547668634
-0.1616057190815082,0.1897776110898213,0.08028196867714255
-0.1616057190815082,0.18970701774967091,0.07661243815046304
-0.1616057190815082,0.19003977905811062,0.08006739797644158
-0.1616057190815082,0.18993751185543856,0.07612233340963126
-0.1616057190815082,0.1901137866318973,0.07611696899160147
-0.1616057190815082,0.19145088486977804,0.07662619975884533
-0.1616057190815082,0.19216585942533942,0.07729317690707305
-0.1616057190815082,0.19229451534786554,0.07146351880647339
-0.1616057190815082,0.19466666822238937,0.07380833415377175
-0.1616057190815082,0.1954332488343273,0.07563470631163349
-0.1616057190815082,0.1959106624085539,0.07050362157399304
-0.1616057190815082,0.19762226269437186,0.07489913342058296
-0.1616057190815082,0.20225530748403744,0.08020816975657541
-0.1616057190815082,0.2025592114449005,0.08013533750983337
-0.1616057190815082,0.2026727660333181,0.08048202513260838
-0.1616057190815082,0.20308367662809554,0.07562461856904656
-0.1616057190815082,0.20553085825881007,0.0759975341076673
-0.1616057190815082,0.20608196049323943,0.07509817923343376
-0.1616057190815082,0.2078082697015401,0.0718052115740575
-0.1616057190815082,0.2092731933402255,0.07453977967118242
-0.1616057190815082,0.2102472445461358,0.07652336906007784
-0.1616057190815082,0.2123009154840617,0.08046256514599714
-0.1616057190815082,0.21268232220861133,0.0801939271226696
-0.1616057190815082,0.2125449557888965,0.07502610226952311
-0.1616057190815082,0.21300172757558178,0.07342858444244593
-0.1616057190815082,0.21339907346335682,0.08003422829056928
-0.1616057190815082,0.21385626655801573,0.07094115054053929
-0.1616057190815082,0.21424771540701298,0.07531280830118825
-0.1616057190815082,0.2158650091819063,0.07269916181221403
-0.1616057190815082,0.21647900602461745,0.07491501259035682
-0.1616057190815082,0.21710666225869524,0.07575178774527624
-0.1616057190815082,0.21713097946364748,0.0757497015827091
-0.1616057190815082,0.21932040154538543,0.07491936969925461
-0.1616057190815082,0.2198449512292175,0.07111881077528215
-0.1616057190815082,0.22036440052145462,0.08027813577020415
-0.1616057190815082,0.22046672417518773,0.08007094958856842
-0.1616057190815082,0.2206756816684929,0.08007014492586395
-0.1616057190815082,0.22082968116156163,0.07532699889443628
-0.1616057190815082,0.2216914671060877,0.07547809582141007
-0.1616057190815082,0.22167486992261895,0.07486108713753548
-0.1616057190815082,0.2239507485306168,0.07551628918357833
-0.1616057190815082,0.22414087599828908,0.07264657709952471
-0.1616057190815082,0.22486206408036932,0.07309131864483975
-0.1616057190815082,0.22510967279692634,0.07328800045229256
-0.1616057190815082,0.2251310092463932,0.0734692066341629
-0.1616057190815082,0.22527349563984492,0.07346318656504058
-0.1616057190815082,0.22563781309642839,0.07326542861067042
-0.1616057190815082,0.22629791659081952,0.07445850260810671
-0.1616057190815082,0.22672823805474954,0.07304961790502384
-0.1616057190815082,0.22673739517059985,0.07306395224216522
-0.1616057190815082,0.22730632735567252,0.07997867491726274
-0.1616057190815082,0.226989861789572,0.07276883169975301
-0.1616057190815082,0.22746096509462746,0.0733591900796483
-0.1616057190815082,0.2275211485114438,0.07378256891513046
-0.1616057190815082,0.22841636402322457,0.07986880096629267
-0.1616057190815082,0.22859000254466755,0.07417174403900428
-0.1616057190815082,0.22867602552844685,0.07413712543469686
-0.1616057190815082,0.22909629948511948,0.07358545140364237
-0.1616057190815082,0.22921073922428437,0.07215785027243882
-0.1616057190815082,0.22942727076870117,0.07376271852042993
-0.1616057190815082,0.2295544279973664,0.07426291373561134
-0.1616057190815082,0.22976628745518474,0.07417149432368209
-0.1616057190815082,0.23026192839093917,0.075143765842422
-0.1616057190815082,0.23066064832243705,0.07402201133375397
-0.1616057190815082,0.23086789463003451,0.07242096434582967
-0.1616057190815082,0.23144419986514075,0.07376609464416473
-0.1616057190815082,0.2314326071349988,0.07101189892599147
-0.1616057190815082,0.23209050829204253,0.07281478581663126
-0.1616057190815082,0.23208404604084237,0.07208690379606597
-0.1616057190815082,0.23268095291412744,0.07214679387638623
-0.1616057190815082,0.2327538477278792,0.07196200387372542
-0.1616057190815082,0.23299038688500776,0.07221082527883171
-0.1616057190815082,0.23366724303201272,0.07997631653325166
-0.1616057190815082,0.23353978632076872,0.07256564064172433
-0.1616057190815082,0.23427240329311902,0.0728117104404532
-0.1616057190815082,0.23466049421512614,0.07458162923323863
-0.1616057190815082,0.2345432592732164,0.07184454087683845
-0.1616057190815082,0.2348821222408835,0.07191302474078132
-0.1616057190815082,0.23506825406625356,0.07209176551933527
-0.1616057190815082,0.23542037359231843,0.0728792007343928
-0.1616057190815082,0.2354215975872879,0.07192374798148327
-0.1616057190815082,0.23549736581916456,0.07231599014554402
0.13657900530780925,-0.031489668012353735,0.036433095065554366
0.13657900530780925,-0.02662754717264905,0.037043897610762544
0.13657900530780925,-0.026502002179753226,0.03719894078246355
0.13657900530780925,-0.02469572768960028,0.037580234911996024
0.13657900530780925,-0.02428099233784319,0.036584969388581134
0.13657900530780925,-0.022132996367278744,0.03703709581649517
0.13657900530780925,-0.020629166328577413,0.03607860584254874
0.13657900530780925,-0.017234839386153035,0.039258208421870555
0.13657900530780925,-0.01672702093775566,0.03945558587995812
0.13657900530780925,-0.015031001136220768,0.03846759485743123
0.13657900530780925,-0.014011921764648163,0.039514009270148254
0.13657900530780925,-0.013829717810919089,0.038322079103623286
0.13657900530780925,-0.012839226977788182,0.036976303510590225
0.13657900530780925,-0.010910847620341493,0.03719148818543838
0.13657900530780925,-0.009809456831980387,0.040439969930696096
0.13657900530780925,-0.009323947930557073,0.04079780465058169
0.13657900530780925,-0.006764028637914272,0.03974419788560413
0.13657900530780925,-0.0062651272903904605,0.03655659157951885
0.13657900530780925,-0.005963660134700205,0.04085851343589009
0.13657900530780925,-0.001976141736296587,0.03941789341857216
0.13657900530780925,-0.0016914944978410618,0.04189145532600347
0.13657900530780925,-0.0013665309400621994,0.04244507697698663
0.13657900530780925,-0.0003859002149813849,0.03839668100068294
0.13657900530780925,-0.00010296128709286201,0.04081187608298731
0.13657900530780925,0.0016550645149661126,0.03946272562377284
0.13657900530780925,0.0016595205215938543,0.0387310519004328
0.13657900530780925,0.0029386379015292306,0.04099578246073299
0.13657900530780925,0.0035880187308126405,0.039205204457320786
0.13657900530780925,0.004992921199855557,0.03793467255574923
0.13657900530780925,0.005402143792326283,0.03917354197440359
0.13657900530780925,0.007195915680111133,0.042204067375971044
0.13657900530780925,0.007603301492865795,0.044443127160949114
0.13657900530780925,0.009059487483761387,0.0419110927473062
0.13657900530780925,0.010201131546291903,0.041517254426065575
0.13657900530780925,0.011361728751718085,0.0414015976306511
0.13657900530780925,0.011844274462933891,0.04274082922387479
0.13657900530780925,0.012773650945897455,0.04289353632378934
0.13657900530780925,0.013417517360492374,0.044482719084910416
0.13657900530780925,0.013248969777027362,0.04051129646439744
0.13657900530780925,0.013546149474069838,0.04469866571722869
0.13657900530780925,0.014051086686734776,0.040266926975525696
0.13657900530780925,0.014267923003487507,0.04277251399065318
0.13657900530780925,0.014659283844606432,0.04190595144090048
0.13657900530780925,0.014951751109695453,0.03946444311461628
0.13657900530780925,0.016322563167631976,0.04431682933267589
0.13657900530780925,0.01985513985093539,0.04188268614291635
0.13657900530780925,0.02043728442256741,0.04394686765367084
0.13657900530780925,0.021914457469184103,0.043664540797687
0.13657900530780925,0.02231259040656229,0.042315484063734865
0.13657900530780925,0.022505148891124788,0.04262401512086744
0.13657900530780925,0.023003052197074,0.04196124605823537
0.13657900530780925,0.024691650419346255,0.04125127229452652
0.13657900530780925,0.024725676818109242,0.04124709223974443
0.13657900530780925,0.024890025459262468,0.041434527269014976
0.13657900530780925,0.02497810194989674,0.0421939790682494
0.13657900530780925,0.025931722784628734,0.04290194289938842
0.13657900530780925,0.026597393522636112,0.04177175774759323
0.13657900530780925,0.02690825351471471,0.04314948424015075
0.13657900530780925,0.02732874274082134,0.04589337498156432
0.13657900530780925,0.027221972712424266,0.04311366586973475
0.13657900530780925,0.027298807490159872,0.044403239300505715
0.13657900530780925,0.027742650133079732,0.04691991163666476
0.13657900530780925,0.028509315670039052,0.04227796423569774
0.13657900530780925,0.02870023577066899,0.04132234073427177
0.13657900530780925,0.029206706013603007,0.04220231832335786
0.13657900530780925,0.029554194570958467,0.04197717286707858
0.13657900530780925,0.02961225651794071,0.04217181861335795
0.13657900530780925,0.030504236444562453,0.04524124773729743
0.13657900530780925,0.030580125978964368,0.04346658130028225
0.13657900530780925,0.03092126913200393,0.041935454968317076
0.13657900530780925,0.03170592707129739,0.04509073364123006
0.13657900530780925,0.031649450554547126,0.043878085922022136
0.13657900530780925,0.031771936036131404,0.043168619772041006
0.13657900530780925,0.031815810270092504,0.043172374864661855
0.13657900530780925,0.03264505921445938,0.04314582251121346
0.13657900530780925,0.03294284108485238,0.042104800106910756
0.13657900530780925,0.03299089963263507,0.043064515783642454
0.13657900530780925,0.03379793784419147,0.043980992557520304
0.13657900530780925,0.034535136420029325,0.043480729866704704
0.13657900530780925,0.03450527735142419,0.04245479514450745
0.13657900530780925,0.03534384053621539,0.04703336797986568
0.13657900530780925,0.035451256086318786,0.04423310395822955
0.13657900530780925,0.03615208119112281,0.042251497566343055
0.13657900530780925,0.03722590568549084,0.04443545680048633
0.13657900530780925,0.03774400417887527,0.045569967085847374
0.13657900530780925,0.03832830767721046,0.0461568025674417
0.13657900530780925,0.03879077269072821,0.04432459124029409
0.13657900530780925,0.03925031147683261,0.04425817678998545
0.13657900530780925,0.039996978506512265,0.04673448357947607
0.13657900530780925,0.04032588629279614,0.04617273075434891
0.13657900530780925,0.040422348647801934,0.0461508396356376
0.13657900530780925,0.040503752356399955,0.04681181562754033
0.13657900530780925,0.04052671191045529,0.04617146284272988
0.13657900530780925,0.040686429498852435,0.044264158849786406
0.13657900530780925,0.041174554895017555,0.048862581733905674
0.13657900530780925,0.04162531502113144,0.04889533448620986
0.13657900530780925,0.041411247563792886,0.0430224166318971
0.13657900530780925,0.043231183226630776,0.04339068084134501
0.13657900530780925,0.04353607034237818,0.04745500364299715
0.13657900530780925,0.04372608503026236,0.04668348348769735
0.13657900530780925,0.043901332459346666,0.046803900460338665
0.13657900530780925,0.043960521274034874,0.04672782934341024
0.13657900530780925,0.04439466150556175,0.04704607121359394
0.13657900530780925,0.04417652297072676,0.04226309770605352
0.13657900530780925,0.044396355647623176,0.0463071425300462
0.13657900530780925,0.04500695678648966,0.04837104212560961
0.13657900530780925,0.045092547788081895,0.049225268308728976
0.13657900530780925,0.04519760574669508,0.04417283805359451
0.13657900530780925,0.04562271165947661,0.0470080710910058
0.13657900530780925,0.0461011620106094,0.048350807900241155
0.13657900530780925,0.0463246013966334,0.047270953946415006
0.13657900530780925,0.04656488883705188,0.04682482904955021
0.13657900530780925,0.0466291797142288,0.04613993054373333
0.13657900530780925,0.04679654240822886,0.048942767062977954
0.13657900530780925,0.04671700136157875,0.04718972942030131
0.13657900530780925,0.04689180468189899,0.048657832498200326
0.13657900530780925,0.0471841898356769,0.04770251220582877
0.13657900530780925,0.047515652104019646,0.04709804197306777
0.13657900530780925,0.04761577401855362,0.0479713544076068
0.13657900530780925,0.047736189010908245,0.049435881692902695
0.13657900530780925,0.04774426357054368,0.04471476860005963
0.13657900530780925,0.04813996424508915,0.04916813533058095
0.13657900530780925,0.048343927334679765,0.04755853117679332
0.13657900530780925,0.048452397036215886,0.04892273363155053
0.13657900530780925,0.049191051816793924,0.04894235379323797
0.13657900530780925,0.04932109896927448,0.04988372734532465
0.13657900530780925,0.04940837492231576,0.04850955378781541
0.13657900530780925,0.04940779858638426,0.04689656882511384
0.13657900530780925,0.049570722563758565,0.0469408273319073
0.13657900530780925,0.04990627227911192,0.04921718821914456
0.13657900530780925,0.04995890295999351,0.049082001810589526
0.13657900530780925,0.04996739275562559,0.049026357092417094
0.13657900530780925,0.04987923897687596,0.043103590608802866
0.13657900530780925,0.05012706558192681,0.04783158881816829
0.13657900530780925,0.05011714844607601,0.04413847852868158
0.13657900530780925,0.05042288127175971,0.04795848605324604
0.13657900530780925,0.050334747181845295,0.042994341086385224
0.13657900530780925,0.0506567624783589,0.04912350701864432
0.13657900530780925,0.050864339533460964,0.04576532816529477
0.13657900530780925,0.05096759651751576,0.0430556742658591
0.13657900530780925,0.05131233695390703,0.04821595890176211
0.13657900530780925,0.05153785556098829,0.04813104423549597
0.13657900530780925,0.051401476261146106,0.04474306239992609
0.13657900530780925,0.051632285196870194,0.04891868946958622
0.13657900530780925,0.05196964484473455,0.049067779075262274
0.13657900530780925,0.05221559368032558,0.04941055223413304
0.13657900530780925,0.052314846759311605,0.05099042231147133
0.13657900530780925,0.052298728520412965,0.04854520082733038
0.13657900530780925,0.05237339627987494,0.049248550479069286
0.13657900530780925,0.052448686930883615,0.049684158791162836
0.13657900530780925,0.05266119985392333,0.04883783562294164
0.13657900530780925,0.05242441518501326,0.04281506406485713
0.13657900530780925,0.052869575237625366,0.049828120685554755
0.13657900530780925,0.05295317521869762,0.046694009190424435
0.13657900530780925,0.05333880123888729,0.04223740205952964
0.13657900530780925,0.05379742632386425,0.050157687005598306
0.13657900530780925,0.05378419097374689,0.04778935797931172
0.13657900530780925,0.05435331256182757,0.049311766574478666
0.13657900530780925,0.05429854823801909,0.04419347420558162
0.13657900530780925,0.05508525311048483,0.04797609054444851
0.13657900530780925,0.05511263866090954,0.047517538194871145
0.13657900530780925,0.05544944940949374,0.049820354585821125
0.13657900530780925,0.055613806757415805,0.04397638304454177
0.13657900530780925,0.05580446690312462,0.047445451619182344
0.13657900530780925,0.05559068041626422,0.04295383995385427
0.13657900530780925,0.05620532504165579,0.04756591909602803
0.13657900530780925,0.05608927302581916,0.04505850892273411
0.13657900530780925,0.056388496928181424,0.04865320724614419
0.13657900530780925,0.05650991778537544,0.048963323566635575
0.13657900530780925,0.05658182669953221,0.050032557488005724
0.13657900530780925,0.05655164594355219,0.04755711564486231
0.13657900530780925,0.056663380181106435,0.04796566351718612
0.13657900530780925,0.05677320245280466,0.04993255217821313
0.13657900530780925,0.05660734407028913,0.042500130863170726
0.13657900530780925,0.056762933793384686,0.04356028797371858
0.13657900530780925,0.05706735819933871,0.04925686186707523
0.13657900530780925,0.05700114627402182,0.04633478163696969
0.13657900530780925,0.057334462567895664,0.049631845327742785
0.13657900530780925,0.05763131124974817,0.04895349012941197
0.13657900530780925,0.05789234713187007,0.04942236762578911
0.13657900530780925,0.05791926130289147,0.049454926933438115
0.13657900530780925,0.05816272777560651,0.04915828949312806
0.13657900530780925,0.05835559221501653,0.049694376272436114
0.13657900530780925,0.05855997027355851,0.04478238682167679
0.13657900530780925,0.05879187513539356,0.045478592118298966
0.13657900530780925,0.059262656178664774,0.04951748560244773
0.13657900530780925,0.059434040872065295,0.04993346822161038
0.13657900530780925,0.05926509758354617,0.043259673100103924
0.13657900530780925,0.059765978954278355,0.05069821960301435
0.13657900530780925,0.05977518415906351,0.050513806053977595
0.13657900530780925,0.06076813035146001,0.04928850086748737
0.13657900530780925,0.06095357594620027,0.04998366884172911
0.13657900530780925,0.0610312171864078,0.05055966771094633
0.13657900530780925,0.06102808407963568,0.0455584637610581
0.13657900530780925,0.06148249443232841,0.05082525022244555
0.13657900530780925,0.06152890388178719,0.04897786972469187
0.13657900530780925,0.06176544905028281,0.05051536212119978
0.13657900530780925,0.06178283888981009,0.043012791366907055
0.13657900530780925,0.062191689834208336,0.05051740662254334
0.13657900530780925,0.06270731115865551,0.048868126858890304
0.13657900530780925,0.06275434460489478,0.04965468696750386
0.13657900530780925,0.06364650021899,0.04948633217544063
0.13657900530780925,0.06345317213570187,0.04260140844502114
0.13657900530780925,0.06409813716783803,0.050491778124752584
0.13657900530780925,0.06382210558285273,0.04334692742967117
0.13657900530780925,0.06456437165542732,0.05316808908328796
0.13657900530780925,0.06502133333094706,0.050593267151986865
0.13657900530780925,0.06522001362822505,0.05074524277937209
0.13657900530780925,0.06527767182538295,0.05059356114274982
0.13657900530780925,0.06542188654244817,0.04914228741383575
0.13657900530780925,0.06674692733445513,0.048395892844299127
0.13657900530780925,0.06875355108449047,0.0503432385019823
0.13657900530780925,0.06890228424470492,0.0498285050928301
0.13657900530780925,0.0691868196736947,0.050926782218902567
0.13657900530780925,0.0690034805859995,0.04257703713991723
0.13657900530780925,0.0694467464113678,0.04959182723361755
0.13657900530780925,0.06981860169862787,0.049418264352000696
0.13657900530780925,0.07017410715788949,0.04680613458318461
0.13657900530780925,0.07086130062250391,0.04590166823998121
0.13657900530780925,0.07172667508112068,0.05122467227067451
0.13657900530780925,0.07173658535792166,0.05124521805799731
0.13657900530780925,0.07176426724507147,0.05124578430212268
0.13657900530780925,0.07206020225992178,0.041883983012353077
0.13657900530780925,0.07258737676685563,0.0517952563632178
0.13657900530780925,0.07259045534675829,0.05185682796127078
0.13657900530780925,0.07306873344724885,0.05185682796127078
0.13657900530780925,0.07442452493746876,0.050446404997359195
0.13657900530780925,0.07438881984098394,0.04809350382697897
0.13657900530780925,0.07480214478931461,0.04202122717755141
0.13657900530780925,0.0754515893005273,0.05207385386821095
0.13657900530780925,0.07539876548955403,0.050682692538666196
0.13657900530780925,0.07553526789678569,0.052218720340514446
0.13657900530780925,0.07579966087826505,0.04827766717300064
0.13657900530780925,0.07630651396865974,0.05359487332089097
0.13657900530780925,0.07756583029191805,0.05070719830590409
0.13657900530780925,0.07765436689531201,0.05193459064115491
0.13657900530780925,0.07804937236705121,0.05030843353709746
0.13657900530780925,0.07935868911091443,0.05130336119944834
0.13657900530780925,0.07921982693594898,0.048188520462097206
0.13657900530780925,0.07973037398591322,0.050353158411426846
0.13657900530780925,0.07965118790456935,0.04442267236337749
0.13657900530780925,0.08099730067814233,0.05201369169929637
0.13657900530780925,0.08141241699593217,0.05008964700201657
0.13657900530780925,0.08186957988093248,0.052331946291570786
0.13657900530780925,0.08325895402674847,0.04124234956576156
0.13657900530780925,0.0850731890577739,0.05022229460297234
0.13657900530780925,0.08589339805913945,0.0509611960809363
0.13657900530780925,0.08605158838506945,0.05069052275331143
0.13657900530780925,0.08615734866337296,0.04256758630177715
0.13657900530780925,0.08822355762328878,0.0521110669110364
0.13657900530780925,0.08814184349589109,0.04149892921015419
0.13657900530780925,0.09058719613173549,0.048438908737450714
0.13657900530780925,0.0910757704740831,0.041296034155577366
0.13657900530780925,0.09218327225475804,0.05591285797774537
0.13657900530780925,0.09250165499785928,0.0545217263827803
0.13657900530780925,0.09235066200953602,0.050966607453891144
0.13657900530780925,0.09266183653768931,0.05323158424542218
0.13657900530780925,0.0935255193248494,0.05247742712353953
0.13657900530780925,0.09372513277142186,0.05326661903695973
0.13657900530780925,0.09328921304475267,0.041093510525240795
0.13657900530780925,0.09403118618352448,0.05107748768753606
0.13657900530780925,0.09431651531616192,0.04982114606801158
0.13657900530780925,0.0946203196234057,0.053296538782963365
0.13657900530780925,0.09433071714027225,0.04655800056061643
0.13657900530780925,0.09581024084335914,0.05316638501173543
0.13657900530780925,0.09629945260100349,0.05348980565441075
0.13657900530780925,0.09631599606045996,0.05305721078378023
0.13657900530780925,0.09687882314176369,0.053662118084251254
0.13657900530780925,0.09690597903542503,0.05352330346477452
0.13657900530780925,0.097090953918603,0.053479760452010416
0.13657900530780925,0.09682845245330789,0.04140521933785568
0.13657900530780925,0.09755632576643669,0.052386027263119694
0.13657900530780925,0.09850014206690517,0.05082160199750685
0.13657900530780925,0.09939443242955846,0.04559432671684238
0.13657900530780925,0.09959970957130793,0.04914026163135543
0.13657900530780925,0.10115557353976318,0.05276579952426741
0.13657900530780925,0.1012674999149988,0.05294101867287759
0.13657900530780925,0.10129648368351873,0.05105525497996677
0.13657900530780925,0.10209032757624222,0.052102567709912506
0.13657900530780925,0.10212481454900918,0.05175943758275836
0.13657900530780925,0.10223335328756578,0.05126065077458852
0.13657900530780925,0.10261490629115531,0.05258327318628486
0.13657900530780925,0.10274767056981274,0.05367129516433122
0.13657900530780925,0.10311415650183363,0.05390822389981176
0.13657900530780925,0.10304431186477095,0.050061951342614486
0.13657900530780925,0.10336691054079528,0.05318213832008323
0.13657900530780925,0.10348266624758302,0.0537607734145501
0.13657900530780925,0.10347339563528249,0.05333045438936013
0.13657900530780925,0.10358156818567066,0.05353929177084693
0.13657900530780925,0.10420422660008102,0.05270578006572468
0.13657900530780925,0.10431596070691533,0.04898813656873546
0.13657900530780925,0.10462090939826514,0.05196382492238483
0.13657900530780925,0.1048160673925142,0.05387455907982586
0.13657900530780925,0.10484978850431521,0.05399709312449141
0.13657900530780925,0.10524762030681288,0.05330490248483377
0.13657900530780925,0.10529665059853173,0.052252592199245496
0.13657900530780925,0.10554890634642758,0.04878194179490658
0.13657900530780925,0.1058278278842557,0.049025165508170376
0.13657900530780925,0.10600823316146143,0.05091184787127179
0.13657900530780925,0.10636249348909564,0.05441217932635323
0.13657900530780925,0.10634810966092509,0.05348272038709978
0.13657900530780925,0.1067080233302136,0.05159105690298149
0.13657900530780925,0.10680489574235387,0.05223708249358883
0.13657900530780925,0.10715763101042342,0.05297809462618186
0.13657900530780925,0.10724695211438828,0.05427358521332304
0.13657900530780925,0.1080303766055576,0.05357236185948144
0.13657900530780925,0.10859886920044576,0.05378072677177581
0.13657900530780925,0.10904741141783755,0.05327887576670276
0.13657900530780925,0.10859406498022596,0.0413513530890981
0.13657900530780925,0.10958063971179388,0.05417207538966118
0.13657900530780925,0.10949236072545646,0.04896584286408934
0.13657900530780925,0.11010775890541975,0.05440920181379982
0.13657900530780925,0.11001256014894994,0.0515739294760601
0.13657900530780925,0.11053453469125163,0.053693981167025506
0.13657900530780925,0.11008899621866178,0.041358514056191065
0.13657900530780925,0.11073715508205557,0.053869974903819284
0.13657900530780925,0.11085732498258946,0.05377466256521113
0.13657900530780925,0.1110167237614404,0.05391588968846617
0.13657900530780925,0.11087819426726836,0.050797077670592605
0.13657900530780925,0.11125294910482655,0.05622006769905552
0.13657900530780925,0.11155105803010865,0.057897648953381564
0.13657900530780925,0.11207075722452642,0.05460434786674817
0.13657900530780925,0.11183093163072241,0.04462371120173558
0.13657900530780925,0.11177180426321241,0.041640239922264066
0.13657900530780925,0.1137091584330773,0.05421644452312169
0.13657900530780925,0.11395702760596871,0.05431410109247359
0.13657900530780925,0.11405780335169499,0.05372309498661332
0.13657900530780925,0.11354542993391387,0.03961191027995303
0.13657900530780925,0.11494890810157266,0.0534807696181796
0.13657900530780925,0.11521548485327224,0.052750450506155455
0.13657900530780925,0.11522838329840164,0.05275092734331366
0.13657900530780925,0.11570155734447687,0.054347133169049155
0.13657900530780925,0.11605677402098605,0.05299128510368645
0.13657900530780925,0.11650497900457621,0.05510056412300601
0.13657900530780925,0.11649441639694472,0.049231039446249736
0.13657900530780925,0.11661132511646274,0.05153894255760272
0.13657900530780925,0.11701651671109331,0.051598383293172456
0.13657900530780925,0.11747267972035241,0.054574979091253195
0.13657900530780925,0.1176627520392488,0.04937696265815572
0.13657900530780925,0.11806126772336363,0.05235004105463792
0.13657900530780925,0.11836824382304938,0.05459513446221498
0.13657900530780925,0.11828175319913653,0.05137270381175252
0.13657900530780925,0.11884506380238238,0.052450143931425997
0.13657900530780925,0.11914592243155755,0.05328854499144764
0.13657900530780925,0.11914032677504803,0.05063246338780725
0.13657900530780925,0.12007317436109174,0.05430082696528127
0.13657900530780925,0.11997915997247799,0.05095042202989286
0.13657900530780925,0.12071745433753463,0.04554988840208285
0.13657900530780925,0.12138237018647649,0.051550200428068016
0.13657900530780925,0.12161642657051386,0.054866675031753576
0.13657900530780925,0.1217102994770073,0.05229830792211809
0.13657900530780925,0.12204453639038854,0.0516726932639332
0.13657900530780925,0.12206112812156039,0.05175926441316725
0.13657900530780925,0.12254247421104612,0.05373508774412572
0.13657900530780925,0.12287742513612088,0.054818733607424175
0.13657900530780925,0.12345793676553224,0.054206455374904094
0.13657900530780925,0.12424292755036605,0.055200617528091134
0.13657900530780925,0.12397320552129494,0.04801839850984546
0.13657900530780925,0.12564476177874978,0.05303285677803471
0.13657900530780925,0.12589868961940284,0.055373600668409684
0.13657900530780925,0.1259659545390592,0.047762100415163156
0.13657900530780925,0.1260168230352678,0.048645867332633985
0.13657900530780925,0.1279341770544768,0.05573675291740132
0.13657900530780925,0.12838719009887972,0.0526001570099528
0.13657900530780925,0.1284996358624972,0.049965976137714585
0.13657900530780925,0.12898445117388999,0.05232979241975855
0.13657900530780925,0.12899941409469665,0.04778250741564394
0.13657900530780925,0.1291232230127695,0.04820182389596406
0.13657900530780925,0.12966237517909035,0.04722340787204715
0.13657900530780925,0.12995469219075562,0.049160454189011826
0.13657900530780925,0.12982895307674183,0.04094046546036001
0.13657900530780925,0.13031301666553596,0.042309790867574804
0.13657900530780925,0.13104170070728544,0.05492583601483514
0.13657900530780925,0.1314949612883461,0.05911754938612879
0.13657900530780925,0.1311946421592815,0.051376716950669477
0.13657900530780925,0.13161861016194765,0.052339377530354336
0.13657900530780925,0.13190917940484306,0.057109800589062565
0.13657900530780925,0.13207160861537376,0.05078424486222943
0.13657900530780925,0.1324018371077727,0.05625213757848124
0.13657900530780925,0.13252436639609666,0.0523176924548866
0.13657900530780925,0.13270535679463755,0.051071394536731485
0.13657900530780925,0.13291150056816986,0.054751619871555524
0.13657900530780925,0.1326685580084785,0.04872008708416353
0.13657900530780925,0.132837029592418,0.04861223041444018
0.13657900530780925,0.13307155341619153,0.04801702251973616
0.13657900530780925,0.13330327536541284,0.04214019967767535
0.13657900530780925,0.1332021938327168,0.040045113275453126
0.13657900530780925,0.1339329152253713,0.05229163547565885
0.13657900530780925,0.13403938942583177,0.053060087716539917
0.13657900530780925,0.13402579604454856,0.050989205533759296
0.13657900530780925,0.13368790710859052,0.040574597669693624
0.13657900530780925,0.13494718451225488,0.054314277505062014
0.13657900530780925,0.13483877995186175,0.05145525146321395
0.13657900530780925,0.13525789606716498,0.05650281188293904
0.13657900530780925,0.1351221565131633,0.04879854775890269
0.13657900530780925,0.13569137724756158,0.05561754157083987
0.13657900530780925,0.1359898448917462,0.053688644878987724
0.13657900530780925,0.1360106575314019,0.04552302712452905
0.13657900530780925,0.1364377546544651,0.05315731122295453
0.13657900530780925,0.13672205236810198,0.05422665302244334
0.13657900530780925,0.13677451589399423,0.04938999660772281
0.13657900530780925,0.13710373386501884,0.05241870538789961
0.13657900530780925,0.1370154984125463,0.04920421725628654
0.13657900530780925,0.13717907792880216,0.05047892777598095
0.13657900530780925,0.13741791094952688,0.05295440373221805
0.13657900530780925,0.1374122435330924,0.052077371610161904
0.13657900530780925,0.13757300587153057,0.05357135999396756
0.13657900530780925,0.13758708888579604,0.04604070834888774
0.13657900530780925,0.13845595843251418,0.051366288212740474
0.13657900530780925,0.13922368536228483,0.055454120167448884
0.13657900530780925,0.13908037754828592,0.05201408618400771
0.13657900530780925,0.13940500427230043,0.05244141850064943
0.13657900530780925,0.13951969266977682,0.053468056112095264
0.13657900530780925,0.13976501738724717,0.05414371889010472
0.13657900530780925,0.13985341281645347,0.05447309029745917
0.13657900530780925,0.14014578689876644,0.04867448908732641
0.13657900530780925,0.14005296429990297,0.043650326009571416
0.13657900530780925,0.14062092157074582,0.053315627984004466
0.13657900530780925,0.14088833655510508,0.05041318216270163
0.13657900530780925,0.14133779338667343,0.0551215473667116
0.13657900530780925,0.14129001870962193,0.053390353436066906
0.13657900530780925,0.14163178208859784,0.047896002034518936
0.13657900530780925,0.14155300896794193,0.0458974145110419
0.13657900530780925,0.14199850417296642,0.05378912895683796
0.13657900530780925,0.1428064303791858,0.05354627749462615
0.13657900530780925,0.14252699121540136,0.04041122765784422
0.13657900530780925,0.14358107303743983,0.05545679193058306
0.13657900530780925,0.14386026968367877,0.05451760560670349
0.13657900530780925,0.14327003900380683,0.04001653751326539
0.13657900530780925,0.14375175777372906,0.04116847167492799
0.13657900530780925,0.1445528714354397,0.0566330112501946
0.13657900530780925,0.14403876297747817,0.04006458836284488
0.13657900530780925,0.14438380221479488,0.044837481441867055
0.13657900530780925,0.14543068514372276,0.05238877611683568
0.13657900530780925,0.1459349672621531,0.055205801767593043
0.13657900530780925,0.14520861402970692,0.0400519371194471
0.13657900530780925,0.14608600710548406,0.0549686850470954
0.13657900530780925,0.1467081746596556,0.05003027301927465
0.13657900530780925,0.1470681803934386,0.04009363663014942
0.13657900530780925,0.14781982258809145,0.05117772121919739
0.13657900530780925,0.14811101773619972,0.0560097123473422
0.13657900530780925,0.14778217499856872,0.03876004529805677
0.13657900530780925,0.14862249079970055,0.05402946443505363
0.13657900530780925,0.14936557778132778,0.0503459480691566
0.13657900530780925,0.1492595047650834,0.040315343507891344
0.13657900530780925,0.15005461324985925,0.0559485554139737
0.13657900530780925,0.1499212623292974,0.052994361374688714
0.13657900530780925,0.15018041298351506,0.0555556229154901
0.13657900530780925,0.15048314117584985,0.057059876257602005
0.13657900530780925,0.15054205403918455,0.05441778240227679
0.13657900530780925,0.15030635919123275,0.04542046957874213
0.13657900530780925,0.15038778416833243,0.045699941502717056
0.13657900530780925,0.15141057721925502,0.05964357854196978
0.13657900530780925,0.15154171866726687,0.05685672432881039
0.13657900530780925,0.15071903982179094,0.040305967297104006
0.13657900530780925,0.15173746028007878,0.05124171372338593
0.13657900530780925,0.15193648129327234,0.0551088137942396
0.13657900530780925,0.15116734264172166,0.03759686197678047
0.13657900530780925,0.15126423071901776,0.039302631125966436
0.13657900530780925,0.15188058425617226,0.050690183024684754
0.13657900530780925,0.15210650805784054,0.05492286421510706
0.13657900530780925,0.15238411205141447,0.0579083369824972
0.13657900530780925,0.1527514034708512,0.05392399289912242
0.13657900530780925,0.15267739156315274,0.05050865521080439
0.13657900530780925,0.15308800584481894,0.05628207496497073
0.13657900530780925,0.15345732825338515,0.05643062488820205
0.13657900530780925,0.15306215763344966,0.043662019496532256
0.13657900530780925,0.15381385439705209,0.05442086087596598
0.13657900530780925,0.1545247009926522,0.05581171832037124
0.13657900530780925,0.154703083171724,0.05659552891963382
0.13657900530780925,0.1547417385501439,0.05594855223072093
0.13657900530780925,0.15491371983989005,0.05642051199980258
0.13657900530780925,0.15532116433640292,0.05671118034164546
0.13657900530780925,0.15462976551285418,0.04024364256138524
0.13657900530780925,0.1551175674440004,0.04965516696740313
0.13657900530780925,0.15578338709059142,0.056536179609991355
0.13657900530780925,0.15602202384651423,0.0529651828859411
0.13657900530780925,0.15633540774892404,0.056970541843705313
0.13657900530780925,0.15673928184658054,0.05644160913024643
0.13657900530780925,0.1566239437497047,0.053511550203834135
0.13657900530780925,0.15682902797791515,0.05657662577242506
0.13657900530780925,0.15682171250239257,0.050246017777812124
0.13657900530780925,0.1563335195272815,0.03716542091673647
0.13657900530780925,0.15776119561610238,0.05683479158757809
0.13657900530780925,0.15765873678655906,0.05237201291117477
0.13657900530780925,0.15769120798401914,0.051872996194965326
0.13657900530780925,0.15781529292649749,0.05400283517438753
0.13657900530780925,0.15801294391759826,0.05577687231946049
0.13657900530780925,0.15801166044264323,0.04078318054148333
0.13657900530780925,0.15881513681202164,0.052498391758480034
0.13657900530780925,0.15902743488042556,0.05522111180203004
0.13657900530780925,0.15932442338046462,0.05662018063039542
0.13657900530780925,0.15936454066080072,0.05602694869815161
0.13657900530780925,0.15941979524017946,0.056741205305698705
0.13657900530780925,0.15895393144662892,0.04417519816843807
0.13657900530780925,0.15953184368011447,0.052718977480915474
0.13657900530780925,0.15938219868353617,0.04653965113260472
0.13657900530780925,0.15992271784213502,0.05579972986787052
0.13657900530780925,0.15927188057042524,0.03864362638048624
0.13657900530780925,0.15995318265169758,0.051197824737785114
0.13657900530780925,0.16037728979262772,0.056471494722459825
0.13657900530780925,0.16054487039381293,0.05706425291320005
0.13657900530780925,0.16070260122319405,0.056606909591812915
0.13657900530780925,0.1605928056004716,0.05189327716331049
0.13657900530780925,0.1609768461373563,0.05590663522476802
0.13657900530780925,0.16118326708901476,0.056939448140482685
0.13657900530780925,0.16122272424462009,0.05615614550700876
0.13657900530780925,0.16117231291124734,0.05359361701044052
0.13657900530780925,0.16140360728718564,0.050849619889703046
0.13657900530780925,0.16219997924666574,0.05669802524832257
0.13657900530780925,0.1623852534169414,0.05283702569428683
0.13657900530780925,0.16260010896077678,0.05349353760389197
0.13657900530780925,0.1628697586482109,0.05675633980029726
0.13657900530780925,0.16235603830005663,0.03651823042228075
0.13657900530780925,0.16301733541603014,0.038958159653942115
0.13657900530780925,0.16408131491536002,0.051281188891486695
0.13657900530780925,0.16385971592677978,0.04069285325701022
0.13657900530780925,0.1643320363920288,0.04969692983108065
0.13657900530780925,0.16452070689279097,0.0516247546511015
0.13657900530780925,0.1643600184606917,0.04771369103987899
0.13657900530780925,0.16493034512149726,0.04928746822632657
0.13657900530780925,0.16487859337753524,0.046652334483005764
0.13657900530780925,0.16485120069024506,0.03813210922407906
0.13657900530780925,0.16665133507769053,0.0601175171807633
0.13657900530780925,0.16651471880005916,0.04870342314637521
0.13657900530780925,0.1668142239114826,0.051340397899317325
0.13657900530780925,0.16728178154095086,0.05610646270006259
0.13657900530780925,0.16644983602803928,0.03803987274939813
0.13657900530780925,0.16750371342359824,0.0563031261279312
0.13657900530780925,0.1677631447530148,0.05494317341228061
0.13657900530780925,0.16840484376805478,0.0574236425558744
0.13657900530780925,0.16799347073020987,0.046432859682228544
0.13657900530780925,0.16787781661810344,0.04245687357781147
0.13657900530780925,0.1679972746911332,0.04331340219491042
0.13657900530780925,0.16793101317411974,0.04033305499159889
0.13657900530780925,0.1682721509797872,0.04688856445177936
0.13657900530780925,0.16782153109318568,0.03630566636613419
0.13657900530780925,0.16925917388088935,0.054629244117864184
0.13657900530780925,0.16878314286979448,0.03952793546074429
0.13657900530780925,0.1694035337203853,0.04082017041529373
0.13657900530780925,0.16985897839163516,0.045491091440968856
0.13657900530780925,0.17022634237320966,0.051343783308148594
0.13657900530780925,0.16972633394383663,0.036594621350979906
0.13657900530780925,0.17025624476603451,0.04049632764735589
0.13657900530780925,0.17126998017776549,0.03836159720483279
0.13657900530780925,0.1722543264495538,0.05108647445169423
0.13657900530780925,0.17205340204128713,0.04368288225010719
0.13657900530780925,0.17279526050066135,0.05644299726849622
0.13657900530780925,0.17322456106138953,0.052353772329002846
0.13657900530780925,0.17275676263558937,0.038385807936217264
0.13657900530780925,0.17327042327102016,0.0452234417948596
0.13657900530780925,0.1732492311695177,0.03957626044982099
0.13657900530780925,0.17419240102550398,0.04950631136274475
0.13657900530780925,0.17438288554179437,0.048626977127657844
0.13657900530780925,0.1760231536669929,0.04383707795728131
0.13657900530780925,0.17681525893875283,0.05395571174863445
0.13657900530780925,0.17672907238587215,0.049878238666566266
0.13657900530780925,0.17843886510836068,0.057432971709427405
0.13657900530780925,0.1780236603856436,0.04054049886588762
0.13657900530780925,0.17984886515706322,0.05496292248242729
0.13657900530780925,0.17982907518194235,0.05325587509290852
0.13657900530780925,0.18016689914422643,0.05309614617025571
0.13657900530780925,0.18138195660222078,0.04934629322400497
0.13657900530780925,0.18194821572746284,0.05427958646764619
0.13657900530780925,0.18221268216276534,0.05717744136451974
0.13657900530780925,0.18243820447136788,0.05027225631386678
0.13657900530780925,0.1830201769572912,0.05861025277988208
0.13657900530780925,0.18303582750642095,0.0574584694083804
0.13657900530780925,0.1830430145759721,0.04976963041375149
0.13657900530780925,0.1831046717837839,0.04178007302929476
0.13657900530780925,0.18380412077130961,0.05348806619777591
0.13657900530780925,0.1841186624296849,0.0537045288525968
0.13657900530780925,0.18370379785900842,0.043993568685217976
0.13657900530780925,0.18429383181847322,0.05359528167996719
0.13657900530780925,0.18430391977167382,0.04877849947269741
0.13657900530780925,0.18602861896665507,0.060570793600015715
0.13657900530780925,0.18582810958848614,0.05361622747129369
0.13657900530780925,0.18688565169446403,0.04705578039484104
0.13657900530780925,0.18755791874166128,0.049776005656987254
0.13657900530780925,0.18862250461471017,0.057632294197834
0.13657900530780925,0.18873224741712816,0.048320814297357906
0.13657900530780925,0.18947870017850438,0.05515359471554315
0.13657900530780925,0.18981089618571537,0.055117229823148484
0.13657900530780925,0.19042946417857154,0.056805305929054084
0.13657900530780925,0.19093687711355284,0.05596858162239626
0.13657900530780925,0.1914855460610947,0.051782819951458836
0.13657900530780925,0.19166614882556843,0.0534281251797778
0.13657900530780925,0.1922673519859544,0.051479481927511395
0.13657900530780925,0.1928595848515672,0.055463050812050496
0.13657900530780925,0.19279865496943402,0.052570259096695326
0.13657900530780925,0.1931062449519203,0.052428203155563735
0.13657900530780925,0.1933057715800231,0.054552684298390886
0.13657900530780925,0.19379244921151711,0.04881024808343937
0.13657900530780925,0.19487114177600712,0.050643621458829724
0.13657900530780925,0.19595900933245153,0.0588640304948197
0.13657900530780925,0.1957109966138133,0.042147245701272595
0.13657900530780925,0.19623770509663097,0.04867440901923992
0.13657900530780925,0.19750782791819418,0.05616856828559336
0.13657900530780925,0.19720529666713815,0.047345195001602836
0.13657900530780925,0.19835578688128574,0.05525820495430622
0.13657900530780925,0.1986345402288238,0.05448428766579527
0.13657900530780925,0.19866697030859168,0.04610797230125263
0.13657900530780925,0.19866380620444513,0.0457449224657448
0.13657900530780925,0.19940622446705675,0.04947510791629173
0.13657900530780925,0.2000032840205399,0.05204605365965509
0.13657900530780925,0.20019137561886385,0.0533745757211348
0.13657900530780925,0.20032888779212296,0.048191500845607416
0.13657900530780925,0.20041059085894883,0.04819799775188793
0.13657900530780925,0.20116362956420988,0.05711158019998952
0.13657900530780925,0.2009396361672709,0.04410159202897379
0.13657900530780925,0.20229082769114332,0.04743145903329948
0.13657900530780925,0.20289903095177717,0.05751091502329697
0.13657900530780925,0.20311131845125432,0.049934765120297264
0.13657900530780925,0.20349478329721074,0.05203815055981009
0.13657900530780925,0.20392656122744693,0.05349996214951758
0.13657900530780925,0.2039143121179629,0.049641661541433235
0.13657900530780925,0.20511640435758655,0.05390712203219328
0.13657900530780925,0.2049298265954836,0.048414876858273836
0.13657900530780925,0.20509525598777967,0.0476479891186673
0.13657900530780925,0.20630119337858158,0.05110924325730215
0.13657900530780925,0.20722612377776795,0.047822043421562155
0.13657900530780925,0.20769909451958343,0.05281784818144575
0.13657900530780925,0.2078410816706987,0.05286376364417422
0.13657900530780925,0.20791634646589502,0.0500646637618859
0.13657900530780925,0.2093769482019073,0.058150874319958135
0.13657900530780925,0.209301730269899,0.043502163457105
0.13657900530780925,0.2102687094442215,0.06097104559746369
0.13657900530780925,0.21047096806122698,0.05855613275901739
0.13657900530780925,0.21001907724003235,0.04583462132874083
0.13657900530780925,0.21084117095939914,0.05701593265059335
0.13657900530780925,0.21069042935104942,0.04964917473632435
0.13657900530780925,0.21054513687556625,0.04455035056932044
0.13657900530780925,0.21228384371189077,0.05898081217250706
0.13657900530780925,0.212593808468867,0.04156842546630335
0.13657900530780925,0.21345528155657392,0.05852507315098121
0.13657900530780925,0.21365635996782964,0.0554629644076593
0.13657900530780925,0.2137826132121751,0.04202356149295361
0.13657900530780925,0.21533500690539048,0.043437596637821985
0.13657900530780925,0.21662380333778722,0.055682934671869355
0.13657900530780925,0.21676927479753635,0.05839865303815728
0.13657900530780925,0.21700185527977597,0.0556675719108084
0.13657900530780925,0.21774916292808638,0.056488907412077904
0.13657900530780925,0.21829141660355963,0.0367540477869166
0.13657900530780925,0.21937473830652315,0.0499016397951324
0.13657900530780925,0.21923363770054344,0.04432422775083478
0.13657900530780925,0.21980926734121511,0.053319899354717926
0.13657900530780925,0.21988070575916263,0.048701559064561084
0.13657900530780925,0.22035633657883377,0.0580702334481642
0.13657900530780925,0.2202802039628971,0.046612823686325466
0.13657900530780925,0.2212896676677136,0.06108382426884884
0.13657900530780925,0.2207228747427946,0.04690056625690542
0.13657900530780925,0.22160596271823008,0.04466850071805939
0.13657900530780925,0.22203175975708786,0.04908237837551066
0.13657900530780925,0.22272344762969984,0.05739000165533914
0.13657900530780925,0.2222577294016342,0.04475726103219768
0.13657900530780925,0.22254954206157113,0.049954479266202334
0.13657900530780925,0.2238435138142126,0.05838677128563263
0.13657900530780925,0.22449485631056987,0.058348359846972175
0.13657900530780925,0.22450848260263562,0.05733096696496631
0.13657900530780925,0.22455522752007237,0.047909388390244834
0.13657900530780925,0.2250190369230349,0.04518292647106381
0.13657900530780925,0.22586647600097814,0.04932089912886772
0.13657900530780925,0.22675837561778728,0.057678705724173884
0.13657900530780925,0.22678565401320308,0.05605829006519192
0.13657900530780925,0.2262142590509855,0.04453959627227788
0.13657900530780925,0.2270299353673709,0.05614459566653174
0.13657900530780925,0.22685148190137855,0.04384907471520172
0.13657900530780925,0.22760458583327062,0.05576123629904017
0.13657900530780925,0.2277603930404687,0.058269834088515604
0.13657900530780925,0.2276151438860501,0.054453403526233624
0.13657900530780925,0.22788582175286096,0.057474655682418496
0.13657900530780925,0.2272429028065616,0.04342155197996811
0.13657900530780925,0.22822910326693857,0.056520238846419546
0.13657900530780925,0.2285336037256789,0.057015792754616434
0.13657900530780925,0.22774021703329544,0.03509967345894094
0.13657900530780925,0.22908188620120679,0.05822116265321997
0.13657900530780925,0.22952445714413727,0.05062618073295688
0.13657900530780925,0.22932410878369294,0.0420721120291776
0.13657900530780925,0.2301737082998913,0.057403049978423604
0.13657900530780925,0.23040588637997353,0.05669398690351746
0.13657900530780925,0.23043965714398762,0.05707719814973489
0.13657900530780925,0.23056039631134745,0.05665638593932121
0.13657900530780925,0.23089429043088414,0.057847239531703676
0.13657900530780925,0.23150272698371485,0.05745976898541372
0.13657900530780925,0.231161718802076,0.0488866292992699
0.13657900530780925,0.23162003272335932,0.044634736985464274
0.13657900530780925,0.23152569498861073,0.04159318472626894
0.13657900530780925,0.23295273665430152,0.05030293678687714
0.13657900530780925,0.23374099040727078,0.06098969345051386
0.13657900530780925,0.2329760805516853,0.04376583406845813
0.13657900530780925,0.23377579793670716,0.05742283305514573
0.13657900530780925,0.2335508611640306,0.05161957290644148
0.13657900530780925,0.23478529819237376,0.057165187377986815
0.13657900530780925,0.23446614050589215,0.05009447469509176
0.13657900530780925,0.23595233241446514,0.050475005105810156
0.13657900530780925,0.23594345604002248,0.04884189340407041
0.13657900530780925,0.2364947765018272,0.0567346885380442
0.13657900530780925,0.23666768567497837,0.05436601774781058
0.13657900530780925,0.2368700694802851,0.05214052321105134
0.13657900530780925,0.23757169856313168,0.05576909023759524
0.13657900530780925,0.237075318776716,0.04208448228222583
0.13657900530780925,0.23809334929764253,0.05630688204013046
0.13657900530780925,0.23763121436723206,0.0376310976059705
0.13657900530780925,0.2387458271548159,0.045368665496666294
0.13657900530780925,0.23950936642992138,0.04661394977392308
0.13657900530780925,0.23948350769037957,0.04222175567433084
0.13657900530780925,0.23954921750626404,0.04222341879677027
0.13657900530780925,0.23992783797488026,0.04193163693810542
0.13657900530780925,0.2403480955913066,0.04656825252200758
0.13657900530780925,0.24178632451096022,0.055736017968068485
0.13657900530780925,0.24246791953506858,0.04853340633882841
0.13657900530780925,0.24420875418078167,0.050872605549231564
0.13657900530780925,0.24403452366335657,0.04717022512519198
0.13657900530780925,0.24382830122787072,0.039785670776699145
0.13657900530780925,0.2469788627769503,0.0384696626806067
0.13657900530780925,0.2540214954974674,0.06150725026662762
0.13657900530780925,0.25628119433789814,0.04083722366694065
0.13657900530780925,0.2572729165896549,0.05583276346866872
0.13657900530780925,0.258039728208048,0.060042424193589405
0.13657900530780925,0.256952778145896,0.03046672311909071
0.13657900530780925,0.2584243763096866,0.03254609772519623
0.13657900530780925,0.2602174070181381,0.04905046674640867
0.13657900530780925,0.26354416869913605,0.050925085068766696
0.13657900530780925,0.2638687794583679,0.04422943619099018
0.13657900530780925,0.26870735554115766,0.04891552290233925
0.13657900530780925,0.2699249320123037,0.041653478782212594
0.13657900530780925,0.27070730426464995,0.043875569699969086
0.13657900530780925,0.2722521672765045,0.0393627115182561
0.13657900530780925,0.27284966977174663,0.0459200273592576
0.13657900530780925,0.27245681939104704,0.03240972271475284
0.13657900530780925,0.2727447203536594,0.033831256974718116
0.13657900530780925,0.27354272487800346,0.0461648448778218
0.13657900530780925,0.27435109825259146,0.03724969256384958
0.13657900530780925,0.27687728418575286,0.04156900774313654
0.13657900530780925,0.2775916671738914,0.041754139888387276
-0.1413410975251114,-0.043339413119621514,0.05665998585104737
-0.1413410975251114,-0.03492310042004222,0.058284405981324894
-0.1413410975251114,-0.032329564788891166,0.05888942083029236
-0.1413410975251114,-0.02810210965455294,0.059734830744926026
-0.1413410975251114,-0.026444182730705337,0.06009691502207104
-0.1413410975251114,-0.026097909118366295,0.06030749226434018
-0.1413410975251114,-0.025397508234022467,0.060081058144880406
-0.1413410975251114,-0.024500364595331954,0.06037289581293381
-0.1413410975251114,-0.02393359662269838,0.06088157441703346
-0.1413410975251114,-0.02375223477614572,0.06086874349635507
-0.1413410975251114,-0.022159407611051386,0.060383799392755955
-0.1413410975251114,-0.020828727019057275,0.06061745927250728
-0.1413410975251114,-0.020649113463751603,0.06125105088972227
-0.1413410975251114,-0.020290180998436737,0.061369187295667094
-0.1413410975251114,-0.020292896066111028,0.06066413349032618
-0.1413410975251114,-0.020207848756794388,0.060810624192040086
-0.1413410975251114,-0.01937094939688508,0.0615088492084952
-0.1413410975251114,-0.018860463986918208,0.05950374392713853
-0.1413410975251114,-0.018101064247381983,0.06194978971836118
-0.1413410975251114,-0.0178263134053062,0.06144142509213468
-0.1413410975251114,-0.01677811551500021,0.0622303980374711
-0.1413410975251114,-0.015620045614135221,0.0621892549130717
-0.1413410975251114,-0.01421118451832288,0.06043907889141409
-0.1413410975251114,-0.013074837104438203,0.06210151948158327
-0.1413410975251114,-0.012366861947140262,0.06041099159484831
-0.1413410975251114,-0.011530204127557562,0.06326527634768075
-0.1413410975251114,-0.01042017038525353,0.06213011625670217
-0.1413410975251114,-0.009958313668901781,0.059461773279566144
-0.1413410975251114,-0.009029567179241114,0.0629027076165567
-0.1413410975251114,-0.008672196313179486,0.06301397603973569
-0.1413410975251114,-0.007794971572947231,0.06387248789540967
-0.1413410975251114,-0.006742271788525538,0.06118133224451827
-0.1413410975251114,-0.0064658711972207066,0.059826116182231215
-0.1413410975251114,-0.006209833486199733,0.06319677725580197
-0.1413410975251114,-0.005993519209768446,0.06133084857060833
-0.1413410975251114,-0.005927110728533411,0.061125348096116694
-0.1413410975251114,-0.005525228647267927,0.06406993272326988
-0.1413410975251114,-0.005241585096592206,0.0644999689531931
-0.1413410975251114,-0.004950827426135812,0.06412870889172184
-0.1413410975251114,-0.003683108894686929,0.05950179417269241
-0.1413410975251114,-9.165805205261189e-05,0.06001925321937451
-0.1413410975251114,0.001009028664430688,0.06243178747005007
-0.1413410975251114,0.0010387852730065067,0.06216358942438105
-0.1413410975251114,0.0013756398477620096,0.06464028499762564
-0.1413410975251114,0.0013466527236566384,0.06365669620859238
-0.1413410975251114,0.0034877133108403803,0.06519843188016039
-0.1413410975251114,0.004847174490179122,0.06134118255464904
-0.1413410975251114,0.0067265431044574355,0.0659246566930961
-0.1413410975251114,0.006887808241651061,0.06237927276232358
-0.1413410975251114,0.007257771769479925,0.06017730219206985
-0.1413410975251114,0.009536367862934696,0.06423519267955835
-0.1413410975251114,0.010258634692975492,0.06097682234118984
-0.1413410975251114,0.010588793102160831,0.06297028304068619
-0.1413410975251114,0.01442137242363992,0.060475948701363746
-0.1413410975251114,0.014699691889520089,0.06590960311315563
-0.1413410975251114,0.014856823149874725,0.06599381094559886
-0.1413410975251114,0.017746149649503,0.06447650148531314
-0.1413410975251114,0.018556442157963458,0.06851095808779128
-0.1413410975251114,0.01857730266738841,0.06569358552536164
-0.1413410975251114,0.01923673595702004,0.062145207059728924
-0.1413410975251114,0.02007988785594678,0.06768588444852353
-0.1413410975251114,0.02132921752557594,0.06739240254826107
-0.1413410975251114,0.021677036990303718,0.06789119325582138
-0.1413410975251114,0.02187941774875426,0.07024833522713991
-0.1413410975251114,0.021934055697925316,0.06976339307349688
-0.1413410975251114,0.02271406727802293,0.06565070818898511
-0.1413410975251114,0.023042302672248247,0.07016385388161783
-0.1413410975251114,0.023038270044010444,0.06404039096849778
-0.1413410975251114,0.023315400684768204,0.06749336447126275
-0.1413410975251114,0.023794840382915818,0.06557752976828213
-0.1413410975251114,0.026069784710820543,0.06798112263802447
-0.1413410975251114,0.026257256903796815,0.0609871049028583
-0.1413410975251114,0.027013672752408725,0.06816615549713922
-0.1413410975251114,0.027298040853795155,0.06933608700315208
-0.1413410975251114,0.027378660975811493,0.07043130804781539
-0.1413410975251114,0.02777218195927446,0.06846202910629118
-0.1413410975251114,0.027932259367411373,0.07021006904519411
-0.1413410975251114,0.02863836684567272,0.06998868765680333
-0.1413410975251114,0.029005518261201322,0.06858700968787812
-0.1413410975251114,0.029399257498317993,0.06948200905096114
-0.1413410975251114,0.029379110717481307,0.06830486329922814
-0.1413410975251114,0.03034856930055625,0.06847918869616809
-0.1413410975251114,0.03191974682953602,0.06401982141157192
-0.1413410975251114,0.032485717516337866,0.07049043804035382
-0.1413410975251114,0.03280999495819812,0.07044383769354545
-0.1413410975251114,0.03314824893369902,0.06953367947924949
-0.1413410975251114,0.033486990845468634,0.06884935218334798
-0.1413410975251114,0.03368981038084637,0.06434466233903191
-0.1413410975251114,0.034045926462823804,0.07014057361979509
-0.1413410975251114,0.0344061382502942,0.069138701374721
-0.1413410975251114,0.03452326270433376,0.06883440704151178
-0.1413410975251114,0.036005290985149985,0.06940427799473337
-0.1413410975251114,0.035747142775529074,0.06307443960054016
-0.1413410975251114,0.03594789591033322,0.061578765736809316
-0.1413410975251114,0.03642732906665297,0.07056851720414958
-0.1413410975251114,0.036706770919228686,0.07054139908293355
-0.1413410975251114,0.03679872508090678,0.07024487236447674
-0.1413410975251114,0.03682167472421483,0.07056104891661064
-0.1413410975251114,0.03715651747475821,0.07028757252153894
-0.1413410975251114,0.037145140045856326,0.06942752455299661
-0.1413410975251114,0.0373006017933579,0.06958701873024165
-0.1413410975251114,0.03767931687388368,0.07055801729296862
-0.1413410975251114,0.03766250823182864,0.06956174402104431
-0.1413410975251114,0.037762969145769223,0.0704062762869172
-0.1413410975251114,0.03780660400258149,0.07060060742032837
-0.1413410975251114,0.03779071782235291,0.06970019603983946
-0.1413410975251114,0.037894665557561,0.07049615226406958
-0.1413410975251114,0.037927732890981676,0.07070466288844546
-0.1413410975251114,0.03800958908857221,0.07054115360995583
-0.1413410975251114,0.03807838003672677,0.06952131840468045
-0.1413410975251114,0.03806768651216754,0.06852114017309541
-0.1413410975251114,0.038310001236102446,0.06947535637864721
-0.1413410975251114,0.0384199627361258,0.07066030565246129
-0.1413410975251114,0.038510391819134404,0.06941563612290336
-0.1413410975251114,0.03871203599752801,0.07030796401711803
-0.1413410975251114,0.03873252743355015,0.06969159156862947
-0.1413410975251114,0.03878104067876902,0.07032630565975562
-0.1413410975251114,0.039563700918348176,0.07077789006671042
-0.1413410975251114,0.039703355317639306,0.07044454825330781
-0.1413410975251114,0.03967274447229437,0.06890776577840385
-0.1413410975251114,0.03990156223323874,0.06892114702115593
-0.1413410975251114,0.03999124769895414,0.0696238111884303
-0.1413410975251114,0.04043040925607202,0.070293476328679
-0.1413410975251114,0.040615864587974226,0.07038249231308535
-0.1413410975251114,0.040642279566044846,0.07078514400420599
-0.1413410975251114,0.040539772187715754,0.06808609156798384
-0.1413410975251114,0.04078961926769738,0.07079974714217596
-0.1413410975251114,0.04086723786447987,0.069758254757744
-0.1413410975251114,0.040942716446487205,0.07052789297866091
-0.1413410975251114,0.04106277897559012,0.07053843253599834
-0.1413410975251114,0.04131855572581358,0.07018581014777292
-0.1413410975251114,0.041379976502479675,0.06975503063844635
-0.1413410975251114,0.041953378257760514,0.06988771673910543
-0.1413410975251114,0.041887632469523824,0.06714581199684466
-0.1413410975251114,0.04256015975801672,0.07000333273559212
-0.1413410975251114,0.042627537268360646,0.06995197581946777
-0.1413410975251114,0.04274401123389875,0.07023182484796553
-0.1413410975251114,0.042764028742426255,0.06993359020917611
-0.1413410975251114,0.04291709695720458,0.0703679430508759
-0.1413410975251114,0.04296319820876846,0.07005622379153331
-0.1413410975251114,0.04304049347849673,0.0700686580917913
-0.1413410975251114,0.043134675867361125,0.07073537325525159
-0.1413410975251114,0.04380654364728545,0.06327599918684157
-0.1413410975251114,0.04444113178441738,0.0711545245791847
-0.1413410975251114,0.04444319353183487,0.07003258452623407
-0.1413410975251114,0.04454129488316858,0.06973465068734974
-0.1413410975251114,0.044640085566227956,0.07013373956925417
-0.1413410975251114,0.04480876632420379,0.0699711602232197
-0.1413410975251114,0.04529940243516163,0.07036885327426479
-0.1413410975251114,0.04573510269667818,0.07077502079065179
-0.1413410975251114,0.04581281213566426,0.07032541722460228
-0.1413410975251114,0.04586108363429458,0.06622412861948201
-0.1413410975251114,0.045842663700205226,0.06430185139116451
-0.1413410975251114,0.04636755003272234,0.07033037602551717
-0.1413410975251114,0.046378738264109834,0.06602356034578305
-0.1413410975251114,0.04722619172370045,0.07047528256220459
-0.1413410975251114,0.04744621491169346,0.07020272167509123
-0.1413410975251114,0.04757406513228246,0.07028476407467621
-0.1413410975251114,0.04758220681483184,0.07025349821467675
-0.1413410975251114,0.0485697292871464,0.07037139297412354
-0.1413410975251114,0.04857830326531686,0.07036781627535815
-0.1413410975251114,0.04886116415076368,0.06966198566391302
-0.1413410975251114,0.048958229416959945,0.07031159645680751
-0.1413410975251114,0.04886140477028287,0.06536635285468051
-0.1413410975251114,0.048854609626381475,0.06435687151840219
-0.1413410975251114,0.049210973259259834,0.06723684078491265
-0.1413410975251114,0.04946191134757025,0.07043241853144089
-0.1413410975251114,0.04968038631769935,0.07039652835982457
-0.1413410975251114,0.04981618401896578,0.0705143752783286
-0.1413410975251114,0.04996347574018352,0.0704536779119378
-0.1413410975251114,0.0502977857388658,0.07154511167269728
-0.1413410975251114,0.050444093975728556,0.06718446541662881
-0.1413410975251114,0.05110684618946288,0.07111973277436812
-0.1413410975251114,0.05172833544971741,0.07197230913064778
-0.1413410975251114,0.051765450587083615,0.07065115087118756
-0.1413410975251114,0.05187081495661297,0.07032860981347411
-0.1413410975251114,0.0519015992489581,0.07090859317962406
-0.1413410975251114,0.05213539700056906,0.07355117565114544
-0.1413410975251114,0.05202015832361737,0.07107221132284991
-0.1413410975251114,0.052154613380687026,0.0706933367342728
-0.1413410975251114,0.052248829225182,0.07175539884187054
-0.1413410975251114,0.052565375911279154,0.06432261158039443
-0.1413410975251114,0.0533947644231499,0.07102633476793474
-0.1413410975251114,0.05411815257242438,0.06790331961060703
-0.1413410975251114,0.055607907283178305,0.06978451237455319
-0.1413410975251114,0.05578295498810546,0.07172054745257961
-0.1413410975251114,0.05800365287227801,0.06592662938510041
-0.1413410975251114,0.05850913676638927,0.06665775489268344
-0.1413410975251114,0.058648572613091005,0.06472323358664323
-0.1413410975251114,0.05903870798752155,0.07155357242420368
-0.1413410975251114,0.05904846076715875,0.07156563003994476
-0.1413410975251114,0.06020694463598632,0.07127279113645324
-0.1413410975251114,0.06032731693768005,0.0715464174167374
-0.1413410975251114,0.060865554524169356,0.07209276654315133
-0.1413410975251114,0.061252628928887255,0.07278899024148455
-0.1413410975251114,0.06192078933985736,0.07250642879308022
-0.1413410975251114,0.06338097498914086,0.07505669089029654
-0.1413410975251114,0.06342194209829527,0.07182747143532797
-0.1413410975251114,0.0640360992532273,0.0721384824850343
-0.1413410975251114,0.06403689818646877,0.06563045715216209
-0.1413410975251114,0.06424922153740889,0.06917200211890517
-0.1413410975251114,0.06496067902546575,0.0735906782553305
-0.1413410975251114,0.06558380330697561,0.07221719040824459
-0.1413410975251114,0.06614573605957799,0.06532170689720651
-0.1413410975251114,0.06621157535019688,0.06532528317589303
-0.1413410975251114,0.06639294007973748,0.06757753032788716
-0.1413410975251114,0.06785650103113022,0.06463602951438585
-0.1413410975251114,0.06828074451354055,0.07192983486478999
-0.1413410975251114,0.06982707540316391,0.07280955670177103
-0.1413410975251114,0.07027390587881195,0.07273041082034437
-0.1413410975251114,0.07021638660395269,0.07043153974894578
-0.1413410975251114,0.07240118908110017,0.07258957680256906
-0.1413410975251114,0.07289147361826195,0.07269767324054532
-0.1413410975251114,0.07341490606075171,0.06654260404301082
-0.1413410975251114,0.07382101369877062,0.0684406426256624
-0.1413410975251114,0.07421489128219774,0.06490174862349551
-0.1413410975251114,0.0748907849776462,0.06876570798905346
-0.1413410975251114,0.07540935089856979,0.07536207794184857
-0.1413410975251114,0.0749747912794925,0.06419083436547268
-0.1413410975251114,0.07629203786512678,0.07088922686135646
-0.1413410975251114,0.07728782485764749,0.07290309448971921
-0.1413410975251114,0.07703099367311479,0.06660030735966926
-0.1413410975251114,0.0781439674999875,0.07373357557713656
-0.1413410975251114,0.07813010298680262,0.06971165226381282
-0.1413410975251114,0.07892090881654815,0.07395990066457514
-0.1413410975251114,0.07917024911016356,0.06632395879502406
-0.1413410975251114,0.07946080678690438,0.06990275787511269
-0.1413410975251114,0.07970811229867418,0.07249299574413948
-0.1413410975251114,0.08127004446273536,0.07365130984975965
-0.1413410975251114,0.08308123127141293,0.07401492139840016
-0.1413410975251114,0.08443196618818008,0.07247794617138503
-0.1413410975251114,0.08579220688303606,0.06489307577139558
-0.1413410975251114,0.08784856358750988,0.07033200825450414
-0.1413410975251114,0.08805742411387783,0.07218404693378289
-0.1413410975251114,0.0877955671766128,0.06682076378922142
-0.1413410975251114,0.08777186866968209,0.06467123691414134
-0.1413410975251114,0.08805704104067319,0.06513934082755024
-0.1413410975251114,0.08871911296474337,0.07395529061976092
-0.1413410975251114,0.08978855535589139,0.07370561125477382
-0.1413410975251114,0.08963658576498668,0.06650025498772216
-0.1413410975251114,0.08988755484234716,0.06972826476694594
-0.1413410975251114,0.0901777975187139,0.07320432828078094
-0.1413410975251114,0.09048826653743659,0.07263699254484635
-0.1413410975251114,0.09077344126213796,0.07440604516702276
-0.1413410975251114,0.09074099389940114,0.0736416794112793
-0.1413410975251114,0.09092684035294904,0.0735836882430897
-0.1413410975251114,0.09203686349304009,0.07324118067646712
-0.1413410975251114,0.09301378896537929,0.07677085213124646
-0.1413410975251114,0.09394074883727126,0.07410373006434268
-0.1413410975251114,0.09447099404343454,0.07409863122865645
-0.1413410975251114,0.09595489181412503,0.07392457082705028
-0.1413410975251114,0.09652560628097218,0.07448098080278343
-0.1413410975251114,0.09839056416624882,0.07338494474168711
-0.1413410975251114,0.09870512201830056,0.07425087699363775
-0.1413410975251114,0.09900469879004667,0.07470675066637411
-0.1413410975251114,0.09989031023921602,0.0747543916587643
-0.1413410975251114,0.10258649217247909,0.07455267494926321
-0.1413410975251114,0.1032933275262916,0.07411957897685006
-0.1413410975251114,0.10337476435489755,0.07478416607921567
-0.1413410975251114,0.10340182273170412,0.07314573072598007
-0.1413410975251114,0.10361116702420071,0.07590699529915146
-0.1413410975251114,0.10386108906996441,0.0747681709505591
-0.1413410975251114,0.10453142553331726,0.07472977088841382
-0.1413410975251114,0.10476652277455228,0.07094792582559384
-0.1413410975251114,0.10528670058315807,0.06889635173224606
-0.1413410975251114,0.10589563170891655,0.07442794889353965
-0.1413410975251114,0.10575175564929276,0.06635545231250983
-0.1413410975251114,0.1065124805446989,0.06663902361536322
-0.1413410975251114,0.10742003189624404,0.07400631919232936
-0.1413410975251114,0.10821171917773909,0.07407664135689507
-0.1413410975251114,0.10829139594224073,0.0747980021224125
-0.1413410975251114,0.108660314766813,0.07480267535454832
-0.1413410975251114,0.1086251143198228,0.06766696648478943
-0.1413410975251114,0.10909242091614774,0.07087881830142129
-0.1413410975251114,0.11118168027818187,0.0747390338399806
-0.1413410975251114,0.11120801430760222,0.07424373360493808
-0.1413410975251114,0.11155756117045844,0.0744533751975417
-0.1413410975251114,0.11218874648400581,0.0743565337598745
-0.1413410975251114,0.11320047923047541,0.07449545156827564
-0.1413410975251114,0.11356886917571749,0.07470343661028966
-0.1413410975251114,0.1150808522794576,0.07564676618859068
-0.1413410975251114,0.11529822504316138,0.07513811556167282
-0.1413410975251114,0.11537311726446571,0.07479764670734435
-0.1413410975251114,0.11567782582692605,0.07503878388193408
-0.1413410975251114,0.1158931287526572,0.07465632734386052
-0.1413410975251114,0.11599865202901989,0.0746587364301492
-0.1413410975251114,0.11639572687989283,0.07490515657201868
-0.1413410975251114,0.11675540626026144,0.07524901716532684
-0.1413410975251114,0.11702861935869992,0.07488313025558357
-0.1413410975251114,0.11769912969130164,0.0756008297371733
-0.1413410975251114,0.12005168203836072,0.07830798874183342
-0.1413410975251114,0.12112413469353452,0.07559081689045488
-0.1413410975251114,0.12136600483590744,0.07463637836401016
-0.1413410975251114,0.12201295353773037,0.07557170591308915
-0.1413410975251114,0.12209147719634571,0.07447434272189912
-0.1413410975251114,0.12232037718262094,0.07489103601608083
-0.1413410975251114,0.12275538448615368,0.06681335528869292
-0.1413410975251114,0.12344241168795217,0.07179979506063372
-0.1413410975251114,0.12365703831818374,0.06775386903606728
-0.1413410975251114,0.12405144244757055,0.07485045554376812
-0.1413410975251114,0.12437199258915181,0.06903056875620706
-0.1413410975251114,0.12498606044651696,0.07670988101230947
-0.1413410975251114,0.12560762691386682,0.06815908640034951
-0.1413410975251114,0.1263763360760129,0.07553618970637543
-0.1413410975251114,0.12740782314884913,0.0761226398723236
-0.1413410975251114,0.12831739947275833,0.07647569978103619
-0.1413410975251114,0.12817568374955376,0.07194694801501833
-0.1413410975251114,0.12962864914788574,0.07588991566198533
-0.1413410975251114,0.1299090995389599,0.07585546989673242
-0.1413410975251114,0.13167941775275324,0.07549690144528987
-0.1413410975251114,0.13181120644137787,0.0756274449785902
-0.1413410975251114,0.13324972226728757,0.07460287251355535
-0.1413410975251114,0.13335887381163633,0.07479206715493547
-0.1413410975251114,0.1348555279169358,0.0765991303093605
-0.1413410975251114,0.1355216411580639,0.07747713788371591
-0.1413410975251114,0.13601232927125456,0.07575921095359128
-0.1413410975251114,0.13609133180488017,0.07596887510221018
-0.1413410975251114,0.13650949860704567,0.07603838932987783
-0.1413410975251114,0.1371411439643502,0.07664318036406692
-0.1413410975251114,0.13734641009102008,0.0746443209159352
-0.1413410975251114,0.1374303789621784,0.07503431744936129
-0.1413410975251114,0.1379779540096223,0.07657034970459353
-0.1413410975251114,0.1402603881534583,0.07220599296832186
-0.1413410975251114,0.14054040759985834,0.07387326646480219
-0.1413410975251114,0.1403739341147959,0.06778606481271676
-0.1413410975251114,0.1409066374320057,0.07725905811880773
-0.1413410975251114,0.14084561347112987,0.06831564475253027
-0.1413410975251114,0.14102843677755258,0.06730488755381481
-0.1413410975251114,0.1417545291929758,0.07715020115869342
-0.1413410975251114,0.1420963522624389,0.07146985760819913
-0.1413410975251114,0.14337586264113186,0.07459660101501009
-0.1413410975251114,0.14403024705786513,0.07423107491560221
-0.1413410975251114,0.14401167605483964,0.06993354323578937
-0.1413410975251114,0.14478467745731455,0.07845528514919287
-0.1413410975251114,0.14482428523461005,0.07730036952304431
-0.1413410975251114,0.14637973712425825,0.07794480570448736
-0.1413410975251114,0.14778864627335628,0.07200581689608343
-0.1413410975251114,0.14948598236881608,0.07253041510858649
-0.1413410975251114,0.14987060541403388,0.07691224973310962
-0.1413410975251114,0.14986524124482423,0.07377613071032052
-0.1413410975251114,0.15120612391441304,0.06882533978567607
-0.1413410975251114,0.1518101744550848,0.06860466360209772
-0.1413410975251114,0.15217280767018979,0.07464162774499195
-0.1413410975251114,0.15327469408153976,0.07277498197445287
-0.1413410975251114,0.1536494761382987,0.07741827287894987
-0.1413410975251114,0.1537783387399889,0.07793755828925386
-0.1413410975251114,0.15399542251892587,0.0768756969359412
-0.1413410975251114,0.1536304279730844,0.06822975514013163
-0.1413410975251114,0.15415683483907008,0.07603871625742831
-0.1413410975251114,0.15454145413716064,0.07564366817346524
-0.1413410975251114,0.15461096366312502,0.0695788090085172
-0.1413410975251114,0.15495308733169982,0.07166884983123467
-0.1413410975251114,0.15543009128147964,0.0757607013469902
-0.1413410975251114,0.15627531443411696,0.07866377991793305
-0.1413410975251114,0.15627512950890754,0.07303914814453893
-0.1413410975251114,0.1564427414853941,0.0704234290683241
-0.1413410975251114,0.1589523027970798,0.07665896230100844
-0.1413410975251114,0.15939410279348462,0.07708706588784242
-0.1413410975251114,0.1596228453754276,0.07214374145196756
-0.1413410975251114,0.16020784230225021,0.07966229226902022
-0.1413410975251114,0.16014371522066484,0.07678995653393361
-0.1413410975251114,0.1600037086639237,0.07232339393272647
-0.1413410975251114,0.16115231224523796,0.06966970032615027
-0.1413410975251114,0.16170476022107766,0.06928999192452479
-0.1413410975251114,0.16194058966164193,0.07027482417627195
-0.1413410975251114,0.1622428336294684,0.07600851902703742
-0.1413410975251114,0.16257976339734861,0.07050167428386689
-0.1413410975251114,0.16277202315174194,0.07381255722955937
-0.1413410975251114,0.16321774056545668,0.0763763514932696
-0.1413410975251114,0.1630750183858297,0.07231933778989819
-0.1413410975251114,0.16304438557521797,0.07147560848596135
-0.1413410975251114,0.1637414753881652,0.07885912776095283
-0.1413410975251114,0.1641922762296485,0.07664571679810994
-0.1413410975251114,0.16413651454549052,0.06987396643440269
-0.1413410975251114,0.16449419145011618,0.07697948419850997
-0.1413410975251114,0.16464614557649224,0.07699528666093014
-0.1413410975251114,0.1648711220957023,0.07818208961803841
-0.1413410975251114,0.16514269042415042,0.07921067670789517
-0.1413410975251114,0.1653262727421925,0.07708833550190897
-0.1413410975251114,0.16590688323651143,0.07870817757519655
-0.1413410975251114,0.16606540951187784,0.07829829896632234
-0.1413410975251114,0.1664383238298561,0.06917457904846436
-0.1413410975251114,0.1666688082099465,0.07196853292100436
-0.1413410975251114,0.16727699838171733,0.07811615370904934
-0.1413410975251114,0.16868615591157127,0.07577858800584059
-0.1413410975251114,0.1689364264448683,0.06963444447038258
-0.1413410975251114,0.16961845251746194,0.07860088132518661
-0.1413410975251114,0.16942009127865937,0.06954046444474693
-0.1413410975251114,0.17060606734838565,0.07708503124174815
-0.1413410975251114,0.17061244815259938,0.07711439677619303
-0.1413410975251114,0.17054500844490034,0.07564506032768825
-0.1413410975251114,0.17060392555331302,0.07672443706678034
-0.1413410975251114,0.17118835983652636,0.07624054195022956
-0.1413410975251114,0.1715028857130073,0.07681722059333684
-0.1413410975251114,0.17132344443852499,0.07231117821072164
-0.1413410975251114,0.17178346488559748,0.07525289416693448
-0.1413410975251114,0.17228309827023236,0.07653706820713746
-0.1413410975251114,0.17368198977590715,0.07708658224425746
-0.1413410975251114,0.1753497462873975,0.0769203761928533
-0.1413410975251114,0.17547321204504693,0.0785060911742178
-0.1413410975251114,0.17669680188193373,0.07967729138913093
-0.1413410975251114,0.17682061516788658,0.06932006195060925
-0.1413410975251114,0.17737177022984071,0.07486420175858499
-0.1413410975251114,0.17767730450600525,0.07987243486357021
-0.1413410975251114,0.17740154409080414,0.07074699258341699
-0.1413410975251114,0.1799648455409808,0.07529605158594432
-0.1413410975251114,0.1810001497491741,0.0799621676788893
-0.1413410975251114,0.18090828177471138,0.07084781915512128
-0.1413410975251114,0.18302785646494366,0.07694515996426188
-0.1413410975251114,0.18298459056721095,0.07564794678192377
-0.1413410975251114,0.1835152933666796,0.07570999306254156
-0.1413410975251114,0.18463107072962023,0.07672759640690496
-0.1413410975251114,0.18528922154757904,0.07700105615389263
-0.1413410975251114,0.1854776494819935,0.07890408431353946
-0.1413410975251114,0.18554917863786416,0.07017986108575536
-0.1413410975251114,0.18615498339937778,0.07933767298867733
-0.1413410975251114,0.18783391644772165,0.08001357742040482
-0.1413410975251114,0.1884835715052871,0.07608221941031412
-0.1413410975251114,0.18856863375745825,0.07678744254372216
-0.1413410975251114,0.18919199684745838,0.07154808547668634
-0.1413410975251114,0.19079084216764114,0.08028196867714255
-0.1413410975251114,0.19072024882749075,0.07661243815046304
-0.1413410975251114,0.19105301013593048,0.08006739797644158
-0.1413410975251114,0.19095206138805954,0.076802973532903
-0.1413410975251114,0.1909507429332584,0.07612233340963126
-0.1413410975251114,0.19112701770971713,0.07611696899160147
-0.1413410975251114,0.19246411594759788,0.07662619975884533
-0.1413410975251114,0.19317909050315926,0.07729317690707305
-0.1413410975251114,0.19330774642568538,0.07146351880647339
-0.1413410975251114,0.19506161715311382,0.07706843373220962
-0.1413410975251114,0.19551258751309222,0.07705307569400544
-0.1413410975251114,0.1956798993002092,0.07380833415377175
-0.1413410975251114,0.19644647991214714,0.07563470631163349
-0.1413410975251114,0.19705536703009413,0.07663063432606176
-0.1413410975251114,0.19692389348637374,0.07050362157399304
-0.1413410975251114,0.1986354937721917,0.07489913342058296
-0.1413410975251114,0.20237391952156877,0.07660709841242275
-0.1413410975251114,0.2032685385618573,0.08020816975657541
-0.1413410975251114,0.20357244252272033,0.08013533750983337
-0.1413410975251114,0.20368599711113794,0.08048202513260838
-0.1413410975251114,0.20414646702016503,0.07975698043858326
-0.1413410975251114,0.20409690770591538,0.07562461856904656
-0.1413410975251114,0.2055563148130761,0.07681794297667632
-0.1413410975251114,0.2065440893366299,0.0759975341076673
-0.1413410975251114,0.2070951915710593,0.07509817923343376
-0.1413410975251114,0.207187728633239,0.07581904890538194
-0.1413410975251114,0.20882150077935996,0.0718052115740575
-0.1413410975251114,0.21001653352722902,0.07715838963704402
-0.1413410975251114,0.21028642441804535,0.07453977967118242
-0.1413410975251114,0.21126047562395564,0.07652336906007784
-0.1413410975251114,0.21192774685383728,0.0768154239416109
-0.1413410975251114,0.21331414656188152,0.08046256514599714
-0.1413410975251114,0.21369555328643117,0.0801939271226696
-0.1413410975251114,0.21355818686671638,0.07502610226952311
-0.1413410975251114,0.21401495865340164,0.07342858444244593
-0.1413410975251114,0.21441230454117666,0.08003422829056928
-0.1413410975251114,0.2147411592598229,0.07653488914516682
-0.1413410975251114,0.2150700977273835,0.079674731865638
-0.1413410975251114,0.21486949763583557,0.07094115054053929
-0.1413410975251114,0.21526094648483282,0.07531280830118825
-0.1413410975251114,0.21532699088287566,0.07500963669176519
-0.1413410975251114,0.21555997241482835,0.07547332613490088
-0.1413410975251114,0.21687824025972613,0.07269916181221403
-0.1413410975251114,0.21749223710243729,0.07491501259035682
-0.1413410975251114,0.2181198933365151,0.07575178774527624
-0.1413410975251114,0.21814421054146735,0.0757497015827091
-0.1413410975251114,0.2196451201973054,0.07669088675677782
-0.1413410975251114,0.22033363262320527,0.07491936969925461
-0.1413410975251114,0.22100802386564225,0.07567879821851586
-0.1413410975251114,0.22085818230703733,0.07111881077528215
-0.1413410975251114,0.22137763159927445,0.08027813577020415
-0.1413410975251114,0.22147995525300757,0.08007094958856842
-0.1413410975251114,0.22168891274631278,0.08007014492586395
-0.1413410975251114,0.22184291223938146,0.07532699889443628
-0.1413410975251114,0.22229058824814746,0.07964982683141819
-0.1413410975251114,0.22270469818390753,0.07547809582141007
-0.1413410975251114,0.22268810100043882,0.07486108713753548
-0.1413410975251114,0.22496397960843664,0.07551628918357833
-0.1413410975251114,0.22515410707610892,0.07264657709952471
-0.1413410975251114,0.22587529515818916,0.07309131864483975
-0.1413410975251114,0.22612290387474618,0.07328800045229256
-0.1413410975251114,0.22614424032421304,0.0734692066341629
-0.1413410975251114,0.22628672671766475,0.07346318656504058
-0.1413410975251114,0.22665104417424825,0.07326542861067042
-0.1413410975251114,0.22731114766863936,0.07445850260810671
-0.1413410975251114,0.2277414691325694,0.07304961790502384
-0.1413410975251114,0.22775062624841969,0.07306395224216522
-0.1413410975251114,0.22831955843349236,0.07997867491726274
-0.1413410975251114,0.22800309286739184,0.07276883169975301
-0.1413410975251114,0.2284741961724473,0.0733591900796483
-0.1413410975251114,0.22853437958926365,0.07378256891513046
-0.1413410975251114,0.22942867569939876,0.07985041293337947
-0.1413410975251114,0.22954445248079036,0.07580901731771972
-0.1413410975251114,0.22960323362248738,0.07417174403900428
-0.1413410975251114,0.22968925660626668,0.07413712543469686
-0.1413410975251114,0.2301095305629393,0.07358545140364237
-0.1413410975251114,0.2302239703021042,0.07215785027243882
-0.1413410975251114,0.230440501846521,0.07376271852042993
-0.1413410975251114,0.23056765907518623,0.07426291373561134
-0.1413410975251114,0.2308741898644518,0.07941224505715017
-0.1413410975251114,0.23075115943570254,0.07537743658935703
-0.1413410975251114,0.2307795185330046,0.07417149432368209
-0.1413410975251114,0.23127515946875904,0.075143765842422
-0.1413410975251114,0.23167387940025688,0.07402201133375397
-0.1413410975251114,0.23188112570785435,0.07242096434582967
-0.1413410975251114,0.2324574309429606,0.07376609464416473
-0.1413410975251114,0.23244583821281864,0.07101189892599147
-0.1413410975251114,0.23310373936986237,0.07281478581663126
-0.1413410975251114,0.2330972771186622,0.07208690379606597
-0.1413410975251114,0.23369418399194727,0.07214679387638623
-0.1413410975251114,0.23376707880569902,0.07196200387372542
-0.1413410975251114,0.23400361796282762,0.07221082527883171
-0.1413410975251114,0.23468047410983256,0.07997631653325166
-0.1413410975251114,0.23455301739858855,0.07256564064172433
-0.1413410975251114,0.23473511922987902,0.07482527647371184
-0.1413410975251114,0.23528563437093886,0.0728117104404532
-0.1413410975251114,0.23567372529294597,0.07458162923323863
-0.1413410975251114,0.23555649035103624,0.07184454087683845
-0.1413410975251114,0.23589535331870334,0.07191302474078132
-0.1413410975251114,0.23642760530128196,0.07962139393780432
-0.1413410975251114,0.2360814851440734,0.07209176551933527
-0.1413410975251114,0.23643360467013827,0.0728792007343928
-0.1413410975251114,0.23643482866510776,0.07192374798148327
-0.1413410975251114,0.2365105968969844,0.07231599014554402
-0.1413410975251114,0.23850102824553196,0.07907709030914656
-0.1413410975251114,0.24062298931831003,0.07488440099545735
-0.19961021293176567,-0.04225965819153516,0.23028276597516917
-0.19961021293176567,-0.03669964931632987,0.2313987077327292
-0.19961021293176567,-0.03490770584442085,0.2312527339727397
-0.19961021293176567,-0.03180945698936386,0.23017707571791923
-0.19961021293176567,-0.030942114032350324,0.23377239559172114
-0.19961021293176567,-0.02874196435553593,0.23439784217808213
-0.19961021293176567,-0.028641226910836634,0.232067363428626
-0.19961021293176567,-0.028469364648024038,0.23210956856104636
-0.19961021293176567,-0.02752651426104058,0.23062070262658507
-0.19961021293176567,-0.02608610984923081,0.23244690657285894
-0.19961021293176567,-0.02481207949380426,0.23007181683352596
-0.19961021293176567,-0.02108713124849811,0.23056821341962663
-0.19961021293176567,-0.02048170367854466,0.23331214365744013
-0.19961021293176567,-0.018140320314530042,0.23365001135380237
-0.19961021293176567,-0.01738549065751223,0.23672759343048466
-0.19961021293176567,-0.016228406247639677,0.23578419850304233
-0.19961021293176567,-0.01414280658753746,0.23249942581465677
-0.19961021293176567,-0.012667232791217353,0.23056487718028051
-0.19961021293176567,-0.01142206013552366,0.23382395007136603
-0.19961021293176567,-0.00814067405272666,0.2319370001116221
-0.19961021293176567,-0.0069644377477045185,0.2345627129193193
-0.19961021293176567,-0.0067533462637500595,0.2364025192250735
-0.19961021293176567,-0.0037036847334985,0.2311191301172748
-0.19961021293176567,-0.000864893319044059,0.2384953812433389
-0.19961021293176567,-0.0003244079161927036,0.23572283926184623
-0.19961021293176567,0.0004645676002078172,0.2386338299441102
-0.19961021293176567,0.0015424958692637186,0.23288213925106804
-0.19961021293176567,0.0025901273363307057,0.2396818178552329
-0.19961021293176567,0.003024514717195584,0.23803315119247614
-0.19961021293176567,0.007076646209582442,0.23575886130354817
-0.19961021293176567,0.007788574716316656,0.23791324435469285
-0.19961021293176567,0.00878349908486049,0.23776620489872247
-0.19961021293176567,0.01032689701458769,0.23160951079204017
-0.19961021293176567,0.01382395461985503,0.24186143830134943
-0.19961021293176567,0.017415245774443817,0.23560513348157452
-0.19961021293176567,0.018848019508630482,0.23555191595174396
-0.19961021293176567,0.021437085087909903,0.23431213924715033
-0.19961021293176567,0.02167988600205488,0.2322797368302828
-0.19961021293176567,0.022726116256661297,0.2427662459426564
-0.19961021293176567,0.02586642235899161,0.24141990909355127
-0.19961021293176567,0.02632124633645957,0.2411469795213408
-0.19961021293176567,0.02655006409740394,0.24116036076409286
-0.19961021293176567,0.026926688702006766,0.24262325917493865
-0.19961021293176567,0.028194368585974256,0.24076979345320482
-0.19961021293176567,0.029114915243247035,0.23944571549940508
-0.19961021293176567,0.0307400781512439,0.2342758406678933
-0.19961021293176567,0.03330113261512884,0.2378185920611643
-0.19961021293176567,0.033293204808980695,0.23571768775503843
-0.19961021293176567,0.033969771078284056,0.2379992852367636
-0.19961021293176567,0.03629321319690124,0.23671686805599856
-0.19961021293176567,0.03628790140999745,0.23551865924510962
-0.19961021293176567,0.03704577049502154,0.24200665805282973
-0.19961021293176567,0.03748701943137723,0.23905497796878872
-0.19961021293176567,0.03877865972901886,0.23898950875843394
-0.19961021293176567,0.041277425249985976,0.2445648927641072
-0.19961021293176567,0.04093291801221901,0.23560700924458933
-0.19961021293176567,0.04159750762875606,0.24349649830314324
-0.19961021293176567,0.04222930078604316,0.2440328015993909
-0.19961021293176567,0.04286091216242489,0.23982336075784194
-0.19961021293176567,0.04550844293938277,0.24274468701798846
-0.19961021293176567,0.04696554413762186,0.23740806440605045
-0.19961021293176567,0.04777478766723097,0.23600210771721353
-0.19961021293176567,0.048368852981892085,0.23865061640065954
-0.19961021293176567,0.05046705414908288,0.2439382383092613
-0.19961021293176567,0.05451585633014878,0.23724937109802424
-0.19961021293176567,0.05555028970399984,0.24192004060010086
-0.19961021293176567,0.05640639240542146,0.24677900259764363
-0.19961021293176567,0.05640135453394299,0.23666106060915604
-0.19961021293176567,0.05646719382456189,0.23666463688784256
-0.19961021293176567,0.056687387929045915,0.23934970967900093
-0.19961021293176567,0.05853093114642787,0.23595467422494476
-0.19961021293176567,0.06146163639503155,0.24281602766965682
-0.19961021293176567,0.061884398870428785,0.24581225660814787
-0.19961021293176567,0.0654874169392321,0.23850748250127318
-0.19961021293176567,0.06571454117255303,0.2361361127670174
-0.19961021293176567,0.0665488798764221,0.2407554936651346
-0.19961021293176567,0.06675518058087956,0.24094570014696892
-0.19961021293176567,0.06711304837973314,0.2463890885303951
-0.19961021293176567,0.06666775104904667,0.23531416754199252
-0.19961021293176567,0.0682953371226575,0.24330771499320702
-0.19961021293176567,0.0692308268967855,0.23818246589895786
-0.19961021293176567,0.07060794842694511,0.2468171361021656
-0.19961021293176567,0.0706243882870776,0.24246514199278324
-0.19961021293176567,0.07191900014216646,0.23811910917455092
-0.19961021293176567,0.07305157883573062,0.24284339456755422
-0.19961021293176567,0.07487682750846572,0.24612976968932954
-0.19961021293176567,0.07850777908117307,0.24604424522472157
-0.19961021293176567,0.0795783300556009,0.23612527170189235
-0.19961021293176567,0.0819851097772786,0.2426304142325817
-0.19961021293176567,0.08192472340023868,0.2383585413826067
-0.19961021293176567,0.08190391728365369,0.23584797313032457
-0.19961021293176567,0.08225968909833901,0.23641923004101428
-0.19961021293176567,0.08455653410989351,0.24574176573471818
-0.19961021293176567,0.08424216365054331,0.238281245677478
-0.19961021293176567,0.08456054129587176,0.24240958387406486
-0.19961021293176567,0.08527993731055035,0.2454156215127764
-0.19961021293176567,0.08645037354469531,0.24702148345869557
-0.19961021293176567,0.0872507079393828,0.2468713453638639
-0.19961021293176567,0.09786639267382684,0.24833002697763518
-0.19961021293176567,0.1006620350912075,0.2459915074607435
-0.19961021293176567,0.1009222909058181,0.2494145971570051
-0.19961021293176567,0.10237270384832375,0.24334012540638184
-0.19961021293176567,0.10302766095305033,0.24087035466908413
-0.19961021293176567,0.10361837720302558,0.23788217874055173
-0.19961021293176567,0.10457283650416994,0.23830770650685196
-0.19961021293176567,0.10671056853179446,0.24787840341025302
-0.19961021293176567,0.10721943719570817,0.23970880454630206
-0.19961021293176567,0.10780975442300979,0.2438472989550008
-0.19961021293176567,0.10840350286435362,0.24836287513215083
-0.19961021293176567,0.12272677159836617,0.2488610789445187
-0.19961021293176567,0.12326564338046835,0.2476199220346904
-0.19961021293176567,0.12411518957492362,0.23843692938708827
-0.19961021293176567,0.12495905155435218,0.2443715386456239
-0.19961021293176567,0.12524669145053247,0.2397012632827321
-0.19961021293176567,0.12612627363465004,0.24101492484105658
-0.19961021293176567,0.12768858468515135,0.24028093478838541
-0.19961021293176567,0.13090517722295653,0.24514619167065121
-0.19961021293176567,0.1335984346472375,0.24867241574413013
-0.19961021293176567,0.1361550056683469,0.2498132918892776
-0.19961021293176567,0.13725155943889897,0.24854277866932606
-0.19961021293176567,0.14020669703383942,0.2490790897056835
-0.19961021293176567,0.1413185298139828,0.2502839410226724
-0.19961021293176567,0.14157696766688882,0.24782247060388052
-0.19961021293176567,0.1433330450093127,0.2475409320075469
-0.19961021293176567,0.14525247611930328,0.24543527815669886
-0.19961021293176567,0.1453859655730429,0.23974150800354388
-0.19961021293176567,0.14597708245172794,0.24043383659366258
-0.19961021293176567,0.14619984409031625,0.23905504020646673
-0.19961021293176567,0.14751945209021344,0.24395552565023304
-0.19961021293176567,0.14915238779283344,0.24853490949382206
-0.19961021293176567,0.1492138106554353,0.24808369411313835
-0.19961021293176567,0.15011188067555434,0.2524645973212719
-0.19961021293176567,0.14991887066590612,0.2421404093885553
-0.19961021293176567,0.153906127116978,0.2451884704323143
-0.19961021293176567,0.15527260489688238,0.24587728387463237
-0.19961021293176567,0.15646918736940837,0.2467476934620202
-0.19961021293176567,0.1571081056017827,0.24832943910876826
-0.19961021293176567,0.15817097956323456,0.2410729819430173
-0.19961021293176567,0.15883153831867186,0.2500806873301853
-0.19961021293176567,0.15892442372791055,0.24076475649027018
-0.19961021293176567,0.15924347115726903,0.2460194373117015
-0.19961021293176567,0.16119578660228726,0.24021704045035674
-0.19961021293176567,0.16266594038496945,0.24917912861778913
-0.19961021293176567,0.1624122145146656,0.24171852378239023
-0.19961021293176567,0.16283440335445817,0.24422175989226902
-0.19961021293176567,0.163725579009594,0.24584400392151828
-0.19961021293176567,0.1639611367396207,0.24309521026461967
-0.19961021293176567,0.16641938389945432,0.24518170456497468
-0.19961021293176567,0.16689580797195608,0.24541316940355595
-0.19961021293176567,0.16960076361820695,0.24730278671925354
-0.19961021293176567,0.16984525034234718,0.24209605239533571
-0.19961021293176567,0.1706413293241963,0.24540809922502071
-0.19961021293176567,0.17053242402326552,0.24155369111567782
-0.19961021293176567,0.17081350846119506,0.2425106841748459
-0.19961021293176567,0.17087018248159555,0.2430852962897777
-0.19961021293176567,0.1714534963815674,0.24435343759509953
-0.19961021293176567,0.17356520651527796,0.24214545098295237
-0.19961021293176567,0.17519773135524486,0.2522409017526036
-0.19961021293176567,0.1756878256341626,0.24131527948417963
-0.19961021293176567,0.1759613354218863,0.2445158080770672
-0.19961021293176567,0.17855973126129962,0.249584981534679
-0.19961021293176567,0.17866048298314874,0.24181844239904282
-0.19961021293176567,0.17880333338305143,0.24174770086404784
-0.19961021293176567,0.17997535635867856,0.2506971601633635
-0.19961021293176567,0.18028863206695286,0.24539789975104997
-0.19961021293176567,0.187092197035604,0.2485891791858792
-0.19961021293176567,0.18805841247990462,0.24966775947189623
-0.19961021293176567,0.18788192039439444,0.24335594295877105
-0.19961021293176567,0.18790123378789522,0.2413448581456208
-0.19961021293176567,0.19182098067283448,0.24860402356121913
-0.19961021293176567,0.1930029343321547,0.24309690036582998
-0.19961021293176567,0.19401475533339785,0.2496464183158249
-0.19961021293176567,0.19805402781414516,0.24239831330520756
-0.19961021293176567,0.1994682573834025,0.2501117012505407
-0.19961021293176567,0.2018639576731199,0.24437358114338126
-0.19961021293176567,0.20255215461314124,0.2501605026451795
-0.19961021293176567,0.20272842938959995,0.25015513822714974
-0.19961021293176567,0.2075790206247088,0.25104201766075007
-0.19961021293176567,0.20774526157030876,0.24386336588384694
-0.19961021293176567,0.2083851176574095,0.24885642078592918
-0.19961021293176567,0.2092188065673532,0.2472352210207287
-0.19961021293176567,0.21151967543350078,0.2428849404997484
-0.19961021293176567,0.21807446854788892,0.2495397001989561
-0.19961021293176567,0.22197578857580907,0.2488786186431372
-0.19961021293176567,0.2229412685443107,0.24825698019086084
-0.19961021293176567,0.2263854037102903,0.24438631121096477
-0.19961021293176567,0.22702787439879535,0.24880293931170394
-0.19961021293176567,0.23274973842319038,0.24638866050281782
-0.19961021293176567,0.2332005659836685,0.24354647143983432
-0.19961021293176567,0.23495807665240956,0.24581254577208045
-0.19961021293176567,0.2406810499540603,0.24366110936105523
-0.19961021293176567,0.2434900470577298,0.24661892755301362
-0.19961021293176567,0.24351664236869933,0.24684393026307094
-0.19961021293176567,0.243659128762151,0.24683791019394863
-0.19961021293176567,0.2445479536443436,0.24578452972020048
-0.19961021293176567,0.2451075859925894,0.24637307529369756
-0.19961021293176567,0.2455134622462655,0.24632512169406207
-0.19961021293176567,0.24566495862254556,0.24661167868478573
-0.19961021293176567,0.2456533488274597,0.24633886729035448
-0.19961021293176567,0.2458450069666353,0.24606443997430827
-0.19961021293176567,0.2465006433137783,0.24716217038959476
-0.19961021293176567,0.2492315003819271,0.24701729511144843
-0.19961021293176567,0.24963612477807592,0.24705708484086786
-0.19961021293176567,0.2501928410997857,0.24629705977077165
-0.19961021293176567,0.25220151224286325,0.24553513241993508
-0.19961021293176567,0.2523835352027633,0.24486491382989017
-0.19961021293176567,0.25290980819995984,0.24697483355712835
-0.19961021293176567,0.25296793659271216,0.2459274671703099
-0.19961021293176567,0.25409660251141664,0.24524887004801776
-0.19961021293176567,0.25446644854493033,0.245164688272149
-0.19961021293176567,0.2544712425804106,0.2449714657483859
-0.19961021293176567,0.25441375418110307,0.2436270689108614
-0.19961021293176567,0.25603887242358586,0.24481460308369607
-0.19961021293176567,0.25606075932298145,0.2447237881110852
-0.19961021293176567,0.256284982052757,0.2454511692542275
-0.19961021293176567,0.2564476262297161,0.24583312819815717
-0.19961021293176567,0.2564640232056757,0.24493164936374368
-0.19961021293176567,0.25744568591410033,0.24499812140608124
-0.19961021293176567,0.25756635444267156,0.244913611964502
-0.19961021293176567,0.25863503664924375,0.2458295295110543
-0.19961021293176567,0.2594858356003419,0.2450798442159341
0.19602081572839472,-0.028255793138325904,0.2052246802038361
0.19602081572839472,-0.022439775789918716,0.20460839816580467
0.19602081572839472,-0.01507854981556856,0.20715235254403597
0.19602081572839472,-0.013305533809188114,0.2070319968194344
0.19602081572839472,-0.01010829532578324,0.20822012301568937
0.19602081572839472,-0.00912995178817945,0.20621314610221053
0.19602081572839472,-0.008607255872334303,0.20798508638066304
0.19602081572839472,0.0004189486957941746,0.20914760017568101
0.19602081572839472,0.0014407256887271763,0.20922475543056585
0.19602081572839472,0.002556410761829178,0.20801874149245236
0.19602081572839472,0.00793095279280072,0.2110845798313553
0.19602081572839472,0.011011599395690044,0.21180224539949266
0.19602081572839472,0.011444737430044039,0.21171184692308742
0.19602081572839472,0.011857859183306323,0.21102309888215087
0.19602081572839472,0.012483282682672786,0.2107029039830033
0.19602081572839472,0.012721957628331452,0.2107460956163819
0.19602081572839472,0.012871374913063467,0.21077248274371896
0.19602081572839472,0.014349073780073572,0.2117620632594449
0.19602081572839472,0.014763782426192135,0.2122375490399231
0.19602081572839472,0.014869201753244757,0.21142831462852985
0.19602081572839472,0.015992090134492053,0.21269986162972476
0.19602081572839472,0.01636867933911039,0.21234389281633248
0.19602081572839472,0.01800102859672725,0.2117626769857538
0.19602081572839472,0.018134762117405435,0.21204491035727646
0.19602081572839472,0.018250201177491692,0.21077859670851196
0.19602081572839472,0.018617122272554427,0.21151522621431407
0.19602081572839472,0.01932603605137344,0.21176486434491848
0.19602081572839472,0.019819193358677812,0.21297836476984588
0.19602081572839472,0.02103089021182867,0.21163293615443468
0.19602081572839472,0.021276445293285155,0.21338185110541608
0.19602081572839472,0.021653016936549623,0.21276743589105374
0.19602081572839472,0.022031787374421113,0.21159701988327984
0.19602081572839472,0.022861989408694675,0.21317439215908962
0.19602081572839472,0.022905863642655778,0.21317814725171047
0.19602081572839472,0.024008489943403353,0.21304360008324352
0.19602081572839472,0.02437477228449175,0.2130442621735914
0.19602081572839472,0.0243623584693594,0.21228211137467268
0.19602081572839472,0.025145921469824823,0.21382970656884248
0.19602081572839472,0.026051767094146507,0.21194898344531732
0.19602081572839472,0.028693634362697173,0.2140245021395475
0.19602081572839472,0.030942139771145946,0.21405046836146546
0.19602081572839472,0.03220906929651243,0.21473698256699536
0.19602081572839472,0.032629675357816586,0.21299163823390976
0.19602081572839472,0.03412978596328999,0.2130927014993359
0.19602081572839472,0.03531870484292436,0.21182810657050943
0.19602081572839472,0.03736627387093683,0.2145026807008813
0.19602081572839472,0.037593267779915104,0.21598583317974285
0.19602081572839472,0.03900233817600372,0.21450869226405156
0.19602081572839472,0.041975823325442335,0.21393591077529284
0.19602081572839472,0.04213376790533661,0.21558549969941632
0.19602081572839472,0.04245781900091566,0.21309310570504192
0.19602081572839472,0.04281171254331369,0.21443814206011869
0.19602081572839472,0.043027970921870745,0.21297187709688836
0.19602081572839472,0.04366082025754122,0.21303321027636224
0.19602081572839472,0.04486873196183096,0.21245814694985332
0.19602081572839472,0.04602154557027115,0.21193269026514694
0.19602081572839472,0.046441117022843044,0.21391244698595047
0.19602081572839472,0.0475364084528177,0.21737219318990197
0.19602081572839472,0.04790881408902165,0.21471647447605713
0.19602081572839472,0.04806444957209979,0.21252625070029818
0.19602081572839472,0.04875920266125054,0.21300995054522742
0.19602081572839472,0.048869186456096954,0.21418409624971546
0.19602081572839472,0.049342462244384426,0.21210277643201347
0.19602081572839472,0.05137038955614008,0.21733582316609268
0.19602081572839472,0.051252629041923424,0.21256264147831738
0.19602081572839472,0.0517939883631629,0.21517046367398085
0.19602081572839472,0.052845314679642985,0.21613271261338884
0.19602081572839472,0.0551557576398071,0.21616169714536104
0.19602081572839472,0.05504258588930146,0.21249561693709595
0.19602081572839472,0.05636847755230945,0.21187773580747427
0.19602081572839472,0.05759978219281674,0.21307554575979093
0.19602081572839472,0.0630652002262986,0.21984776834644992
0.19602081572839472,0.06331636775480703,0.21204736446860528
0.19602081572839472,0.0639872310592386,0.21662225052916684
0.19602081572839472,0.06640706252812062,0.21643470248747654
0.19602081572839472,0.06636437939863964,0.21086015030284067
0.19602081572839472,0.0698041859549844,0.21127927340141306
0.19602081572839472,0.07082426156404757,0.2193304972277621
0.19602081572839472,0.07258950041715416,0.21959445254039311
0.19602081572839472,0.07660669848100693,0.21944926802165987
0.19602081572839472,0.07663487479945222,0.21453186642658817
0.19602081572839472,0.08038632941424659,0.21052831463607302
0.19602081572839472,0.08319571372090767,0.21147854551550416
0.19602081572839472,0.08570373996733918,0.21026185893472027
0.19602081572839472,0.08924167399058197,0.20999272800769653
0.19602081572839472,0.09031180741784253,0.21969060858283174
0.19602081572839472,0.0921483208764329,0.20996246503891336
0.19602081572839472,0.0942305342018899,0.21726289629441364
0.19602081572839472,0.09497703863752652,0.22149005002905275
0.19602081572839472,0.09658413609400557,0.21058742019225518
0.19602081572839472,0.09980154119813837,0.2160224070923802
0.19602081572839472,0.10082418583320425,0.22063894448323262
0.19602081572839472,0.10513027919156633,0.22179786645297206
0.19602081572839472,0.10514129579146037,0.21915846680486006
0.19602081572839472,0.10750383953161032,0.2201910446876716
0.19602081572839472,0.10785339148403157,0.22051307493197347
0.19602081572839472,0.108841316365551,0.222982948176225
0.19602081572839472,0.11051139559406284,0.21006187667459741
0.19602081572839472,0.11222582610130649,0.22042092102415
0.19602081572839472,0.11237694678953423,0.21000857083199564
0.19602081572839472,0.11417188151889063,0.22283860625686558
0.19602081572839472,0.11458796817310214,0.21476210963376885
0.19602081572839472,0.11450202925628288,0.21079217638579362
0.19602081572839472,0.11533477911549087,0.21798570780260518
0.19602081572839472,0.11723565384084156,0.22346980141394424
0.19602081572839472,0.11724855228597095,0.22347027825110244
0.19602081572839472,0.11670757999995983,0.20802713743890766
0.19602081572839472,0.11781499623739144,0.21745095217815635
0.19602081572839472,0.11789609668251942,0.21890595732233997
0.19602081572839472,0.11981817174764474,0.22363729564104173
0.19602081572839472,0.12032507400309797,0.22371985180380527
0.19602081572839472,0.12042536554251829,0.22068209817217677
0.19602081572839472,0.12097615456354677,0.22008693026850246
0.19602081572839472,0.12112536766380541,0.22079306602029591
0.19602081572839472,0.1223711526485768,0.21762618779643317
0.19602081572839472,0.12266607293961575,0.22348990651620892
0.19602081572839472,0.12326419773250544,0.2227631386881076
0.19602081572839472,0.12357120700783775,0.21946775604688795
0.19602081572839472,0.1237362694441311,0.2225041966787974
0.19602081572839472,0.12502513581466843,0.22365136797912333
0.19602081572839472,0.12493918205604711,0.21591795358789245
0.19602081572839472,0.12543041878193015,0.2185286450795696
0.19602081572839472,0.12576365289704788,0.2239126979604974
0.19602081572839472,0.125853349463981,0.22381460191240543
0.19602081572839472,0.12574697317807731,0.22137098145216427
0.19602081572839472,0.12712212642986198,0.221268245198449
0.19602081572839472,0.12715956212979068,0.2184911437261724
0.19602081572839472,0.12813570167213678,0.22179770977293378
0.19602081572839472,0.1285062413804452,0.21880321027617355
0.19602081572839472,0.13285093310714663,0.21971670101039342
0.19602081572839472,0.13336532153751646,0.22125158270791412
0.19602081572839472,0.13376695230371893,0.2245470755295047
0.19602081572839472,0.13468890615437554,0.2192199834508114
0.19602081572839472,0.13479645455432837,0.2188616407742886
0.19602081572839472,0.1351797557974077,0.22254934601125953
0.19602081572839472,0.13530670474736267,0.21687413112263643
0.19602081572839472,0.13629372252564936,0.20945951582260414
0.19602081572839472,0.13692265430036507,0.2116482183560825
0.19602081572839472,0.13818526523363595,0.22440032861658954
0.19602081572839472,0.13880427920089136,0.21772509504038673
0.19602081572839472,0.13891189430270218,0.21763677683990912
0.19602081572839472,0.1405019818467018,0.21078913154270418
0.19602081572839472,0.14052202378127754,0.20857533180465881
0.19602081572839472,0.14112185263126373,0.2090909324003417
0.19602081572839472,0.14224195624709965,0.2238858112966069
0.19602081572839472,0.14354903349668707,0.22526981454839023
0.19602081572839472,0.14325193343233333,0.21494617007986316
0.19602081572839472,0.143726354213449,0.2215038898052466
0.19602081572839472,0.1437929731755027,0.22038434304443333
0.19602081572839472,0.14445468731458078,0.21537447786050234
0.19602081572839472,0.14622904137331483,0.22366324421504202
0.19602081572839472,0.14793623792505012,0.22409579727433937
0.19602081572839472,0.14780981192356643,0.22054821598462693
0.19602081572839472,0.14850404228221237,0.22156750405933034
0.19602081572839472,0.14857232834289097,0.22056299786873335
0.19602081572839472,0.1486837660711368,0.22089446706210591
0.19602081572839472,0.14834024291358192,0.21331381409861128
0.19602081572839472,0.14865342049958147,0.21515886761943126
0.19602081572839472,0.15140915225699816,0.2087924551398177
0.19602081572839472,0.15217137743031064,0.20950126213432463
0.19602081572839472,0.15273580501867148,0.2197168962454935
0.19602081572839472,0.15308671286800996,0.2233980084774595
0.19602081572839472,0.15234267522979067,0.20839335720480645
0.19602081572839472,0.1529965997220604,0.2147908591513481
0.19602081572839472,0.15348885473271734,0.22116471963682705
0.19602081572839472,0.1533105256281123,0.2085923293914299
0.19602081572839472,0.15401607354135582,0.20857810976143032
0.19602081572839472,0.15514966578885275,0.22137070424730643
0.19602081572839472,0.15670383678992547,0.22282414678457774
0.19602081572839472,0.1563335063435756,0.2084897311009115
0.19602081572839472,0.15722089669733738,0.2067206838827791
0.19602081572839472,0.15829762670993652,0.20840300814405754
0.19602081572839472,0.15883268142551504,0.21445106185555352
0.19602081572839472,0.1597259663297529,0.22370251811784259
0.19602081572839472,0.15974445475165838,0.21586333139080172
0.19602081572839472,0.16060489279176543,0.22144072178061625
0.19602081572839472,0.1601472806473027,0.208895990210209
0.19602081572839472,0.16069466983000347,0.20524982171555106
0.19602081572839472,0.16082172698005603,0.2075009742206828
0.19602081572839472,0.1618475519697301,0.22423700935174518
0.19602081572839472,0.16228190504205076,0.2123425105280825
0.19602081572839472,0.16427433708698108,0.22017801749057198
0.19602081572839472,0.16425243802529957,0.2082900020390117
0.19602081572839472,0.165741262834369,0.22443508045260907
0.19602081572839472,0.16621284061116623,0.22033926050351504
0.19602081572839472,0.166394840488774,0.2046964238920067
0.19602081572839472,0.16729299251973326,0.22223863465563287
0.19602081572839472,0.16808979244264843,0.2248847505809468
0.19602081572839472,0.16872203250141946,0.22371544837331225
0.19602081572839472,0.1685060901007076,0.2094900927775697
0.19602081572839472,0.16888961873296138,0.2129808248217917
0.19602081572839472,0.1702309550979546,0.21691952493908662
0.19602081572839472,0.17007444367106062,0.20667721828883256
0.19602081572839472,0.17094974176720745,0.22284337612658478
0.19602081572839472,0.17077898409001527,0.2187775857795876
0.19602081572839472,0.17305115695411466,0.2221330215616898
0.19602081572839472,0.1733800309927055,0.2203165814672572
0.19602081572839472,0.1734259911225854,0.21838981663683898
0.19602081572839472,0.17316600251551484,0.20388461945447134
0.19602081572839472,0.17438828274579263,0.22337042240266014
0.19602081572839472,0.17397978059964875,0.20667766477738847
0.19602081572839472,0.17535301006452464,0.22294655313858924
0.19602081572839472,0.1750592452872821,0.2093758127651486
0.19602081572839472,0.17634443743930936,0.21705707106930272
0.19602081572839472,0.17629174819758062,0.20603782184332353
0.19602081572839472,0.17802769354678344,0.2274314394983311
0.19602081572839472,0.17801248136300252,0.22302411087474172
0.19602081572839472,0.1778112858528984,0.2115797354802217
0.19602081572839472,0.17753320009932988,0.20592252624997243
0.19602081572839472,0.1790848370860914,0.2247677766114904
0.19602081572839472,0.17923858567092096,0.22279505005612987
0.19602081572839472,0.17907231507864946,0.21734472913573855
0.19602081572839472,0.1794813937703933,0.2167867657830148
0.19602081572839472,0.17943730047997988,0.21191047909251493
0.19602081572839472,0.17939151340009263,0.20892584141596648
0.19602081572839472,0.17924126316489564,0.20362365295354778
0.19602081572839472,0.18047524022857353,0.20953317107365965
0.19602081572839472,0.18043075494978933,0.20740103060446424
0.19602081572839472,0.18077752312807563,0.20899309487241957
0.19602081572839472,0.18086554329447635,0.20398729047504083
0.19602081572839472,0.181632595434706,0.2145187159762445
0.19602081572839472,0.18280153466323285,0.20632468181926578
0.19602081572839472,0.1835386246353804,0.2200800764418046
0.19602081572839472,0.18398238835944405,0.22123919550735915
0.19602081572839472,0.18379493703041055,0.21503271544395286
0.19602081572839472,0.1837506810996429,0.2123736702660184
0.19602081572839472,0.1838966377959518,0.20622429185214863
0.19602081572839472,0.18533077290768762,0.21903382537451965
0.19602081572839472,0.1852567320427356,0.20746568367175033
0.19602081572839472,0.18641251337130726,0.21941462748468088
0.19602081572839472,0.18665228347637555,0.21834874888492928
0.19602081572839472,0.18722931363101883,0.21316903275982635
0.19602081572839472,0.18782588109195592,0.22390192099406958
0.19602081572839472,0.19004981406460608,0.22532696623790083
0.19602081572839472,0.19035757686353094,0.2244769505702725
0.19602081572839472,0.19046773853776838,0.20866722659921277
0.19602081572839472,0.19174415984917026,0.2193000166508925
0.19602081572839472,0.19256084012916924,0.2238109946029444
0.19602081572839472,0.19317717279502974,0.2201795742078474
0.19602081572839472,0.1935644781736325,0.22550334637897074
0.19602081572839472,0.19377638942519904,0.22522577772480634
0.19602081572839472,0.19409667452617294,0.22083626510478715
0.19602081572839472,0.1953410295931886,0.2233705667120346
0.19602081572839472,0.19545335172515316,0.22546311021017917
0.19602081572839472,0.1959555299618431,0.22022414974757332
0.19602081572839472,0.19607489392971944,0.2104714296540805
0.19602081572839472,0.19743312605679636,0.22226026322057357
0.19602081572839472,0.19755664435655385,0.21275824341496352
0.19602081572839472,0.19841634541746464,0.22200032978251238
0.19602081572839472,0.19829506953352602,0.21850486262212165
0.19602081572839472,0.19973933904080501,0.2263412153612011
0.19602081572839472,0.19976121698405158,0.21928940505794703
0.19602081572839472,0.20152392348363507,0.21638524470722775
0.19602081572839472,0.2023588351954331,0.21877370318492206
0.19602081572839472,0.20245289284820525,0.21777111433825913
0.19602081572839472,0.20253459591503112,0.21777761124453965
0.19602081572839472,0.2043970587435714,0.22593056187514982
0.19602081572839472,0.2056427917311935,0.2191070970229393
0.19602081572839472,0.20669081679841977,0.22420179784605065
0.19602081572839472,0.20810422083028352,0.22306775183943084
0.19602081572839472,0.20852476742047238,0.2227397329235653
0.19602081572839472,0.21192589660123876,0.21720940222327867
0.19602081572839472,0.2118199961445004,0.21067431903893663
0.19602081572839472,0.21244841551286164,0.21823394848317923
0.19602081572839472,0.21366494502960165,0.21671323203325354
0.19602081572839472,0.2144122119305997,0.22509090496464323
0.19602081572839472,0.21477052360147053,0.2158733465239503
0.19602081572839472,0.21549063675532212,0.21476398744516456
0.19602081572839472,0.2159675349558427,0.22171528739663215
0.19602081572839472,0.2167100753178713,0.2290218456875377
0.19602081572839472,0.2162604272347866,0.21727685879147174
0.19602081572839472,0.2172002090940105,0.21982113107297796
0.19602081572839472,0.21774130939900554,0.20904447531909276
0.19602081572839472,0.21853461550426803,0.2232832530276816
0.19602081572839472,0.21834453477880816,0.2128920357982793
0.19602081572839472,0.2194964703048206,0.2252476380001216
0.19602081572839472,0.2195758317175973,0.22079114171359637
0.19602081572839472,0.21975402677546582,0.21730880479585601
0.19602081572839472,0.2205753895549198,0.22034107731875163
0.19602081572839472,0.2227721557046262,0.22441907452586785
0.19602081572839472,0.22299635618092573,0.2093097841930811
0.19602081572839472,0.22455177349914712,0.2243563419278951
0.19602081572839472,0.224731190118648,0.22445238986844251
0.19602081572839472,0.22542843658070974,0.21719535827971448
0.19602081572839472,0.22638677020996475,0.21566603560853104
0.19602081572839472,0.22639939720087146,0.2034742980148957
0.19602081572839472,0.22805358595363645,0.21240833347940113
0.19602081572839472,0.22892532512246463,0.21482501494217598
0.19602081572839472,0.22974829385716034,0.21926877862014293
0.19602081572839472,0.22958817840323492,0.21332525121995893
0.19602081572839472,0.23055524285099202,0.21362062431447482
0.19602081572839472,0.23057874129346806,0.21242086164719975
0.19602081572839472,0.2340386752369385,0.22936142037821228
0.19602081572839472,0.23550253896796772,0.21990010804061566
0.19602081572839472,0.23569407574955703,0.21644301395498433
0.19602081572839472,0.23558679388436476,0.2121598676825771
0.19602081572839472,0.2375925256680816,0.21990878802516545
0.19602081572839472,0.23819586240035465,0.20111562335119537
0.19602081572839472,0.23950716230219057,0.21631701375211754
0.19602081572839472,0.23977382620700158,0.2191117536993994
0.19602081572839472,0.24038302756610944,0.22371775422784412
0.19602081572839472,0.24136980353095233,0.22123232255964398
0.19602081572839472,0.24316924857258174,0.21858296273646294
0.19602081572839472,0.24349776266693426,0.21409760683071333
0.19602081572839472,0.24441388646939285,0.20868228705827252
0.19602081572839472,0.24570459380823167,0.21913078263396213
0.19602081572839472,0.24642035337215928,0.21909434640897651
0.19602081572839472,0.24691481445378638,0.21393803633132236
0.19602081572839472,0.24691629188965894,0.2135566940317153
0.19602081572839472,0.24787996432412324,0.22533712632170189
0.19602081572839472,0.2485102686750501,0.22041040926484634
0.19602081572839472,0.24917331708618312,0.2176246043659048
0.19602081572839472,0.24923093287368603,0.21278196557589446
0.19602081572839472,0.2496982648101327,0.21180867825621008
0.19602081572839472,0.25040749966627723,0.22025935518488948
0.19602081572839472,0.2510942171002286,0.22676342146648387
0.19602081572839472,0.2522752635631285,0.22093549842098947
0.19602081572839472,0.25230872489919215,0.21030093067062716
0.19602081572839472,0.25205173647139234,0.2038486937323548
0.19602081572839472,0.2544360170446346,0.21378886874827163
0.19602081572839472,0.2551065687946692,0.2260819980822626
0.19602081572839472,0.25506075829964964,0.21728690276759066
0.19602081572839472,0.2557228227678704,0.22020514993237372
0.19602081572839472,0.25535701216996975,0.21235835936566294
0.19602081572839472,0.25680653666839737,0.2216595951079664
0.19602081572839472,0.2585317275628738,0.21556345043286462
0.19602081572839472,0.26020246323860413,0.2223860189515965
0.19602081572839472,0.2605663661357908,0.20677041950267327
0.19602081572839472,0.2612429071492676,0.21035670112796678
0.19602081572839472,0.262563228998941,0.2142425701520828
0.19602081572839472,0.2631952607800366,0.20488822759983516
0.19602081572839472,0.2642618982941721,0.21554716706054344
0.19602081572839472,0.26405823275017026,0.21030893287416352
0.19602081572839472,0.26456039912306845,0.21562874550404143
0.19602081572839472,0.26432259222244614,0.2102766049960162
0.19602081572839472,0.2647975881472762,0.20994628445388175
0.19602081572839472,0.27562745062536914,0.1954779173866793
0.19602081572839472,0.2768991945779353,0.20828225629780994
0.19602081572839472,0.2780595593151481,0.1978198521951381
0.19602081572839472,0.2818532629673455,0.21922486092934867
0.19602081572839472,0.2845074998430156,0.2217575871957148
0.19602081572839472,0.28639685903583073,0.21278618309903585
0.19602081572839472,0.2917142222587723,0.21916349928718004
0.19602081572839472,0.2937950880928993,0.20959858675901577
0.19602081572839472,0.29494663256473097,0.2123762004062113
0.19602081572839472,0.2953785416371519,0.2070254917060933
0.19602081572839472,0.29561981510965013,0.19804342228811334
0.19602081572839472,0.2969991474963712,0.21567633555246213
0.19602081572839472,0.2967272024762694,0.1996336509150528
0.19602081572839472,0.2976353540474481,0.21514706445725074
0.19602081572839472,0.29874453277916424,0.20409385398606195
0.19602081572839472,0.30190931791520903,0.20963405235203159
0.19602081572839472,0.3028129874884808,0.21007928429556555
-0.18481792569734187,-0.045587074360527856,0.2313296083594064
-0.18481792569734187,-0.04398390866553913,0.23160418924585402
-0.18481792569734187,-0.043313245276194214,0.23168002598136928
-0.18481792569734187,-0.042439945246959314,0.23206607827281067
-0.18481792569734187,-0.041520043829813974,0.23028276597516917
-0.18481792569734187,-0.03869792835753969,0.23301965446163442
-0.18481792569734187,-0.03596003495460868,0.2313987077327292
-0.18481792569734187,-0.035053513424622366,0.2333568339251525
-0.18481792569734187,-0.03416809148269966,0.2312527339727397
-0.18481792569734187,-0.03106984262764267,0.23017707571791923
-0.18481792569734187,-0.03031563796115465,0.23432577304821234
-0.18481792569734187,-0.030202499670629133,0.23377239559172114
-0.18481792569734187,-0.028002349993814738,0.23439784217808213
-0.18481792569734187,-0.027901612549115443,0.232067363428626
-0.18481792569734187,-0.027701661788947608,0.23485293333737667
-0.18481792569734187,-0.027729750286302847,0.23210956856104636
-0.18481792569734187,-0.02701968336296521,0.23550467941193032
-0.18481792569734187,-0.02678689989931939,0.23062070262658507
-0.18481792569734187,-0.02534649548750962,0.23244690657285894
-0.18481792569734187,-0.024072465132083068,0.23007181683352596
-0.18481792569734187,-0.02034751688677692,0.23056821341962663
-0.18481792569734187,-0.019742089316823468,0.23331214365744013
-0.18481792569734187,-0.01740070595280885,0.23365001135380237
-0.18481792569734187,-0.016645876295791038,0.23672759343048466
-0.18481792569734187,-0.015488791885918486,0.23578419850304233
-0.18481792569734187,-0.014694432534049943,0.23703931448658733
-0.18481792569734187,-0.01340319222581627,0.23249942581465677
-0.18481792569734187,-0.011927618429496164,0.23056487718028051
-0.18481792569734187,-0.010682445773802469,0.23382395007136603
-0.18481792569734187,-0.00740105969100547,0.2319370001116221
-0.18481792569734187,-0.006224823385983328,0.2345627129193193
-0.18481792569734187,-0.00601373190202887,0.2364025192250735
-0.18481792569734187,-0.00296407037177731,0.2311191301172748
-0.18481792569734187,-0.00012527895732286892,0.2384953812433389
-0.18481792569734187,0.0004152064455284865,0.23572283926184623
-0.18481792569734187,0.0012041819619290075,0.2386338299441102
-0.18481792569734187,0.0013569309573323877,0.24071678088648774
-0.18481792569734187,0.002282110230984909,0.23288213925106804
-0.18481792569734187,0.0033297416980518956,0.2396818178552329
-0.18481792569734187,0.003764129078916774,0.23803315119247614
-0.18481792569734187,0.007966657189765258,0.24027248429589898
-0.18481792569734187,0.007816260571303631,0.23575886130354817
-0.18481792569734187,0.008528189078037846,0.23791324435469285
-0.18481792569734187,0.009523113446581681,0.23776620489872247
-0.18481792569734187,0.011209965247947484,0.2404733564183935
-0.18481792569734187,0.01106651137630888,0.23160951079204017
-0.18481792569734187,0.01456356898157622,0.24186143830134943
-0.18481792569734187,0.015416382991215335,0.24121492940341127
-0.18481792569734187,0.018322460226644723,0.24183737310227926
-0.18481792569734187,0.018154860136165005,0.23560513348157452
-0.18481792569734187,0.01848027543614386,0.24155641647133008
-0.18481792569734187,0.019587633870351673,0.23555191595174396
-0.18481792569734187,0.021978148024036945,0.24191154934764658
-0.18481792569734187,0.022176699449631094,0.23431213924715033
-0.18481792569734187,0.02241950036377607,0.2322797368302828
-0.18481792569734187,0.023465730618382488,0.2427662459426564
-0.18481792569734187,0.0266060367207128,0.24141990909355127
-0.18481792569734187,0.027060860698180762,0.2411469795213408
-0.18481792569734187,0.02728967845912513,0.24116036076409286
-0.18481792569734187,0.027666303063727957,0.24262325917493865
-0.18481792569734187,0.028933982947695447,0.24076979345320482
-0.18481792569734187,0.029854529604968226,0.23944571549940508
-0.18481792569734187,0.03147969251296509,0.2342758406678933
-0.18481792569734187,0.034040746976850035,0.2378185920611643
-0.18481792569734187,0.03403281917070189,0.23571768775503843
-0.18481792569734187,0.03470938544000525,0.2379992852367636
-0.18481792569734187,0.036947604638583584,0.24424633467266377
-0.18481792569734187,0.03703282755862244,0.23671686805599856
-0.18481792569734187,0.03702751577171864,0.23551865924510962
-0.18481792569734187,0.03778538485674274,0.24200665805282973
-0.18481792569734187,0.038226633793098416,0.23905497796878872
-0.18481792569734187,0.03951827409074005,0.23898950875843394
-0.18481792569734187,0.04201703961170717,0.2445648927641072
-0.18481792569734187,0.041672532373940196,0.23560700924458933
-0.18481792569734187,0.04233712199047725,0.24349649830314324
-0.18481792569734187,0.042968915147764346,0.2440328015993909
-0.18481792569734187,0.043600526524146074,0.23982336075784194
-0.18481792569734187,0.044046233839427636,0.24460089511879524
-0.18481792569734187,0.04624805730110396,0.24274468701798846
-0.18481792569734187,0.04770515849934305,0.23740806440605045
-0.18481792569734187,0.04851440202895216,0.23600210771721353
-0.18481792569734187,0.04910846734361327,0.23865061640065954
-0.18481792569734187,0.05120666851080407,0.2439382383092613
-0.18481792569734187,0.05206330023754515,0.24521709532532898
-0.18481792569734187,0.055255470691869965,0.23724937109802424
-0.18481792569734187,0.05628990406572103,0.24192004060010086
-0.18481792569734187,0.057146006767142654,0.24677900259764363
-0.18481792569734187,0.057547426574511513,0.2458328234079209
-0.18481792569734187,0.057140968895664175,0.23666106060915604
-0.18481792569734187,0.05720680818628308,0.23666463688784256
-0.18481792569734187,0.0574270022907671,0.23934970967900093
-0.18481792569734187,0.059270545508149065,0.23595467422494476
-0.18481792569734187,0.06220125075675274,0.24281602766965682
-0.18481792569734187,0.06262401323214997,0.24581225660814787
-0.18481792569734187,0.0662270313009533,0.23850748250127318
-0.18481792569734187,0.06645415553427422,0.2361361127670174
-0.18481792569734187,0.06728849423814329,0.2407554936651346
-0.18481792569734187,0.06749479494260074,0.24094570014696892
-0.18481792569734187,0.06785266274145432,0.2463890885303951
-0.18481792569734187,0.06740736541076785,0.23531416754199252
-0.18481792569734187,0.06868576997399645,0.24884547739023188
-0.18481792569734187,0.0690349514843787,0.24330771499320702
-0.18481792569734187,0.06997044125850668,0.23818246589895786
-0.18481792569734187,0.07134756278866629,0.2468171361021656
-0.18481792569734187,0.07136400264879879,0.24246514199278324
-0.18481792569734187,0.07265861450388765,0.23811910917455092
-0.18481792569734187,0.0737911931974518,0.24284339456755422
-0.18481792569734187,0.07561644187018692,0.24612976968932954
-0.18481792569734187,0.07924739344289425,0.24604424522472157
-0.18481792569734187,0.08058998423258901,0.24803813722163293
-0.18481792569734187,0.0803179444173221,0.23612527170189235
-0.18481792569734187,0.0827247241389998,0.2426304142325817
-0.18481792569734187,0.08266433776195986,0.2383585413826067
-0.18481792569734187,0.08264353164537488,0.23584797313032457
-0.18481792569734187,0.08299930346006021,0.23641923004101428
-0.18481792569734187,0.08529614847161471,0.24574176573471818
-0.18481792569734187,0.0849817780122645,0.238281245677478
-0.18481792569734187,0.08530015565759295,0.24240958387406486
-0.18481792569734187,0.08594598123972785,0.24763585332284643
-0.18481792569734187,0.08601955167227153,0.2454156215127764
-0.18481792569734187,0.0871899879064165,0.24702148345869557
-0.18481792569734187,0.087990322301104,0.2468713453638639
-0.18481792569734187,0.08917127580862697,0.250479368024318
-0.18481792569734187,0.09663836969776225,0.24861595800669123
-0.18481792569734187,0.0967019656564664,0.24874029253333074
-0.18481792569734187,0.09860600703554803,0.24833002697763518
-0.18481792569734187,0.10140164945292868,0.2459915074607435
-0.18481792569734187,0.1016619052675393,0.2494145971570051
-0.18481792569734187,0.10311231821004493,0.24334012540638184
-0.18481792569734187,0.10376727531477152,0.24087035466908413
-0.18481792569734187,0.10435799156474677,0.23788217874055173
-0.18481792569734187,0.10531245086589112,0.23830770650685196
-0.18481792569734187,0.10745018289351566,0.24787840341025302
-0.18481792569734187,0.10795905155742937,0.23970880454630206
-0.18481792569734187,0.10854936878473097,0.2438472989550008
-0.18481792569734187,0.10914311722607481,0.24836287513215083
-0.18481792569734187,0.1160359823625904,0.24982872128840405
-0.18481792569734187,0.1182836608071227,0.24958847929444983
-0.18481792569734187,0.12145079981236465,0.2523176999127348
-0.18481792569734187,0.12346638596008737,0.2488610789445187
-0.18481792569734187,0.12400525774218954,0.2476199220346904
-0.18481792569734187,0.1248548039366448,0.23843692938708827
-0.18481792569734187,0.12569866591607337,0.2443715386456239
-0.18481792569734187,0.12598630581225367,0.2397012632827321
-0.18481792569734187,0.12686588799637122,0.24101492484105658
-0.18481792569734187,0.12842819904687253,0.24028093478838541
-0.18481792569734187,0.13164479158467773,0.24514619167065121
-0.18481792569734187,0.133464883810374,0.25015261078498585
-0.18481792569734187,0.13433804900895868,0.24867241574413013
-0.18481792569734187,0.13689462003006808,0.2498132918892776
-0.18481792569734187,0.13799117380062015,0.24854277866932606
-0.18481792569734187,0.14002979883231875,0.25025630197426685
-0.18481792569734187,0.14094631139556063,0.2490790897056835
-0.18481792569734187,0.14130855015822105,0.25032720581289036
-0.18481792569734187,0.142058144175704,0.2502839410226724
-0.18481792569734187,0.14231658202861,0.24782247060388052
-0.18481792569734187,0.14407265937103392,0.2475409320075469
-0.18481792569734187,0.14599209048102446,0.24543527815669886
-0.18481792569734187,0.1461255799347641,0.23974150800354388
-0.18481792569734187,0.14671669681344912,0.24043383659366258
-0.18481792569734187,0.14693945845203743,0.23905504020646673
-0.18481792569734187,0.14825906645193462,0.24395552565023304
-0.18481792569734187,0.14989200215455462,0.24853490949382206
-0.18481792569734187,0.1499534250171565,0.24808369411313835
-0.18481792569734187,0.15085149503727552,0.2524645973212719
-0.18481792569734187,0.1506584850276273,0.2421404093885553
-0.18481792569734187,0.1534566808358549,0.2511757483197987
-0.18481792569734187,0.15464574147869917,0.2451884704323143
-0.18481792569734187,0.15601221925860356,0.24587728387463237
-0.18481792569734187,0.15720880173112958,0.2467476934620202
-0.18481792569734187,0.15784771996350389,0.24832943910876826
-0.18481792569734187,0.15891059392495574,0.2410729819430173
-0.18481792569734187,0.15957115268039304,0.2500806873301853
-0.18481792569734187,0.15966403808963173,0.24076475649027018
-0.18481792569734187,0.1599830855189902,0.2460194373117015
-0.18481792569734187,0.16193540096400844,0.24021704045035674
-0.18481792569734187,0.16340555474669063,0.24917912861778913
-0.18481792569734187,0.16315182887638677,0.24171852378239023
-0.18481792569734187,0.16357401771617935,0.24422175989226902
-0.18481792569734187,0.16446519337131518,0.24584400392151828
-0.18481792569734187,0.1647007511013419,0.24309521026461967
-0.18481792569734187,0.16629800774444073,0.2510216748267722
-0.18481792569734187,0.1671589982611755,0.24518170456497468
-0.18481792569734187,0.16763542233367726,0.24541316940355595
-0.18481792569734187,0.17034037797992813,0.24730278671925354
-0.18481792569734187,0.17058486470406836,0.24209605239533571
-0.18481792569734187,0.1711691397162674,0.25127713049146105
-0.18481792569734187,0.17138094368591747,0.24540809922502071
-0.18481792569734187,0.1712720383849867,0.24155369111567782
-0.18481792569734187,0.17155312282291624,0.2425106841748459
-0.18481792569734187,0.17160979684331673,0.2430852962897777
-0.18481792569734187,0.17219311074328858,0.24435343759509953
-0.18481792569734187,0.17329331192389655,0.250356885809903
-0.18481792569734187,0.17430482087699914,0.24214545098295237
-0.18481792569734187,0.17480405690916084,0.24932268709419658
-0.18481792569734187,0.17593734571696606,0.2522409017526036
-0.18481792569734187,0.1764274399958838,0.24131527948417963
-0.18481792569734187,0.17670094978360748,0.2445158080770672
-0.18481792569734187,0.1778622350508985,0.2513900860778656
-0.18481792569734187,0.1792993456230208,0.249584981534679
-0.18481792569734187,0.17940009734486992,0.24181844239904282
-0.18481792569734187,0.1795429477447726,0.24174770086404784
-0.18481792569734187,0.18071497072039974,0.2506971601633635
-0.18481792569734187,0.18102824642867407,0.24539789975104997
-0.18481792569734187,0.18379184788076644,0.2511845503888097
-0.18481792569734187,0.1878318113973252,0.2485891791858792
-0.18481792569734187,0.18879802684162583,0.24966775947189623
-0.18481792569734187,0.18862153475611562,0.24335594295877105
-0.18481792569734187,0.1886408481496164,0.2413448581456208
-0.18481792569734187,0.1900951999933317,0.25093569294210283
-0.18481792569734187,0.19263256361099323,0.2512139356788228
-0.18481792569734187,0.19256059503455566,0.24860402356121913
-0.18481792569734187,0.1937425486938759,0.24309690036582998
-0.18481792569734187,0.19472349737639474,0.25449783574057017
-0.18481792569734187,0.19475436969511903,0.2496464183158249
-0.18481792569734187,0.19879364217586634,0.24239831330520756
-0.18481792569734187,0.2002078717451237,0.2501117012505407
-0.18481792569734187,0.20064276801353967,0.2507972646216522
-0.18481792569734187,0.20224761895027027,0.25078933113343704
-0.18481792569734187,0.20260357203484108,0.24437358114338126
-0.18481792569734187,0.20329176897486242,0.2501605026451795
-0.18481792569734187,0.20346804375132116,0.25015513822714974
-0.18481792569734187,0.20639180031900825,0.24984259939840714
-0.18481792569734187,0.20831863498643,0.25104201766075007
-0.18481792569734187,0.20848487593202994,0.24386336588384694
-0.18481792569734187,0.20932832512616217,0.254739412648022
-0.18481792569734187,0.2091247320191307,0.24885642078592918
-0.18481792569734187,0.2099584209290744,0.2472352210207287
-0.18481792569734187,0.21225928979522196,0.2428849404997484
-0.18481792569734187,0.2188140829096101,0.2495397001989561
-0.18481792569734187,0.21984999689931323,0.254718544734155
-0.18481792569734187,0.22127101876310107,0.25002959707317507
-0.18481792569734187,0.22271540293753025,0.2488786186431372
-0.18481792569734187,0.22368088290603189,0.24825698019086084
-0.18481792569734187,0.22712501807201152,0.24438631121096477
-0.18481792569734187,0.22776748876051656,0.24880293931170394
-0.18481792569734187,0.22841610339644514,0.2544967698971957
-0.18481792569734187,0.22989536905880448,0.24914993736413327
-0.18481792569734187,0.23001625594085318,0.2501618036455394
-0.18481792569734187,0.23345003693772456,0.24882687239878876
-0.18481792569734187,0.2334893527849116,0.24638866050281782
-0.18481792569734187,0.2339401803453897,0.24354647143983432
-0.18481792569734187,0.23569769101413074,0.24581254577208045
-0.18481792569734187,0.2362358959259915,0.24865152299614612
-0.18481792569734187,0.23906604922213556,0.2485852859095673
-0.18481792569734187,0.2414206643157815,0.24366110936105523
-0.18481792569734187,0.2426412561869688,0.24871493362514063
-0.18481792569734187,0.24296423356124514,0.24895561612132888
-0.18481792569734187,0.24352446115384097,0.24913654440278976
-0.18481792569734187,0.24422966141945102,0.24661892755301362
-0.18481792569734187,0.2442562567304205,0.24684393026307094
-0.18481792569734187,0.24439874312387222,0.24683791019394863
-0.18481792569734187,0.24528756800606477,0.24578452972020048
-0.18481792569734187,0.24584720035431057,0.24637307529369756
-0.18481792569734187,0.24625307660798668,0.24632512169406207
-0.18481792569734187,0.24646076071140186,0.2478611008295989
-0.18481792569734187,0.24640457298426677,0.24661167868478573
-0.18481792569734187,0.24639296318918089,0.24633886729035448
-0.18481792569734187,0.24658462132835648,0.24606443997430827
-0.18481792569734187,0.24724025767549948,0.24716217038959476
-0.18481792569734187,0.2490244168533163,0.24775071028856321
-0.18481792569734187,0.2499544293077198,0.24745978197746632
-0.18481792569734187,0.24997111474364828,0.24701729511144843
-0.18481792569734187,0.2503757391397971,0.24705708484086786
-0.18481792569734187,0.2506575786755053,0.24869058956144263
-0.18481792569734187,0.25093245546150683,0.24629705977077165
-0.18481792569734187,0.2511599691208454,0.24736820704496187
-0.18481792569734187,0.2516963486896236,0.2473077451465281
-0.18481792569734187,0.25230461296015705,0.24739628890985155
-0.18481792569734187,0.25294112660458445,0.24553513241993508
-0.18481792569734187,0.2531231495644845,0.24486491382989017
-0.18481792569734187,0.253649422561681,0.24697483355712835
-0.18481792569734187,0.25370755095443337,0.2459274671703099
-0.18481792569734187,0.2548362168731378,0.24524887004801776
-0.18481792569734187,0.2552060629066515,0.245164688272149
-0.18481792569734187,0.2552108569421318,0.2449714657483859
-0.18481792569734187,0.2551533685428243,0.2436270689108614
-0.18481792569734187,0.2554027147966147,0.24806340808257143
-0.18481792569734187,0.25677848678530707,0.24481460308369607
-0.18481792569734187,0.25680037368470265,0.2447237881110852
-0.18481792569734187,0.2570245964144782,0.2454511692542275
-0.18481792569734187,0.25718724059143727,0.24583312819815717
-0.18481792569734187,0.2572036375673969,0.24493164936374368
-0.18481792569734187,0.2581853002758215,0.24499812140608124
-0.18481792569734187,0.2583059688043927,0.244913611964502
-0.18481792569734187,0.2593746510109649,0.2458295295110543
-0.18481792569734187,0.2602254499620631,0.2450798442159341
-0.2321752072799727,-0.06437364634322978,0.40106178802320014
-0.2321752072799727,-0.05790290806141454,0.4023583365740444
-0.2321752072799727,-0.05616334368877912,0.40209447635063134
-0.2321752072799727,-0.0523753942569036,0.40089237815627254
-0.2321752072799727,-0.04966000403335728,0.4028882885514846
-0.2321752072799727,-0.0492549759802254,0.40295339461273394
-0.2321752072799727,-0.04730195127193809,0.40141528907093904
-0.2321752072799727,-0.04495990291700589,0.4037684650496012
-0.2321752072799727,-0.044655844039999254,0.4006418394943596
-0.2321752072799727,-0.04068722996859768,0.4041924998448305
-0.2321752072799727,-0.04079739839202127,0.4011171736198791
-0.2321752072799727,-0.036034219849144254,0.4051364332832239
-0.2321752072799727,-0.0318475816123317,0.4036576690746647
-0.2321752072799727,-0.03130703129899229,0.4009524521684913
-0.2321752072799727,-0.028446722459776072,0.4052686273804087
-0.2321752072799727,-0.02525477674550646,0.4028971778820547
-0.2321752072799727,-0.02323246254464753,0.4061551427979526
-0.2321752072799727,-0.021757854337512483,0.40856984577058886
-0.2321752072799727,-0.020543535837714608,0.40176231153318587
-0.2321752072799727,-0.017109759428966052,0.4069691770383794
-0.2321752072799727,-0.014866538165570277,0.4036190714424073
-0.2321752072799727,-0.011243067180074876,0.410372716859591
-0.2321752072799727,-0.007599771571923208,0.4074773316385989
-0.2321752072799727,-0.005851711792467251,0.41017578052040093
-0.2321752072799727,-0.00494263616027249,0.4099548800291628
-0.2321752072799727,-0.00431825682169909,0.40223191668122227
-0.2321752072799727,0.004195950772273953,0.40719044555157735
-0.2321752072799727,0.005291434689336941,0.40675916956445635
-0.2321752072799727,0.008412233453213087,0.40554983889376084
-0.2321752072799727,0.008697082146698884,0.4029807079237564
-0.2321752072799727,0.014254954253547135,0.41338619326427795
-0.2321752072799727,0.0144837720144915,0.41339957450703
-0.2321752072799727,0.01713417103715511,0.4134534953384261
-0.2321752072799727,0.017627404069892612,0.4117456190019657
-0.2321752072799727,0.01895881870812471,0.4052756821489454
-0.2321752072799727,0.022026387648885454,0.4094130555028468
-0.2321752072799727,0.022028951970678508,0.40713352411891246
-0.2321752072799727,0.022846009945380635,0.4099750101277444
-0.2321752072799727,0.025010227676441954,0.40806738325731673
-0.2321752072799727,0.025006399246535763,0.40668044697181727
-0.2321752072799727,0.026515582892201767,0.41435133044174677
-0.2321752072799727,0.027048271656416954,0.410873115152665
-0.2321752072799727,0.02839843153523152,0.4107945521002392
-0.2321752072799727,0.03058566616608122,0.40689140690878456
-0.2321752072799727,0.0315912273277123,0.4173743866863442
-0.2321752072799727,0.03288887780534773,0.41174340190507697
-0.2321752072799727,0.03669418464850957,0.41570486166142406
-0.2321752072799727,0.03721264145588807,0.4088894994270007
-0.2321752072799727,0.03818620877429329,0.40728098184778405
-0.2321752072799727,0.03951377525031727,0.41064347790863587
-0.2321752072799727,0.04201236971510179,0.4166036854820696
-0.2321752072799727,0.046280020526751134,0.4088682850438865
-0.2321752072799727,0.04813656392351313,0.41466807908129666
-0.2321752072799727,0.04794217906123034,0.4080004143211058
-0.2321752072799727,0.04800801835184924,0.4080039905997923
-0.2321752072799727,0.048267041831276704,0.41112188903011515
-0.2321752072799727,0.05049056731464787,0.407273318935504
-0.2321752072799727,0.053992092239032785,0.4152005155903682
-0.2321752072799727,0.055226928390616034,0.41881495651452494
-0.2321752072799727,0.05849939711583068,0.4073704769105395
-0.2321752072799727,0.05884513387063482,0.41047236095953576
-0.2321752072799727,0.05949218082812035,0.41274527934121585
-0.2321752072799727,0.05964591687152318,0.4064375007185126
-0.2321752072799727,0.06097455351591087,0.41345075766827577
-0.2321752072799727,0.061583842433110596,0.4157262031250579
-0.2321752072799727,0.06271586617337857,0.4097646244382467
-0.2321752072799727,0.06435713540682504,0.419900696627195
-0.2321752072799727,0.06440387964027494,0.4152186317217539
-0.2321752072799727,0.06595295722709171,0.4099142595540781
-0.2321752072799727,0.06792755693747919,0.41578403125999586
-0.2321752072799727,0.07133074877117965,0.41976654363451993
-0.2321752072799727,0.07386879802708843,0.41961054427805844
-0.2321752072799727,0.07464965928108809,0.40735746763238945
-0.2321752072799727,0.07740686201996971,0.4149288202106596
-0.2321752072799727,0.0773390856767869,0.4098963189759923
-0.2321752072799727,0.07732117195054766,0.40702470934650803
-0.2321752072799727,0.07774754320892717,0.40769911925447855
-0.2321752072799727,0.08013294758902227,0.41006223636723393
-0.2321752072799727,0.0805187338023187,0.4150909029811838
-0.2321752072799727,0.08135681413658646,0.4181942504807066
-0.2321752072799727,0.08234085015883158,0.4192994845356537
-0.2321752072799727,0.08374975843864788,0.4205015100512608
-0.2321752072799727,0.09920745350363319,0.41883728419550703
-0.2321752072799727,0.09951862084035785,0.42292219901485906
-0.2321752072799727,0.10126409097501754,0.41573232498717005
-0.2321752072799727,0.10205382737586494,0.4128443576059224
-0.2321752072799727,0.10277020480968076,0.40940890516859385
-0.2321752072799727,0.10391839851656333,0.409976389398341
-0.2321752072799727,0.10649462393877221,0.4216801654636111
-0.2321752072799727,0.10709896612451589,0.4117506426078148
-0.2321752072799727,0.1078122939827942,0.4168157796085805
-0.2321752072799727,0.12572501561751337,0.42076550134748203
-0.2321752072799727,0.12676020071661592,0.41006050348548384
-0.2321752072799727,0.12776089747367458,0.4169432822306143
-0.2321752072799727,0.12812155063580355,0.41164865752939717
-0.2321752072799727,0.12916576073307065,0.4129992809259062
-0.2321752072799727,0.13105474850935822,0.41240278317642165
-0.2321752072799727,0.13512320153576104,0.4225527643333249
-0.2321752072799727,0.13491987674928166,0.4183454353262843
-0.2321752072799727,0.14253860266343268,0.4224826848250969
-0.2321752072799727,0.14426822115842283,0.4231238619620059
-0.2321752072799727,0.1467811217165378,0.42392470168127816
-0.2321752072799727,0.1470927312956799,0.42100062029182594
-0.2321752072799727,0.14741088847168943,0.4212085975502917
-0.2321752072799727,0.1515297701380707,0.4186645633450763
-0.2321752072799727,0.15168320308421224,0.4116969511943711
-0.2321752072799727,0.1523937574852484,0.4125520284347952
-0.2321752072799727,0.15265645745600231,0.410805192859119
-0.2321752072799727,0.15422775797091037,0.4164411936922672
-0.2321752072799727,0.15568258030592785,0.4219363133106746
-0.2321752072799727,0.15621411899745735,0.42247321797263426
-0.2321752072799727,0.1571112713298949,0.41434727554132134
-0.2321752072799727,0.16130881401352204,0.4183711239685455
-0.2321752072799727,0.16234443347787106,0.41922415264067836
-0.2321752072799727,0.16332860958629797,0.4220172504725448
-0.2321752072799727,0.1643583395469149,0.41971925621371997
-0.2321752072799727,0.16479144785119604,0.4241226584029425
-0.2321752072799727,0.1664974542859207,0.4192638926489505
-0.2321752072799727,0.1664210412649784,0.41332062410035864
-0.2321752072799727,0.16732387905365861,0.41292484937844276
-0.2321752072799727,0.17004635128441242,0.4122043257605821
-0.2321752072799727,0.17118699554138161,0.4225975558885884
-0.2321752072799727,0.1714986714191285,0.41385823855626347
-0.2321752072799727,0.1720009254301389,0.4167746699533035
-0.2321752072799727,0.1724612345632028,0.41864885969849785
-0.2321752072799727,0.17276473804676967,0.4157669914609152
-0.2321752072799727,0.1745011284764034,0.4182196676779819
-0.2321752072799727,0.1750731133329108,0.4185029448743858
-0.2321752072799727,0.1777147101375943,0.42079301620894793
-0.2321752072799727,0.1794928463154853,0.41849686066014335
-0.2321752072799727,0.17982339449237877,0.4145224044645215
-0.2321752072799727,0.18044580761876483,0.41566891829568875
-0.2321752072799727,0.18064529387837572,0.4138173903068312
-0.2321752072799727,0.18097163331367055,0.41474654417341994
-0.2321752072799727,0.18114781324083923,0.41723126670423816
-0.2321752072799727,0.1842791045379877,0.41441693553150216
-0.2321752072799727,0.18622253349139153,0.41345597991989513
-0.2321752072799727,0.18653906868674844,0.4170630832331301
-0.2321752072799727,0.18785966013062128,0.4235249027416699
-0.2321752072799727,0.18918608074056045,0.4140964203533388
-0.2321752072799727,0.1899554463741569,0.4138609572577132
-0.2321752072799727,0.19053902574830317,0.41848462129137864
-0.2321752072799727,0.19809782989428976,0.4223141566131736
-0.2321752072799727,0.19964750275090715,0.41596489333412534
-0.2321752072799727,0.20026705846082626,0.41336965434063266
-0.2321752072799727,0.20496232185761054,0.4219119955364943
-0.2321752072799727,0.2063827929425204,0.4153459815765388
-0.2321752072799727,0.2118440830433485,0.41461676552465976
-0.2321752072799727,0.21582112455170385,0.4171990768100766
-0.2321752072799727,0.2234679827678545,0.4162632129612207
-0.2321752072799727,0.2240429198874196,0.420662107887686
-0.2321752072799727,0.2274006634335502,0.4152662594255039
-0.2321752072799727,0.2452345126941431,0.41696741084787226
-0.2321752072799727,0.25276972424590155,0.41934873656318983
-0.2321752072799727,0.25281684038442376,0.41615179233912936
-0.2321752072799727,0.25432311909801536,0.4189259297319472
-0.2321752072799727,0.26178912365400564,0.4162034079468284
-0.2321752072799727,0.264570661412884,0.4196006254831006
-0.2321752072799727,0.26484127745942215,0.41961378233854396
-0.2321752072799727,0.2649721271188012,0.41936004824886375
-0.2321752072799727,0.26522700626550066,0.4189224823408766
-0.2321752072799727,0.2738071048307945,0.4186493004940406
-0.2321752072799727,0.27547479311292794,0.4182869148172039
-0.2321752072799727,0.2758283061563448,0.41757197738734186
-0.2321752072799727,0.2765239191508357,0.418182582667912
-0.2321752072799727,0.27713041409508143,0.41785602770070596
-0.2321752072799727,0.27766687620231,0.41624223889573164
-0.2321752072799727,0.27780646054905783,0.4177846652905539
-0.2321752072799727,0.2783178991455705,0.41795027398670626
-0.2321752072799727,0.2793021527598478,0.4183366978667309
-0.2321752072799727,0.27963964589318624,0.4174855723484452
-0.2321752072799727,0.27998308627315777,0.4179034759475211
-0.2321752072799727,0.2800950927370496,0.41790447729282754
-0.2321752072799727,0.28374628035662186,0.4178436982863245
0.2581466501588285,0.026595087915614372,0.38139311543496546
0.2581466501588285,0.03744724993914106,0.38210122983484984
0.2581466501588285,0.0388384911021474,0.38162797847076435
0.2581466501588285,0.04067241992842779,0.3820986614467423
0.2581466501588285,0.04088967272960879,0.3824596131167364
0.2581466501588285,0.04221178161897214,0.38170542200085666
0.2581466501588285,0.043374361700793104,0.3818656098565312
0.2581466501588285,0.048436534089285235,0.3819784425072852
0.2581466501588285,0.04941798416940943,0.3811540631699275
0.2581466501588285,0.05151166000327316,0.3828041640899109
0.2581466501588285,0.057763456124106966,0.38151769179729356
0.2581466501588285,0.0608027577378499,0.37983631759332837
0.2581466501588285,0.0649404283211466,0.3805373196252748
0.2581466501588285,0.0737527628948275,0.38464106048979896
0.2581466501588285,0.07764790600223712,0.3798142797063848
0.2581466501588285,0.08036827997893481,0.3803895047292314
0.2581466501588285,0.08339983763927968,0.37902478865928657
0.2581466501588285,0.08754177870757325,0.3786894218598158
0.2581466501588285,0.09114162990860554,0.37883141955258615
0.2581466501588285,0.09426455246399998,0.3879677920282112
0.2581466501588285,0.09647402093519566,0.3797696210466548
0.2581466501588285,0.1003428511672107,0.3864504874679182
0.2581466501588285,0.10610083207649783,0.3893287970409849
0.2581466501588285,0.11256292740839213,0.37877240026009695
0.2581466501588285,0.1147990985608991,0.37865862760780056
0.2581466501588285,0.1174792059159743,0.38490050806580234
0.2581466501588285,0.11736645544984572,0.3799441128493233
0.2581466501588285,0.12000393126649819,0.3764423645978625
0.2581466501588285,0.12929511097505203,0.3862860187737023
0.2581466501588285,0.13632620771729892,0.3873775516452995
0.2581466501588285,0.14038879049647404,0.39023814300565896
0.2581466501588285,0.14108523551612742,0.3865248543732258
0.2581466501588285,0.14289269317504932,0.3779785661848485
0.2581466501588285,0.14366649313568658,0.3809866458445905
0.2581466501588285,0.1446712061860836,0.3874331675610374
0.2581466501588285,0.1478348895284832,0.37943806340773323
0.2581466501588285,0.14797605493033064,0.3771055503338647
0.2581466501588285,0.1486899993544294,0.37760726713099
0.2581466501588285,0.15048824379383496,0.389778625523584
0.2581466501588285,0.15070464913895154,0.39156446883258056
0.2581466501588285,0.1506274105337572,0.3843693130351975
0.2581466501588285,0.15145648694385794,0.38470824737211706
0.2581466501588285,0.1548654884925202,0.39068324980655245
0.2581466501588285,0.15588803323171344,0.38442032072782095
0.2581466501588285,0.1567617227277533,0.38297730218765125
0.2581466501588285,0.16042551449908743,0.3771736826217915
0.2581466501588285,0.16072519828738469,0.3778340525937216
0.2581466501588285,0.16174359842981834,0.38474423686082937
0.2581466501588285,0.16154951265626694,0.3767701768963476
0.2581466501588285,0.1627164894792388,0.37712007042001505
0.2581466501588285,0.1637253581185423,0.3927111354753383
0.2581466501588285,0.16295773425349716,0.37710428240341387
0.2581466501588285,0.16435083898242578,0.3906591051500634
0.2581466501588285,0.16573303349420504,0.3768858255716738
0.2581466501588285,0.16679381959659847,0.37468132246750163
0.2581466501588285,0.16749320486028976,0.3834816541323651
0.2581466501588285,0.16746994985528202,0.37649067278022397
0.2581466501588285,0.16923532653547677,0.3860267212788866
0.2581466501588285,0.1697097226733069,0.3774860131233142
0.2581466501588285,0.17035619821877768,0.37290278145432176
0.2581466501588285,0.1705134244415867,0.3756993173153993
0.2581466501588285,0.17163585365114425,0.381023001559633
0.2581466501588285,0.17301195404733227,0.3919122707943772
0.2581466501588285,0.17400931173823736,0.3763363615166384
0.2581466501588285,0.17517745058046374,0.38885174841280024
0.2581466501588285,0.1757381699204323,0.3904325032292182
0.2581466501588285,0.1770289782559398,0.39260427311630064
0.2581466501588285,0.17659036265075892,0.37222742686727717
0.2581466501588285,0.17895950721978632,0.38178645147514545
0.2581466501588285,0.17913472095926444,0.3781970050136563
0.2581466501588285,0.1812139127128654,0.3872993987455686
0.2581466501588285,0.18101120797218842,0.374710810197179
0.2581466501588285,0.18196391806440615,0.39134569470818814
0.2581466501588285,0.18262616498497153,0.3890659422337992
0.2581466501588285,0.18411016793146545,0.37125100848666204
0.2581466501588285,0.1850764269837598,0.37439716990083505
0.2581466501588285,0.18639297584827683,0.3780587722732871
0.2581466501588285,0.18775273243989554,0.38829802033528793
0.2581466501588285,0.18794448270157593,0.3874618076556
0.2581466501588285,0.18787895628818585,0.3807025973826321
0.2581466501588285,0.18786649690540863,0.37394353446256834
0.2581466501588285,0.1887507653711129,0.37380517975054683
0.2581466501588285,0.19000668037800417,0.38780089381969796
0.2581466501588285,0.19048237808538104,0.39028191421704306
0.2581466501588285,0.19110351801106917,0.3871406718838013
0.2581466501588285,0.19101152746931896,0.38050755599011965
0.2581466501588285,0.19098621482655792,0.3775186278403344
0.2581466501588285,0.190795196437098,0.3709416395409617
0.2581466501588285,0.19143300269060917,0.37748986209748336
0.2581466501588285,0.19168114793725413,0.3782461717320258
0.2581466501588285,0.19221256823027663,0.3752741257481844
0.2581466501588285,0.19213895384560847,0.37137995959910186
0.2581466501588285,0.1934564084768312,0.3910289087507448
0.2581466501588285,0.19354041367826927,0.3835463405115205
0.2581466501588285,0.19445365199029346,0.38484198909304634
0.2581466501588285,0.19446729034919266,0.374287766433699
0.2581466501588285,0.19584465146982674,0.3913919165630244
0.2581466501588285,0.1951707141568067,0.37406277576808034
0.2581466501588285,0.1955821613584911,0.3810644582819298
0.2581466501588285,0.1960646021571716,0.38882402764479806
0.2581466501588285,0.19739843411644592,0.37535510689368
0.2581466501588285,0.19876682691760292,0.38932294360661723
0.2581466501588285,0.19856967479553722,0.3825009875623717
0.2581466501588285,0.1991501115613012,0.3933130082442915
0.2581466501588285,0.1990558826114492,0.3880705206422008
0.2581466501588285,0.20025041070153887,0.38910370219960244
0.2581466501588285,0.20351490725299043,0.3927377064896884
0.2581466501588285,0.20304601789038565,0.37679395433253826
0.2581466501588285,0.20469954004946728,0.3925211776375135
0.2581466501588285,0.20471109910478,0.3873507278309112
0.2581466501588285,0.20479280217160584,0.3873572247371917
0.2581466501588285,0.2051065901883311,0.39101285519169005
0.2581466501588285,0.20960705665281074,0.39017604318127996
0.2581466501588285,0.20917931727614744,0.37916278627886646
0.2581466501588285,0.2115436920545917,0.3815229181447093
0.2581466501588285,0.21242042049587065,0.3882312257715461
0.2581466501588285,0.21633935884051952,0.3940894500192069
0.2581466501588285,0.2161196241742305,0.38922659207248644
0.2581466501588285,0.21629639647329857,0.3857147090196147
0.2581466501588285,0.2176273354513623,0.38940394596243944
0.2581466501588285,0.21905616780748632,0.3860039275882836
0.2581466501588285,0.22302301152963647,0.3765205251718824
0.2581466501588285,0.2240774910895169,0.3930512626915672
0.2581466501588285,0.22576807773359625,0.3923213315359624
0.2581466501588285,0.22661827292261846,0.38957759838407036
0.2581466501588285,0.2280631968756799,0.3792013923766009
0.2581466501588285,0.22879332712958478,0.38779348794711876
0.2581466501588285,0.2302587945925576,0.3860812690649045
0.2581466501588285,0.2303642279789224,0.3871222585496441
0.2581466501588285,0.2310082780948418,0.3856387207466483
0.2581466501588285,0.2321848668776273,0.38443150496015677
0.2581466501588285,0.23245166850669147,0.38378305242458466
0.2581466501588285,0.23234430035016881,0.3765960068932086
0.2581466501588285,0.2345469987636444,0.38696962047304506
0.2581466501588285,0.23464157899867563,0.370194548242875
0.2581466501588285,0.23617454618443273,0.3916475183068957
0.2581466501588285,0.23588363459083792,0.38168247956758505
0.2581466501588285,0.23737066819236916,0.39104049309607025
0.2581466501588285,0.2396387241842464,0.38257274791089046
0.2581466501588285,0.24205804608688514,0.38051749554356484
0.2581466501588285,0.24376495058414394,0.386568673137867
0.2581466501588285,0.24696712517953415,0.38497663951972405
0.2581466501588285,0.24693964283786635,0.3813145035016976
0.2581466501588285,0.24796577420538934,0.38381540855561136
0.2581466501588285,0.24858973707485682,0.3898457368150292
0.2581466501588285,0.24894035956376373,0.38888838250396174
0.2581466501588285,0.24876542113139602,0.38210015187059754
0.2581466501588285,0.24878570896790628,0.3671315732434499
0.2581466501588285,0.25334935111825985,0.3918384643863313
0.2581466501588285,0.2559445142301324,0.3899159362551987
0.2581466501588285,0.2559727820638315,0.38088213872733245
0.2581466501588285,0.25743627915066747,0.3757713893902763
0.2581466501588285,0.25886832184197645,0.38602120381790983
0.2581466501588285,0.259801147855333,0.38952194833423803
0.2581466501588285,0.2618131891427351,0.38930206351868346
0.2581466501588285,0.2625373793328362,0.38640731532773964
0.2581466501588285,0.2642020018962911,0.3905178817428159
0.2581466501588285,0.26444093858856804,0.3880835470974153
0.2581466501588285,0.26487199713272674,0.3834379526292291
0.2581466501588285,0.26567691281597766,0.38894066613905665
0.2581466501588285,0.2664830600271546,0.3904242356746874
0.2581466501588285,0.26737109255545144,0.389537694315516
0.2581466501588285,0.266606459776045,0.37006628985873924
0.2581466501588285,0.26778779826472304,0.386040399196353
0.2581466501588285,0.2677525259288248,0.38257379179115314
0.2581466501588285,0.2687323959122843,0.3913959917361689
0.2581466501588285,0.2689447931850304,0.38269314619158123
0.2581466501588285,0.2717445850464859,0.3817148564365873
0.2581466501588285,0.2722878280141962,0.3801958045324523
0.2581466501588285,0.2731631326628835,0.3839566757405377
0.2581466501588285,0.27542754221518373,0.37852974931207695
0.2581466501588285,0.27738620256640234,0.3829430005110792
0.2581466501588285,0.27743863224420334,0.3737551682286475
0.2581466501588285,0.2778721449887467,0.380950884662868
0.2581466501588285,0.2795458599836152,0.37130679251906384
0.2581466501588285,0.28554469672231164,0.37862891997370807
0.2581466501588285,0.2865148320435586,0.38311647480749955
0.2581466501588285,0.28890690385532275,0.3846892384860754
0.2581466501588285,0.2887671590104534,0.3783961100739963
0.2581466501588285,0.28914863135891533,0.38448038434716403
0.2581466501588285,0.28923016813912067,0.37832979119526233
0.2581466501588285,0.2898015395201646,0.3779609319696582
0.2581466501588285,0.2944363243053347,0.360489111654268
0.2581466501588285,0.297651396018465,0.37572728892867957
0.2581466501588285,0.297828943521102,0.36309360666508017
0.2581466501588285,0.3036233201170453,0.3893992551122889
0.2581466501588285,0.3090591398137861,0.38134293000708164
0.2581466501588285,0.31485529017687947,0.38941147567202106
0.2581466501588285,0.3177994453739873,0.37754369473581906
0.2581466501588285,0.3186391171982918,0.37468827189393084
0.2581466501588285,0.3193201620653044,0.38087683111245374
0.2581466501588285,0.31891701202874556,0.36367712186147405
0.2581466501588285,0.3205897713152314,0.3851878262271027
0.2581466501588285,0.3208438857993719,0.36543604485538783
0.2581466501588285,0.3225552395236421,0.384374101555244
0.2581466501588285,0.32327216850622953,0.3709380154082744
0.2581466501588285,0.32707555284515766,0.37769909696092685
0.2581466501588285,0.3281685090035626,0.37840442870274393
-0.217595075130482,-0.06364463973575525,0.40106178802320014
-0.217595075130482,-0.05717390145394001,0.4023583365740444
-0.217595075130482,-0.05543433708130458,0.40209447635063134
-0.217595075130482,-0.05164638764942907,0.40089237815627254
-0.217595075130482,-0.04944984501905021,0.40541467492674044
-0.217595075130482,-0.04925988256447529,0.4055989071003625
-0.217595075130482,-0.04893099742588274,0.4028882885514846
-0.217595075130482,-0.04852596937275087,0.40295339461273394
-0.217595075130482,-0.04657294466446356,0.40141528907093904
-0.217595075130482,-0.04423089630953135,0.4037684650496012
-0.217595075130482,-0.04392683743252472,0.4006418394943596
-0.217595075130482,-0.03995822336112314,0.4041924998448305
-0.217595075130482,-0.040068391784546735,0.4011171736198791
-0.217595075130482,-0.03624448196546797,0.40825675498080893
-0.217595075130482,-0.03530521324166972,0.4051364332832239
-0.217595075130482,-0.031789252558539115,0.4079117007974926
-0.217595075130482,-0.03111857500485716,0.4036576690746647
-0.217595075130482,-0.030578024691517755,0.4009524521684913
-0.217595075130482,-0.027717715852301535,0.4052686273804087
-0.217595075130482,-0.024525770138031925,0.4028971778820547
-0.217595075130482,-0.022503455937172998,0.4061551427979526
-0.217595075130482,-0.021028847730037947,0.40856984577058886
-0.217595075130482,-0.019814529230240074,0.40176231153318587
-0.217595075130482,-0.01638075282149152,0.4069691770383794
-0.217595075130482,-0.014572397127565985,0.4109969515410792
-0.217595075130482,-0.014137531558095742,0.4036190714424073
-0.217595075130482,-0.012885420522888486,0.4116777512619425
-0.217595075130482,-0.011756344028707582,0.411358056775065
-0.217595075130482,-0.01051406057260034,0.410372716859591
-0.217595075130482,-0.006870764964448673,0.4074773316385989
-0.217595075130482,-0.0051227051849927156,0.41017578052040093
-0.217595075130482,-0.004213629552797955,0.4099548800291628
-0.217595075130482,-0.003589250214224555,0.40223191668122227
-0.217595075130482,0.0002628644017889422,0.41424086755173795
-0.217595075130482,0.004924957379748488,0.40719044555157735
-0.217595075130482,0.006020441296811476,0.40675916956445635
-0.217595075130482,0.009141240060687622,0.40554983889376084
-0.217595075130482,0.009426088754173419,0.4029807079237564
-0.217595075130482,0.010667720092812706,0.41528761952083637
-0.217595075130482,0.01498396086102167,0.41338619326427795
-0.217595075130482,0.015212778621966034,0.41339957450703
-0.217595075130482,0.015679370866212565,0.41431867801400735
-0.217595075130482,0.01755758882830798,0.4157711619712303
-0.217595075130482,0.017863177644629646,0.4134534953384261
-0.217595075130482,0.018356410677367145,0.4117456190019657
-0.217595075130482,0.019687825315599247,0.4052756821489454
-0.217595075130482,0.022755394256359987,0.4094130555028468
-0.217595075130482,0.02275795857815304,0.40713352411891246
-0.217595075130482,0.02357501655285517,0.4099750101277444
-0.217595075130482,0.025739234283916487,0.40806738325731673
-0.217595075130482,0.025735405854010296,0.40668044697181727
-0.217595075130482,0.027244589499676303,0.41435133044174677
-0.217595075130482,0.027777278263891488,0.410873115152665
-0.217595075130482,0.029127438142706054,0.4107945521002392
-0.217595075130482,0.031314672773555756,0.40689140690878456
-0.217595075130482,0.03232023393518684,0.4173743866863442
-0.217595075130482,0.03333841296129601,0.4166643867928126
-0.217595075130482,0.03361788441282226,0.41174340190507697
-0.217595075130482,0.0374231912559841,0.41570486166142406
-0.217595075130482,0.0379416480633626,0.4088894994270007
-0.217595075130482,0.03891521538176783,0.40728098184778405
-0.217595075130482,0.0402427818577918,0.41064347790863587
-0.217595075130482,0.042741376322576324,0.4166036854820696
-0.217595075130482,0.04700902713422567,0.4088682850438865
-0.217595075130482,0.04886557053098766,0.41466807908129666
-0.217595075130482,0.048671185668704875,0.4080004143211058
-0.217595075130482,0.04873702495932377,0.4080039905997923
-0.217595075130482,0.048996048438751244,0.41112188903011515
-0.217595075130482,0.04986631844577406,0.4199673269399571
-0.217595075130482,0.05121957392212241,0.407273318935504
-0.217595075130482,0.05472109884650732,0.4152005155903682
-0.217595075130482,0.05595593499809057,0.41881495651452494
-0.217595075130482,0.05922840372330521,0.4073704769105395
-0.217595075130482,0.05957414047810936,0.41047236095953576
-0.217595075130482,0.06022118743559489,0.41274527934121585
-0.217595075130482,0.060374923478997713,0.4064375007185126
-0.217595075130482,0.061703560123385404,0.41345075766827577
-0.217595075130482,0.06231284904058513,0.4157262031250579
-0.217595075130482,0.06334883580160121,0.4200805038202451
-0.217595075130482,0.0634448727808531,0.4097646244382467
-0.217595075130482,0.06508614201429958,0.419900696627195
-0.217595075130482,0.06513288624774947,0.4152186317217539
-0.217595075130482,0.06668196383456625,0.4099142595540781
-0.217595075130482,0.06865656354495372,0.41578403125999586
-0.217595075130482,0.07205975537865418,0.41976654363451993
-0.217595075130482,0.07459780463456296,0.41961054427805844
-0.217595075130482,0.07537866588856262,0.40735746763238945
-0.217595075130482,0.07813586862744425,0.4149288202106596
-0.217595075130482,0.07806809228426145,0.4098963189759923
-0.217595075130482,0.0780501785580222,0.40702470934650803
-0.217595075130482,0.0784765498164017,0.40769911925447855
-0.217595075130482,0.0808619541964968,0.41006223636723393
-0.217595075130482,0.08124774040979324,0.4150909029811838
-0.217595075130482,0.082085820744061,0.4181942504807066
-0.217595075130482,0.08306985676630611,0.4192994845356537
-0.217595075130482,0.08447876504612241,0.4205015100512608
-0.217595075130482,0.08473716223107361,0.4208386386366103
-0.217595075130482,0.09904187598975,0.42240917696163294
-0.217595075130482,0.09993646011110772,0.41883728419550703
-0.217595075130482,0.10024762744783239,0.42292219901485906
-0.217595075130482,0.10199309758249207,0.41573232498717005
-0.217595075130482,0.10278283398333947,0.4128443576059224
-0.217595075130482,0.10349921141715529,0.40940890516859385
-0.217595075130482,0.10464740512403786,0.409976389398341
-0.217595075130482,0.10722363054624674,0.4216801654636111
-0.217595075130482,0.10782797273199043,0.4117506426078148
-0.217595075130482,0.10854130059026873,0.4168157796085805
-0.217595075130482,0.1234163134095587,0.4228717023452695
-0.217595075130482,0.12645402222498792,0.42076550134748203
-0.217595075130482,0.12748920732409044,0.41006050348548384
-0.217595075130482,0.1284899040811491,0.4169432822306143
-0.217595075130482,0.1288505572432781,0.41164865752939717
-0.217595075130482,0.1298947673405452,0.4129992809259062
-0.217595075130482,0.13178375511683277,0.41240278317642165
-0.217595075130482,0.13585220814323556,0.4225527643333249
-0.217595075130482,0.13564888335675618,0.4183454353262843
-0.217595075130482,0.13831189472583616,0.423867372824964
-0.217595075130482,0.14326760927090723,0.4224826848250969
-0.217595075130482,0.14499722776589735,0.4231238619620059
-0.217595075130482,0.14751012832401234,0.42392470168127816
-0.217595075130482,0.14782173790315445,0.42100062029182594
-0.217595075130482,0.14813989507916397,0.4212085975502917
-0.217595075130482,0.15225877674554522,0.4186645633450763
-0.217595075130482,0.15241220969168678,0.4116969511943711
-0.217595075130482,0.15312276409272293,0.4125520284347952
-0.217595075130482,0.15338546406347686,0.410805192859119
-0.217595075130482,0.1549567645783849,0.4164411936922672
-0.217595075130482,0.1564115869134024,0.4219363133106746
-0.217595075130482,0.1569431256049319,0.42247321797263426
-0.217595075130482,0.15745329655419105,0.4264739094933512
-0.217595075130482,0.15784027793736943,0.41434727554132134
-0.217595075130482,0.16203782062099656,0.4183711239685455
-0.217595075130482,0.1630734400853456,0.41922415264067836
-0.217595075130482,0.16405761619377252,0.4220172504725448
-0.217595075130482,0.16508734615438944,0.41971925621371997
-0.217595075130482,0.16552045445867059,0.4241226584029425
-0.217595075130482,0.1672264608933952,0.4192638926489505
-0.217595075130482,0.16715004787245294,0.41332062410035864
-0.217595075130482,0.16805288566113316,0.41292484937844276
-0.217595075130482,0.17077535789188697,0.4122043257605821
-0.217595075130482,0.17191600214885616,0.4225975558885884
-0.217595075130482,0.17222767802660305,0.41385823855626347
-0.217595075130482,0.17272993203761342,0.4167746699533035
-0.217595075130482,0.17319024117067736,0.41864885969849785
-0.217595075130482,0.17349374465424422,0.4157669914609152
-0.217595075130482,0.1752301350838779,0.4182196676779819
-0.217595075130482,0.17580211994038533,0.4185029448743858
-0.217595075130482,0.17844371674506881,0.42079301620894793
-0.217595075130482,0.1802218529229598,0.41849686066014335
-0.217595075130482,0.18055240109985332,0.4145224044645215
-0.217595075130482,0.18117481422623938,0.41566891829568875
-0.217595075130482,0.18137430048585026,0.4138173903068312
-0.217595075130482,0.1817006399211451,0.41474654417341994
-0.217595075130482,0.18187681984831375,0.41723126670423816
-0.217595075130482,0.18500811114546226,0.41441693553150216
-0.217595075130482,0.18634426585900882,0.42618350453888487
-0.217595075130482,0.18695154009886608,0.41345597991989513
-0.217595075130482,0.18726807529422296,0.4170630832331301
-0.217595075130482,0.18858866673809582,0.4235249027416699
-0.217595075130482,0.18968182710752166,0.4248572521195899
-0.217595075130482,0.189915087348035,0.4140964203533388
-0.217595075130482,0.19068445298163145,0.4138609572577132
-0.217595075130482,0.19126803235577772,0.41848462129137864
-0.217595075130482,0.19514644705299522,0.4236875721618689
-0.217595075130482,0.19882683650176428,0.4223141566131736
-0.217595075130482,0.2003765093583817,0.41596489333412534
-0.217595075130482,0.20099606506830078,0.41336965434063266
-0.217595075130482,0.2056913284650851,0.4219119955364943
-0.217595075130482,0.20652842996051307,0.42358284356910847
-0.217595075130482,0.20711179954999495,0.4153459815765388
-0.217595075130482,0.21246715592191479,0.4241411830907673
-0.217595075130482,0.21257308965082305,0.41461676552465976
-0.217595075130482,0.21616777895342099,0.424198671880728
-0.217595075130482,0.21634405372987972,0.42419330746269823
-0.217595075130482,0.2165501311591784,0.4171990768100766
-0.217595075130482,0.22014895420302422,0.4228137081512755
-0.217595075130482,0.22399316340665526,0.4247908584144273
-0.217595075130482,0.22419698937532906,0.4162632129612207
-0.217595075130482,0.22477192649489414,0.420662107887686
-0.217595075130482,0.22812967004102472,0.4152662594255039
-0.217595075130482,0.23761032533097298,0.4219741807105395
-0.217595075130482,0.23887059824095574,0.4226590580528409
-0.217595075130482,0.24251177459127127,0.422579776353885
-0.217595075130482,0.24596351930161764,0.41696741084787226
-0.217595075130482,0.2534987308533761,0.41934873656318983
-0.217595075130482,0.2535458469918983,0.41615179233912936
-0.217595075130482,0.25505212570548985,0.4189259297319472
-0.217595075130482,0.2625181302614802,0.4162034079468284
-0.217595075130482,0.26287140290111033,0.419949854653735
-0.217595075130482,0.26290325707358253,0.4202186538919792
-0.217595075130482,0.26304574346703424,0.4202126338228569
-0.217595075130482,0.26529966802035854,0.4196006254831006
-0.217595075130482,0.26557028406689664,0.41961378233854396
-0.217595075130482,0.2657011337262757,0.41936004824886375
-0.217595075130482,0.2659560128729752,0.4189224823408766
-0.217595075130482,0.2663540894873866,0.4196548319425557
-0.217595075130482,0.2664811196986899,0.4205417718640594
-0.217595075130482,0.26669308573123995,0.41995792875890126
-0.217595075130482,0.27036768286131174,0.4204491388192546
-0.217595075130482,0.27084060892990675,0.42074781991592847
-0.217595075130482,0.2708459603700277,0.420351451161306
-0.217595075130482,0.27118104277838845,0.42071440275617
-0.217595075130482,0.273925698687521,0.4192349294618951
-0.217595075130482,0.2742384247099351,0.42047836485835943
-0.217595075130482,0.27453611143826906,0.4186493004940406
-0.217595075130482,0.2748463464759589,0.41904014852398874
-0.217595075130482,0.275376398117356,0.4201835724700924
-0.217595075130482,0.2762037997204025,0.4182869148172039
-0.217595075130482,0.27655731276381934,0.41757197738734186
-0.217595075130482,0.27725292575831023,0.418182582667912
-0.217595075130482,0.277859420702556,0.41785602770070596
-0.217595075130482,0.27839588280978456,0.41624223889573164
-0.217595075130482,0.2785354671565323,0.4177846652905539
-0.217595075130482,0.279046905753045,0.41795027398670626
-0.217595075130482,0.27962383074889013,0.41885454595586125
-0.217595075130482,0.28003115936732237,0.4183366978667309
-0.217595075130482,0.28036865250066073,0.4174855723484452
-0.217595075130482,0.28071209288063226,0.4179034759475211
-0.217595075130482,0.2808240993445241,0.41790447729282754
-0.217595075130482,0.28285068128874613,0.418779858287716
-0.217595075130482,0.28447528696409635,0.4178436982863245
